; z80bench listing — .
;
; ADDR   BYTES     ASCII  LABEL         MNEM  OPERANDS COMMENT
;

                     ; Initialisation of the computer
                     START:
0000  F3       .                   di                   ; Main entry point from RESET
0001  AF       .                   xor   a              ; Clear A (color index 0)
0002  320068   2.h                 ld    (0x6800),a     ; Set background color (black)
0005  C37406   .t.                 jp    0x0674         ; Jump to RESET part 1 (at 0674H)
                     ;
                     ; *****************************************************************
                     RST08_VEC:
0008  C30078   ..x                 jp    0x7800         ; RST 08H: Jump to RAM hook at 7800H (SYNCHR
                     ;
                     ; Not used in VZ200
000B  E1       .                   pop   hl             ; Pop return address to HL
000C  E9       .                   jp    (hl)           ; Jump to HL (return to caller)
000D  000000   ...                 DEFB  0x00,0x00,0x00
                     RST10_VEC:
0010  C30378   ..x                 jp    0x7803         ; RST 10H: Jump to RAM hook at 7803H (CHRGOT
                     ; Reading a character via Device Control Block (DCB)
                     GET_CHAR_DCB:
0013  C5       .                   push  bc             ; Read character via DCB
0014  0601     ..                  ld    b,0x01         ; Set B for DCB check
0016  182E     ..                  jr    $+48           ; Jump to DCB dispatcher
                     RST18_VEC:
0018  C30678   ..x                 jp    0x7806         ; RST 18H: Jump to RAM hook at 7806H (CMPHDE
                     ; Output of a character via Device Control Block (DCB)
                     PUT_CHAR_DCB:
001B  C5       .                   push  bc             ; Output character via DCB
001C  0602     ..                  ld    b,0x02         ; Set B for DCB check
001E  1826     .&                  jr    $+40           ; Jump to DCB dispatcher
                     RST20_VEC:
0020  C30978   ..x                 jp    0x7809         ; RST 20H: Jump to RAM hook at 7809H (TSTTYP
0023  C5       .                   push  bc             ; Unused code path (GET_CHAR skip)
0024  0604     ..                  ld    b,0x04         ; Set B for DCB check
0026  181E     ..                  jr    $+32           ; Jump to DCB dispatcher
                     RST28_VEC:
0028  C30C78   ..x                 jp    0x780C         ; RST 28H: Jump to RAM hook at 780CH
                     ; Keyboard query
                     KBD_QUERY:
002B  111578   ..x                 ld    de,0x7815      ; Load keyboard DCB address
002E  18E3     ..                  jr    $-27           ; Continue keyboard routine
                     RST30_VEC:
0030  C30F78   ..x                 jp    0x780F         ; RST 30H: Jump to RAM hook at 780FH
                     ; Screen output via DCB
                     SCR_OUT_DCB:
0033  111D78   ..x                 ld    de,0x781D      ; Load screen DCB address
0036  18E3     ..                  jr    $-27           ; Continue output routine
                     RST38_VEC:
0038  C3B82E   ...                 jp    0x2EB8         ; RST 38H: Jump to Interrupt Service Routine
                     ; Printer output via Device Control Block (DCB)
                     PRN_OUT_DCB:
003B  112578   .%x                 ld    de,0x7825      ; Load printer DCB address
003E  18DB     ..                  jr    $-35           ; Continue output routine
0040  C3FD2E   ...                 jp    0x2EFD         ; Jump to keyboard read routine (2EFDH)
0043  C9       .                   ret                  ; Return from unused path
0044  0000     ..                  DEFB  0x00,0x00
                     DCB_CALL:
0046  C3C203   ...                 jp    0x03C2         ; Jump to DCB dispatcher (0674H)
                     ; Keyboard query waits until a key is pressed
                     KBD_WAIT:
0049  CD2B00   .+.                 call  KBD_QUERY      ; Call keyboard scan (002BH)
004C  B7       .                   or    a              ; Key pressed?
004D  C0       .                   ret   nz             ; Yes, return
004E  18F9     ..                  jr    $-5            ; No, wait
                     ;
                     ; *****************************************************************
                     ;
                     ; Save character from cursor position
                     GET_CURSOR_CHAR:
0050  2A2078   * x                 ld    hl,(0x7820)    ; Load cursor address (7820H)
0053  7E       ~                   ld    a,(hl)         ; Load character from cursor position
0054  323C78   2<x                 ld    (0x783C),a     ; Save character to 783CH
0057  C9       .                   ret                  ; Return
                     ; not used in vz200
0058  4CFE5420 L.T                 DEFB  0x4C,0xFE,0x54,0x20
005C  D6FD21F1 ..!.                DEFB  0xD6,0xFD,0x21,0xF1
                     ;
                     ; Delay loop (input: register BC determines duration)
                     DELAY_LOOP:
0060  0B       .                   dec   bc             ; Decrement BC
0061  78       x                   ld    a,b            ; B = 0?
0062  B1       .                   or    c              ; C = 0?
0063  20FB      .                  jr    nz,$-3         ; No, continue loop
0065  C9       .                   ret                  ; Yes, return
                     ; Interupt vector for 'Non maskable interrupts'
                     NMI_VEC:
0066  310006   1..                 ld    sp,0x0600      ; Set stack pointer to 6000H
0069  3AEC68   :.h                 ld    a,(0x68EC)     ; Load latch byte from 68ECH
006C  3C       <                   inc   a              ; Increment A
006D  FE02     ..                  cp    0x02           ; CP 2
006F  D20000   ...                 jp    nc,START       ; Jump if NC to cold start (0000H)
0072  C3CC06   ...                 jp    0x06CC         ; Jump to warm start (06CCH)
                     ; BASIC initialisation part 2
                     BASIC_INIT_2:
0075  118078   ..x                 ld    de,0x7880      ; Destination: 7880H (RAM hooks)
0078  21F718   !..                 ld    hl,0x18F7      ; Source: 18F7H
007B  012700   .'.                 ld    bc,0x0027      ; Length: 27H bytes
007E  EDB0     ..                  ldir                 ; Copy routines to RAM
                     ; Set up I/O buffer
                     INIT_IO_BUF:
0080  21E579   !.y                 ld    hl,0x79E5      ; Load I/O buffer start (79E5H)
0083  363A     6:                  ld    (hl),0x3A      ; Store ':' prompt
0085  23       #                   inc   hl             ; Increment HL
0086  70       p                   ld    (hl),b         ; Store character from B
0087  23       #                   inc   hl             ; Increment HL
0088  362C     6,                  ld    (hl),0x2C      ; Store ',' character
008A  23       #                   inc   hl             ; Increment HL
008B  22A778   ".x                 ld    (0x78A7),hl    ; Save I/O buffer pointer to 78A7H
                     ; Initialisation of the DOS error hooks (RAM: 7952H)
                     INIT_DOS_HOOKS:
008E  112D01   .-.                 ld    de,ERROR_L3    ; Address of L3 error handler (012DH)
0091  061C     ..                  ld    b,0x1C         ; 28 DOS commands to initialize
0093  215279   !Ry                 ld    hl,ERCALL      ; RAM hook table address (7952H)
                     INIT_DOS_LOOP:
0096  36C3     6.                  ld    (hl),0xC3      ; Store JP opcode (0xC3)
0098  23       #                   inc   hl             ; Increment RAM pointer
0099  73       s                   ld    (hl),e         ; Low byte of L3 handler
009A  23       #                   inc   hl             ; Increment RAM pointer
009B  72       r                   ld    (hl),d         ; High byte of L3 handler
009C  23       #                   inc   hl             ; Increment RAM pointer
009D  10F7     ..                  djnz  $-7            ; Loop for 28 entries
                     ; Initialisation of the DOS exits with RET (RAM: 79A6H)
                     INIT_DOS_EXITS:
009F  0615     ..                  ld    b,0x15         ; 21 DOS exits to initialize
                     INIT_EXIT_LOOP:
00A1  36C9     6.                  ld    (hl),0xC9      ; Store RET opcode (0xC9)
00A3  23       #                   inc   hl             ; Advance 3 bytes (unused JP slot)
00A4  23       #                   inc   hl
00A5  23       #                   inc   hl
00A6  10F9     ..                  djnz  $-5            ; Loop for 21 entries
                     ; End of BASIC initialisation
                     INIT_BASIC_FINISH:
00A8  21E87A   !.z                 ld    hl,0x7AE8      ; Load start of user RAM (7AE8H)
00AB  70       p                   ld    (hl),b         ; Initialize it to zero
00AC  31F879   1.y                 ld    sp,0x79F8      ; Set temporary stack pointer (79F8H)
00AF  CD8F1B   ...                 call  STKINI         ; Initialize stack and variables (STKINI)
00B2  CDC901   ...                 call  CLRSCR         ; Clear screen and home cursor (CLRSCR)
00B5  00       .                   nop   
00B6  00       .                   nop   
00B7  00       .                   nop   
00B8  00       .                   nop   
00B9  00       .                   nop   
00BA  00       .                   nop   
00BB  00       .                   nop   
00BC  00       .                   nop   
00BD  00       .                   nop   
                     ; Skip memory test
                     SKIP_MEM_TEST:
00BE  1804     ..                  jr    $+6            ; Jump to memory test routine
00C0  D7       .                   rst   0x10
00C1  B7       .                   or    a
00C2  2012      .                  jr    nz,$+20
                     ; Memory test (memory size check)
                     MEM_TEST:
00C4  214C7B   !L{                 ld    hl,0x7B4C      ; Start of RAM check (7B4CH)
                     MEM_TEST_LOOP:
00C7  23       #                   inc   hl             ; Next ram location
00C8  7C       |                   ld    a,h            ; Get MSB
00C9  B5       .                   or    l              ; Get LSB
00CA  281B     (.                  jr    z,$+29         ; End of memory if zero (HIMEM)
00CC  7E       ~                   ld    a,(hl)         ; Get byte from memory
00CD  47       G                   ld    b,a            ; Save original byte in B
00CE  2F       /                   cpl                  ; Complement byte for test
00CF  77       w                   ld    (hl),a         ; Write to memory
00D0  BE       .                   cp    (hl)           ; Check if it was stored correctly
00D1  70       p                   ld    (hl),b         ; Restore original byte
00D2  28F3     (.                  jr    z,$-11         ; Loop back if memory exists
00D4  1811     ..                  jr    $+19
                     ;
                     ; ***********************************************************
                     ; unused code in VZ200 pr. G. Wolf book
                     ;
                     ; Symbol name from Level II listing for TRS 80  
                     ;
                     ; TODO: Document from TRS 80 listing.
                     ; ***********************************************************
                     MEM_SIZE_INPUT:
00D6  CD5A1E   .Z.                 call  0x1E5A         ; Handle memory size input
00D9  B7       .                   or    a
00DA  C29719   ...                 jp    nz,0x1997
00DD  EB       .                   ex    de,hl
00DE  2B       +                   dec   hl
00DF  3E8F     >.                  ld    a,0x8F
00E1  46       F                   ld    b,(hl)
00E2  77       w                   ld    (hl),a
00E3  BE       .                   cp    (hl)
00E4  70       p                   ld    (hl),b
00E5  20CE      .                  jr    nz,$-48
                     ;
                     ; ***********************************************************
                     ;
                     ; Set end of memory for BASIC
00E7  2B       +                   dec   hl             ; address of the last byte
00E8  11147C   ..|                 ld    de,0x7C14      ; at least 1868 bytes must be free
00EB  DF       .                   rst   0x18           ; check free memory
00EC  DA7A19   .z.                 jp    c,0x197A       ; otherwise: OUT OF MEMORY error (197AH)
00EF  11CEFF   ...                 ld    de,0xFFCE      ; DE = -50 (FFCE is 2s comp. -50)
00F2  22B178   ".x                 ld    (0x78B1),hl    ; store end-of-memory address (@ 78B1H)
00F5  19       .                   add   hl,de          ; HL = end of memory - 50
00F6  22A078   ".x                 ld    (0x78A0),hl    ; = start of string space - 1
                     INIT_VARS_2:
00F9  CD4D1B   .M.                 call  0x1B4D         ; call the NEW routine (1B4DH)
00FC  CD8434   ..4                 call  0x3484         ; initialize counters and pointers (3484H)
00FF  210F01   !..                 ld    hl,0x010F      ; Load banner string address (010FH)
0102  CDA728   ..(                 call  OUTSTR         ; Print banner string (OUTSTR)
0105  ED56     .V                  im    1              ; Set Interrupt Mode 1
0107  C38E06   ...                 jp    0x068E         ; Jump to memory expansion check (068EH)
010A  007E23FE .~#.                DEFB  0x00,0x7E,0x23,0xFE ; Artifact? No caller
010E  0D       .                   DEFB  0x0D
                     ; Banner-Text: VIDEO TECHNOLOGY BASIC V2.0
010F  56494445 VIDE                DEFM  "VIDEO TECHNOLOGY"
      4F205445 O TE  
      43484E4F CHNO  
      4C4F4759 LOGY  
011F  0D       .                   DEFB  0x0D
0120  42415349 BASI                DEFM  "BASIC V2.0"
      43205632 C V2  
      2E30     .0    
012A  0D0D00   ...                 DEFB  0x0D,0x0D,0x00 ; term with 00
                     ; L3 Error Handler (?L3 ERROR)
                     ERROR_L3:
012D  1E2C     .,                  ld    e,0x2C         ; Load error code 44 (L3 Error)
012F  C3A219   ...                 jp    ERROR_HANDLER  ; Jump to main error handler
0132  D7       .                   rst   0x10
0133  AF       .                   xor   a
0134  013E80   .>.                 ld    bc,0x803E
0137  013E01   .>.                 ld    bc,0x013E
013A  F5       .                   push  af
013B  CF       .                   rst   8
013C  28CD     (.                  jr    z,$-49
013E  1C       .                   inc   e
013F  2B       +                   dec   hl
0140  FE80     ..                  cp    0x80
0142  D24A1E   .J.                 jp    nc,0x1E4A
0145  F5       .                   push  af
0146  CF       .                   rst   8
0147  2C       ,                   inc   l
0148  CD1C2B   ..+                 call  0x2B1C
014B  FE40     .@                  cp    0x40
014D  D24A1E   .J.                 jp    nc,0x1E4A
0150  5F       _                   ld    e,a
0151  AF       .                   xor   a
0152  57       W                   ld    d,a
0153  EB       .                   ex    de,hl
0154  29       )                   add   hl,hl
0155  29       )                   add   hl,hl
0156  29       )                   add   hl,hl
0157  29       )                   add   hl,hl
0158  29       )                   add   hl,hl
0159  EB       .                   ex    de,hl
015A  F1       .                   pop   af
015B  F5       .                   push  af
015C  CB3F     .?                  srl   a
015E  CB3F     .?                  srl   a
0160  83       .                   add   a,e
0161  5F       _                   ld    e,a
0162  7A       z                   ld    a,d
0163  F670     .p                  or    0x70
0165  57       W                   ld    d,a
0166  F1       .                   pop   af
0167  E603     ..                  and   0x03
0169  87       .                   add   a,a
016A  47       G                   ld    b,a
016B  F1       .                   pop   af
016C  B7       .                   or    a
016D  CAE738   ..8                 jp    z,0x38E7
0170  F5       .                   push  af
0171  0E3F     .?                  ld    c,0x3F
0173  3A4678   :Fx                 ld    a,(0x7846)
0176  CB27     .'                  sla   a
0178  CB27     .'                  sla   a
017A  CB0F     ..                  rrc   a
017C  CB09     ..                  rrc   c
017E  10FA     ..                  djnz  $-4
0180  C30339   ..9                 jp    0x3903
0183  213978   !9x                 ld    hl,0x7839
0186  CB9E     ..                  res   3,(hl)
0188  218403   !..                 ld    hl,0x0384
018B  CDA728   ..(                 call  OUTSTR
018E  C3CF36   ..6                 jp    0x36CF
0191  F1       .                   pop   af
0192  FE20     .                   cp    0x20
0194  2014      .                  jr    nz,$+22
0196  1A       .                   ld    a,(de)
0197  13       .                   inc   de
0198  FE20     .                   cp    0x20
019A  28FA     (.                  jr    z,$-4
019C  FED7     ..                  cp    0xD7
019E  E5       .                   push  hl
019F  3A9978   :.x                 ld    a,(0x7899)
01A2  B7       .                   or    a
01A3  2006      .                  jr    nz,$+8
01A5  CD5803   .X.                 call  0x0358
01A8  B7       .                   or    a
01A9  2811     (.                  jr    z,$+19
01AB  F5       .                   push  af
01AC  AF       .                   xor   a
01AD  329978   2.x                 ld    (0x7899),a
01B0  3C       <                   inc   a
01B1  CD5728   .W(                 call  0x2857
01B4  F1       .                   pop   af
01B5  2AD478   *.x                 ld    hl,(0x78D4)
01B8  77       w                   ld    (hl),a
01B9  C38428   ..(                 jp    0x2884
01BC  212819   !(.                 ld    hl,0x1928
01BF  222179   "!y                 ld    (0x7921),hl
01C2  3E03     >.                  ld    a,0x03
01C4  32AF78   2.x                 ld    (0x78AF),a
01C7  E1       .                   pop   hl
01C8  C9       .                   ret   
01C9  3E1C     >.                  ld    a,0x1C
01CB  CD3A03   .:.                 call  0x033A
01CE  3E1F     >.                  ld    a,0x1F
01D0  C33A03   .:.                 jp    0x033A
01D3  ED5F     ._                  ld    a,r
01D5  32AB78   2.x                 ld    (0x78AB),a
01D8  C9       .                   ret   
01D9  54       T                   ld    d,h
01DA  47       G                   ld    b,a
01DB  42       B                   ld    b,d
01DC  35       5                   dec   (hl)
01DD  4E       N                   ld    c,(hl)
01DE  3659     6Y                  ld    (hl),0x59
01E0  48       H                   ld    c,b
01E1  57       W                   ld    d,a
01E2  53       S                   ld    d,e
01E3  58       X                   ld    e,b
01E4  322E39   2.9                 ld    (0x392E),a
01E7  4F       O                   ld    c,a
01E8  4C       L                   ld    c,h
01E9  00       .                   nop   
01EA  00       .                   nop   
01EB  00       .                   nop   
01EC  00       .                   nop   
01ED  00       .                   nop   
01EE  2D       -                   dec   l
01EF  0D       .                   dec   c
01F0  3A4544   :ED                 ld    a,(0x4445)
01F3  43       C                   ld    b,e
01F4  33       3                   inc   sp
01F5  2C       ,                   inc   l
01F6  3849     8I                  jr    c,$+75
01F8  4B       K                   ld    c,e
01F9  51       Q                   ld    d,c
01FA  41       A                   ld    b,c
01FB  5A       Z                   ld    e,d
01FC  312030   1 0                 ld    sp,0x3020
01FF  50       P                   ld    d,b
0200  3B       ;                   dec   sp
0201  52       R                   ld    d,d
0202  46       F                   ld    b,(hl)
0203  56       V                   ld    d,(hl)
0204  34       4                   inc   (hl)
0205  4D       M                   ld    c,l
0206  37       7                   scf   
0207  55       U                   ld    d,l
0208  4A       J                   ld    c,d
0209  8C       .                   adc   a,h
020A  89       .                   adc   a,c
020B  00       .                   nop   
020C  25       %                   dec   h
020D  5E       ^                   ld    e,(hl)
020E  2683     &.                  ld    h,0x83
0210  86       .                   add   a,(hl)
0211  8D       .                   adc   a,l
0212  82       .                   add   a,d
0213  00       .                   nop   
0214  223E29   ">)                 ld    (0x293E),hl
0217  5B       [                   ld    e,e
0218  3F       ?                   ccf   
0219  00       .                   nop   
021A  00       .                   nop   
021B  00       .                   nop   
021C  00       .                   nop   
021D  00       .                   nop   
021E  3D       =                   dec   a
021F  0D       .                   dec   c
0220  2A8B84   *..                 ld    hl,(0x848B)
0223  00       .                   nop   
0224  23       #                   inc   hl
0225  3C       <                   inc   a
0226  2885     (.                  jr    z,$-121
0228  2F       /                   cpl   
0229  8E       .                   adc   a,(hl)
022A  81       .                   add   a,c
022B  80       .                   add   a,b
022C  212040   ! @                 ld    hl,0x4020
022F  5D       ]                   ld    e,l
0230  2B       +                   dec   hl
0231  87       .                   add   a,a
0232  88       .                   adc   a,b
0233  00       .                   nop   
0234  24       $                   inc   h
0235  5C       \                   ld    e,h
0236  27       '                   daa   
0237  8A       .                   adc   a,d
0238  8F       .                   adc   a,a
0239  CA8DB5   ...                 jp    z,0xB58D
023C  B4       .                   or    h
023D  97       .                   sub   a
023E  8E       .                   adc   a,(hl)
023F  95       .                   sub   l
0240  84       .                   add   a,h
0241  BD       .                   cp    l
0242  CCB1B9   ...                 call  z,0xB9B1
0245  1B       .                   dec   de
0246  8B       .                   adc   a,e
0247  8C       .                   adc   a,h
0248  15       .                   dec   d
0249  00       .                   nop   
024A  00       .                   nop   
024B  00       .                   nop   
024C  00       .                   nop   
024D  00       .                   nop   
024E  010000   ...                 ld    bc,START
0251  87       .                   add   a,a
0252  8A       .                   adc   a,d
0253  B3       .                   or    e
0254  9C       .                   sbc   a,h
0255  09       .                   add   hl,bc
0256  BB       .                   cp    e
0257  89       .                   adc   a,c
0258  BC       .                   cp    h
0259  81       .                   add   a,c
025A  9D       .                   sbc   a,l
025B  E5       .                   push  hl
025C  BA       .                   cp    d
025D  0A       .                   ld    a,(bc)
025E  88       .                   adc   a,b
025F  B2       .                   or    d
0260  7F       .                   ld    a,a
0261  92       .                   sub   d
0262  91       .                   sub   c
0263  AF       .                   xor   a
0264  98       .                   sbc   a,b
0265  08       .                   ex    af,af'
0266  80       .                   add   a,b
0267  8F       .                   adc   a,a
0268  93       .                   sub   e
0269  FA949E   ...                 jp    m,0x9E94
026C  DF       .                   rst   0x18
026D  BF       .                   cp    a
026E  E0       .                   ret   po
026F  F9       .                   ld    sp,hl
0270  83       .                   add   a,e
0271  F5       .                   push  af
0272  F4A0E1   ...                 call  p,0xE1A0
0275  00       .                   nop   
0276  D9       .                   exx   
0277  D300     ..                  out   (0x00),a
0279  00       .                   nop   
027A  00       .                   nop   
027B  00       .                   nop   
027C  00       .                   nop   
027D  00       .                   nop   
027E  010000   ...                 ld    bc,START
0281  F3       .                   di    
0282  90       .                   sub   b
0283  96       .                   sub   (hl)
0284  E3       .                   ex    (sp),hl
0285  00       .                   nop   
0286  DDD2C6   ...                 defb  0x00DD,0x00D2,0x00C6
0289  F7       .                   rst   0x30
028A  F6DB     ..                  or    0xDB
028C  E200D8   ...                 jp    po,0xD800
028F  CB00     ..                  rlc   b
0291  F8       .                   ret   m
0292  DEC1     ..                  sbc   a,0xC1
0294  E400D7   ...                 call  po,0xD700
0297  C9       .                   ret   
0298  82       .                   add   a,d
0299  E2E1E3   ...                 jp    po,0xE3E1
029C  E4DFE0   ...                 call  po,0xE0DF
029F  D7       .                   rst   0x10
02A0  DDD9D8   ...                 defb  0x00DD,0x00D9,0x00D8
02A3  F7       .                   rst   0x30
02A4  F5       .                   push  af
02A5  F3       .                   di    
02A6  F8       .                   ret   m
02A7  F7       .                   rst   0x30
02A8  F9       .                   ld    sp,hl
02A9  9D       .                   sbc   a,l
02AA  F6F4     ..                  or    0xF4
02AC  DEE5     ..                  sbc   a,0xE5
02AE  FA8080   ...                 jp    m,0x8080
02B1  80       .                   add   a,b
02B2  B8       .                   cp    b
02B3  B8       .                   cp    b
02B4  80       .                   add   a,b
02B5  B8       .                   cp    b
02B6  B8       .                   cp    b
02B7  80       .                   add   a,b
02B8  87       .                   add   a,a
02B9  80       .                   add   a,b
02BA  BF       .                   cp    a
02BB  B8       .                   cp    b
02BC  87       .                   add   a,a
02BD  B8       .                   cp    b
02BE  BF       .                   cp    a
02BF  87       .                   add   a,a
02C0  80       .                   add   a,b
02C1  87       .                   add   a,a
02C2  B8       .                   cp    b
02C3  BF       .                   cp    a
02C4  80       .                   add   a,b
02C5  BF       .                   cp    a
02C6  B8       .                   cp    b
02C7  87       .                   add   a,a
02C8  87       .                   add   a,a
02C9  87       .                   add   a,a
02CA  BF       .                   cp    a
02CB  BF       .                   cp    a
02CC  87       .                   add   a,a
02CD  BF       .                   cp    a
02CE  BF       .                   cp    a
02CF  72       r                   ld    (hl),d
02D0  02       .                   ld    (bc),a
02D1  4F       O                   ld    c,a
02D2  02       .                   ld    (bc),a
02D3  2E02     ..                  ld    l,0x02
02D5  0E02     ..                  ld    c,0x02
02D7  F1       .                   pop   af
02D8  01D501   ...                 ld    bc,0x01D5
02DB  B7       .                   or    a
02DC  019E01   ...                 ld    bc,0x019E
02DF  86       .                   add   a,(hl)
02E0  017001   .p.                 ld    bc,0x0170
02E3  5B       [                   ld    e,e
02E4  014801   .H.                 ld    bc,0x0148
02E7  35       5                   dec   (hl)
02E8  012301   .#.                 ld    bc,0x0123
02EB  13       .                   inc   de
02EC  010301   ...                 ld    bc,0x0103
02EF  F400E6   ...                 call  p,0xE600
02F2  00       .                   nop   
02F3  D9       .                   exx   
02F4  00       .                   nop   
02F5  CD00C1   ...                 call  0xC100
02F8  00       .                   nop   
02F9  B6       .                   or    (hl)
02FA  00       .                   nop   
02FB  AB       .                   xor   e
02FC  00       .                   nop   
02FD  A1       .                   and   c
02FE  00       .                   nop   
02FF  98       .                   sbc   a,b
0300  00       .                   nop   
0301  8F       .                   adc   a,a
0302  00       .                   nop   
0303  87       .                   add   a,a
0304  00       .                   nop   
0305  7F       .                   ld    a,a
0306  00       .                   nop   
0307  78       x                   ld    a,b
0308  00       .                   nop   
0309  70       p                   ld    (hl),b
030A  00       .                   nop   
030B  6A       j                   ld    l,d
030C  00       .                   nop   
030D  47       G                   ld    b,a
030E  3A3C78   :<x                 ld    a,(0x783C)
0311  2A2078   * x                 ld    hl,(0x7820)
0314  77       w                   ld    (hl),a
0315  78       x                   ld    a,b
0316  C9       .                   ret   
0317  012000   . .                 ld    bc,RST20_VEC
031A  B7       .                   or    a
031B  ED42     .B                  sbc   hl,bc
031D  222078   " x                 ld    (0x7820),hl
0320  C9       .                   ret   
0321  010203   ...                 ld    bc,0x0302
0324  04       .                   inc   b
0325  0608     ..                  ld    b,0x08
0327  0C       .                   inc   c
0328  1018     ..                  djnz  $+26
032A  C5       .                   push  bc
032B  4F       O                   ld    c,a
032C  CDC179   ..y                 call  0x79C1
032F  3A9C78   :.x                 ld    a,(0x789C)
0332  B7       .                   or    a
0333  79       y                   ld    a,c
0334  C1       .                   pop   bc
0335  FA543B   .T;                 jp    m,0x3B54
0338  2062      b                  jr    nz,$+100
033A  D5       .                   push  de
033B  F5       .                   push  af
033C  C5       .                   push  bc
033D  E5       .                   push  hl
033E  CD8B30   ..0                 call  0x308B
0341  E1       .                   pop   hl
0342  C1       .                   pop   bc
0343  00       .                   nop   
0344  00       .                   nop   
0345  F1       .                   pop   af
0346  D1       .                   pop   de
0347  C9       .                   ret   
0348  3A3D78   :=x                 ld    a,(0x783D)
034B  E608     ..                  and   0x08
034D  3A2078   : x                 ld    a,(0x7820)
0350  2803     (.                  jr    z,$+5
0352  0F       .                   rrca  
0353  E61F     ..                  and   0x1F
0355  E61F     ..                  and   0x1F
0357  C9       .                   ret   
0358  CDC479   ..y                 call  0x79C4
035B  D5       .                   push  de
035C  CD2B00   .+.                 call  KBD_QUERY
035F  D1       .                   pop   de
0360  C9       .                   ret   
0361  0A       .                   ld    a,(bc)
0362  0B       .                   dec   bc
0363  0C       .                   inc   c
0364  0C       .                   inc   c
0365  0D       .                   dec   c
0366  0E0F     ..                  ld    c,0x0F
0368  0F       .                   rrca  
0369  1011     ..                  djnz  $+19
036B  12       .                   ld    (de),a
036C  13       .                   inc   de
036D  15       .                   dec   d
036E  1617     ..                  ld    d,0x17
0370  19       .                   add   hl,de
0371  1A       .                   ld    a,(de)
0372  1C       .                   inc   e
0373  1D       .                   dec   e
0374  1F       .                   rra   
0375  212325   !#%                 ld    hl,0x2523
0378  27       '                   daa   
0379  29       )                   add   hl,hl
037A  2C       ,                   inc   l
037B  2E31     .1                  ld    l,0x31
037D  34       4                   inc   (hl)
037E  35       5                   dec   (hl)
037F  3A4F4B   :OK                 ld    a,(0x4B4F)
0382  0D       .                   dec   c
0383  00       .                   nop   
0384  45       E                   ld    b,l
0385  52       R                   ld    d,d
0386  52       R                   ld    d,d
0387  4F       O                   ld    c,a
0388  52       R                   ld    d,d
0389  0D       .                   dec   c
038A  00       .                   nop   
038B  AF       .                   xor   a
038C  329C78   2.x                 ld    (0x789C),a
038F  3A9B78   :.x                 ld    a,(0x789B)
0392  B7       .                   or    a
0393  C8       .                   ret   z
0394  3E0D     >.                  ld    a,0x0D
0396  D5       .                   push  de
0397  CD9C03   ...                 call  0x039C
039A  D1       .                   pop   de
039B  C9       .                   ret   
039C  F5       .                   push  af
039D  D5       .                   push  de
039E  C5       .                   push  bc
039F  4F       O                   ld    c,a
03A0  1E00     ..                  ld    e,0x00
03A2  FE0C     ..                  cp    0x0C
03A4  2810     (.                  jr    z,$+18
03A6  FE0A     ..                  cp    0x0A
03A8  2003      .                  jr    nz,$+5
03AA  3E0D     >.                  ld    a,0x0D
03AC  4F       O                   ld    c,a
03AD  FE0D     ..                  cp    0x0D
03AF  2805     (.                  jr    z,$+7
03B1  3A9B78   :.x                 ld    a,(0x789B)
03B4  3C       <                   inc   a
03B5  5F       _                   ld    e,a
03B6  7B       {                   ld    a,e
03B7  329B78   2.x                 ld    (0x789B),a
03BA  79       y                   ld    a,c
03BB  CD3B00   .;.                 call  PRN_OUT_DCB
03BE  C1       .                   pop   bc
03BF  D1       .                   pop   de
03C0  F1       .                   pop   af
03C1  C9       .                   ret   
03C2  E5       .                   push  hl
03C3  DDE5     ..                  push  ix
03C5  D5       .                   push  de
03C6  DDE1     ..                  pop   ix
03C8  D5       .                   push  de
03C9  21DD03   !..                 ld    hl,0x03DD
03CC  E5       .                   push  hl
03CD  4F       O                   ld    c,a
03CE  1A       .                   ld    a,(de)
03CF  A0       .                   and   b
03D0  B8       .                   cp    b
03D1  C23378   .3x                 jp    nz,0x7833
03D4  FE02     ..                  cp    0x02
03D6  DD6E01   .n.                 ld    l,(ix+0x01)
03D9  DD6602   .f.                 ld    h,(ix+0x02)
03DC  E9       .                   jp    (hl)
03DD  D1       .                   pop   de
03DE  DDE1     ..                  pop   ix
03E0  E1       .                   pop   hl
03E1  C1       .                   pop   bc
03E2  C9       .                   ret   
03E3  213978   !9x                 ld    hl,0x7839
03E6  CBEE     ..                  set   5,(hl)
03E8  2A2078   * x                 ld    hl,(0x7820)
03EB  CD5300   .S.                 call  0x0053
03EE  7C       |                   ld    a,h
03EF  FE71     .q                  cp    0x71
03F1  2010      .                  jr    nz,$+18
03F3  7D       }                   ld    a,l
03F4  FEE0     ..                  cp    0xE0
03F6  200B      .                  jr    nz,$+13
03F8  3AD77A   :.z                 ld    a,(0x7AD7)
03FB  B7       .                   or    a
03FC  2005      .                  jr    nz,$+7
03FE  3E0D     >.                  ld    a,0x0D
0400  CD8B30   ..0                 call  0x308B
0403  41       A                   ld    b,c
0404  C5       .                   push  bc
0405  213978   !9x                 ld    hl,0x7839
0408  CB86     ..                  res   0,(hl)
040A  CB96     ..                  res   2,(hl)
040C  CB46     .F                  bit   0,(hl)
040E  28FC     (.                  jr    z,$-2
0410  3AA678   :.x                 ld    a,(0x78A6)
0413  4F       O                   ld    c,a
0414  AF       .                   xor   a
0415  32A678   2.x                 ld    (0x78A6),a
0418  47       G                   ld    b,a
0419  2A2078   * x                 ld    hl,(0x7820)
041C  ED42     .B                  sbc   hl,bc
041E  222078   " x                 ld    (0x7820),hl
0421  11E879   ..y                 ld    de,0x79E8
0424  C1       .                   pop   bc
0425  213978   !9x                 ld    hl,0x7839
0428  CB66     .f                  bit   4,(hl)
042A  2A2078   * x                 ld    hl,(0x7820)
042D  2842     (B                  jr    z,$+68
042F  C5       .                   push  bc
0430  E5       .                   push  hl
0431  CDA833   ..3                 call  0x33A8
0434  E1       .                   pop   hl
0435  C1       .                   pop   bc
0436  B7       .                   or    a
0437  2008      .                  jr    nz,$+10
0439  7D       }                   ld    a,l
043A  D620     .                   sub   0x20
043C  6F       o                   ld    l,a
043D  7C       |                   ld    a,h
043E  DE00     ..                  sbc   a,0x00
0440  67       g                   ld    h,a
0441  48       H                   ld    c,b
0442  1A       .                   ld    a,(de)
0443  BE       .                   cp    (hl)
0444  2007      .                  jr    nz,$+9
0446  23       #                   inc   hl
0447  13       .                   inc   de
0448  10F8     ..                  djnz  $-6
044A  C5       .                   push  bc
044B  1804     ..                  jr    $+6
044D  010000   ...                 ld    bc,START
0450  C5       .                   push  bc
0451  E5       .                   push  hl
0452  CDA833   ..3                 call  0x33A8
0455  E1       .                   pop   hl
0456  C1       .                   pop   bc
0457  C5       .                   push  bc
0458  FE80     ..                  cp    0x80
045A  280A     (.                  jr    z,$+12
045C  3E40     >@                  ld    a,0x40
045E  91       .                   sub   c
045F  47       G                   ld    b,a
0460  D1       .                   pop   de
0461  1E00     ..                  ld    e,0x00
0463  D5       .                   push  de
0464  1805     ..                  jr    $+7
0466  0620     .                   ld    b,0x20
0468  2A2078   * x                 ld    hl,(0x7820)
046B  11E879   ..y                 ld    de,0x79E8
046E  C3A83E   ..>                 jp    0x3EA8
0471  010000   ...                 ld    bc,START
0474  C5       .                   push  bc
0475  E5       .                   push  hl
0476  CDA833   ..3                 call  0x33A8
0479  E1       .                   pop   hl
047A  FE80     ..                  cp    0x80
047C  280E     (.                  jr    z,$+16
047E  FE81     ..                  cp    0x81
0480  2806     (.                  jr    z,$+8
0482  012000   . .                 ld    bc,RST20_VEC
0485  B7       .                   or    a
0486  ED42     .B                  sbc   hl,bc
0488  0640     .@                  ld    b,0x40
048A  1802     ..                  jr    $+4
048C  0620     .                   ld    b,0x20
048E  3A1878   :.x                 ld    a,(0x7818)
0491  B7       .                   or    a
0492  CA403E   .@>                 jp    z,0x3E40
0495  7E       ~                   ld    a,(hl)
0496  FE40     .@                  cp    0x40
0498  DAAE04   ...                 jp    c,0x04AE
049B  C1       .                   pop   bc
049C  11A404   ...                 ld    de,0x04A4
049F  D5       .                   push  de
04A0  C5       .                   push  bc
04A1  C30205   ...                 jp    0x0502
04A4  D8       .                   ret   c
04A5  211A3E   !.>                 ld    hl,0x3E1A
04A8  CDA728   ..(                 call  OUTSTR
04AB  C3E303   ...                 jp    0x03E3
04AE  FE22     ."                  cp    0x22
04B0  2031      1                  jr    nz,$+51
04B2  12       .                   ld    (de),a
04B3  23       #                   inc   hl
04B4  13       .                   inc   de
04B5  05       .                   dec   b
04B6  2836     (6                  jr    z,$+56
04B8  7E       ~                   ld    a,(hl)
04B9  FE40     .@                  cp    0x40
04BB  DAC904   ...                 jp    c,0x04C9
04BE  FE80     ..                  cp    0x80
04C0  DAC504   ...                 jp    c,0x04C5
04C3  E68F     ..                  and   0x8F
04C5  F680     ..                  or    0x80
04C7  1813     ..                  jr    $+21
04C9  FE22     ."                  cp    0x22
04CB  2009      .                  jr    nz,$+11
04CD  E5       .                   push  hl
04CE  213978   !9x                 ld    hl,0x7839
04D1  CB66     .f                  bit   4,(hl)
04D3  E1       .                   pop   hl
04D4  280D     (.                  jr    z,$+15
04D6  CB6F     .o                  bit   5,a
04D8  2002      .                  jr    nz,$+4
04DA  F640     .@                  or    0x40
04DC  12       .                   ld    (de),a
04DD  23       #                   inc   hl
04DE  13       .                   inc   de
04DF  10D7     ..                  djnz  $-39
04E1  180B     ..                  jr    $+13
04E3  CB6F     .o                  bit   5,a
04E5  2002      .                  jr    nz,$+4
04E7  F640     .@                  or    0x40
04E9  12       .                   ld    (de),a
04EA  23       #                   inc   hl
04EB  13       .                   inc   de
04EC  10A7     ..                  djnz  $-87
04EE  1B       .                   dec   de
04EF  7A       z                   ld    a,d
04F0  FE79     .y                  cp    0x79
04F2  2006      .                  jr    nz,$+8
04F4  7B       {                   ld    a,e
04F5  FEE8     ..                  cp    0xE8
04F7  DAFF04   ...                 jp    c,0x04FF
04FA  1A       .                   ld    a,(de)
04FB  FE20     .                   cp    0x20
04FD  28EF     (.                  jr    z,$-15
04FF  13       .                   inc   de
0500  AF       .                   xor   a
0501  12       .                   ld    (de),a
0502  CDA833   ..3                 call  0x33A8
0505  2A2078   * x                 ld    hl,(0x7820)
0508  FE81     ..                  cp    0x81
050A  CD5300   .S.                 call  0x0053
050D  2004      .                  jr    nz,$+6
050F  AF       .                   xor   a
0510  CD8B30   ..0                 call  0x308B
0513  AF       .                   xor   a
0514  CD8B30   ..0                 call  0x308B
0517  3A3878   :8x                 ld    a,(0x7838)
051A  E6FD     ..                  and   0xFD
051C  323878   28x                 ld    (0x7838),a
051F  213978   !9x                 ld    hl,0x7839
0522  CB56     .V                  bit   2,(hl)
0524  2805     (.                  jr    z,$+7
0526  3E01     >.                  ld    a,0x01
0528  37       7                   scf   
0529  1801     ..                  jr    $+3
052B  AF       .                   xor   a
052C  213978   !9x                 ld    hl,0x7839
052F  CBA6     ..                  res   4,(hl)
0531  21E879   !.y                 ld    hl,0x79E8
0534  C1       .                   pop   bc
0535  F5       .                   push  af
0536  09       .                   add   hl,bc
0537  C3293E   .)>                 jp    0x3E29
053A  3AAF7A   :.z                 ld    a,(0x7AAF)
053D  B7       .                   or    a
053E  20FA      .                  jr    nz,$-4
0540  0640     .@                  ld    b,0x40
0542  21E879   !.y                 ld    hl,0x79E8
0545  3E20     >                   ld    a,0x20
0547  77       w                   ld    (hl),a
0548  23       #                   inc   hl
0549  10FC     ..                  djnz  $-2
054B  AF       .                   xor   a
054C  77       w                   ld    (hl),a
054D  CDA833   ..3                 call  0x33A8
0550  B7       .                   or    a
0551  3AA678   :.x                 ld    a,(0x78A6)
0554  2002      .                  jr    nz,$+4
0556  C620     .                   add   a,0x20
0558  4F       O                   ld    c,a
0559  AF       .                   xor   a
055A  47       G                   ld    b,a
055B  2A2078   * x                 ld    hl,(0x7820)
055E  ED42     .B                  sbc   hl,bc
0560  11E879   ..y                 ld    de,0x79E8
0563  C5       .                   push  bc
0564  EDB0     ..                  ldir  
0566  C1       .                   pop   bc
0567  213978   !9x                 ld    hl,0x7839
056A  CBE6     ..                  set   4,(hl)
056C  CDE303   ...                 call  0x03E3
056F  C9       .                   ret   
0570  52       R                   ld    d,d
0571  55       U                   ld    d,l
0572  4E       N                   ld    c,(hl)
0573  00       .                   nop   
0574  C43332   .32                 call  nz,0x3233
0577  CDA31A   ...                 call  0x1AA3
057A  CDD817   ...                 call  0x17D8
057D  CD0D19   ...                 call  0x190D
0580  CA5A12   .Z.                 jp    z,0x125A
0583  CD491F   .I.                 call  0x1F49
0586  3818     8.                  jr    c,$+26
0588  EF       .                   rst   0x28
0589  3A3804   :8.                 ld    a,(0x0438)
058C  DD79B7   .y.                 defb  0x00DD,0x0079,0x00B7
058F  2833     (3                  jr    z,$+53
0591  FE0B     ..                  cp    0x0B
0593  280A     (.                  jr    z,$+12
0595  FE0C     ..                  cp    0x0C
0597  2014      .                  jr    nz,$+22
0599  AF       .                   xor   a
059A  DDB603   ...                 or    (ix+0x03)
059D  280E     (.                  jr    z,$+16
059F  DD7E03   .~.                 ld    a,(ix+0x03)
05A2  DD9604   ...                 sub   (ix+0x04)
05A5  47       G                   ld    b,a
05A6  CDE23A   ..:                 call  0x3AE2
05A9  10FB     ..                  djnz  $-3
05AB  1812     ..                  jr    $+20
05AD  CDB63A   ..:                 call  0x3AB6
05B0  79       y                   ld    a,c
05B1  FE0D     ..                  cp    0x0D
05B3  C0       .                   ret   nz
05B4  DD3404   .4.                 inc   (ix+0x04)
05B7  DD7E04   .~.                 ld    a,(ix+0x04)
05BA  DDBE03   ...                 cp    (ix+0x03)
05BD  79       y                   ld    a,c
05BE  C0       .                   ret   nz
05BF  DD360400 .6..                ld    (ix+0x04),0x00
05C3  C9       .                   ret   
05C4  DB00     ..                  in    a,(0x00)
05C6  E601     ..                  and   0x01
05C8  C9       .                   ret   
05C9  C5       .                   push  bc
05CA  E5       .                   push  hl
05CB  0604     ..                  ld    b,0x04
05CD  21D27A   !.z                 ld    hl,0x7AD2
05D0  77       w                   ld    (hl),a
05D1  23       #                   inc   hl
05D2  10FC     ..                  djnz  $-2
05D4  E1       .                   pop   hl
05D5  C1       .                   pop   bc
05D6  C9       .                   ret   
05D7  213878   !8x                 ld    hl,0x7838
05DA  CB56     .V                  bit   2,(hl)
05DC  2815     (.                  jr    z,$+23
05DE  57       W                   ld    d,a
05DF  3A3A78   ::x                 ld    a,(0x783A)
05E2  B7       .                   or    a
05E3  280F     (.                  jr    z,$+17
05E5  3C       <                   inc   a
05E6  323A78   2:x                 ld    (0x783A),a
05E9  FE2A     .*                  cp    0x2A
05EB  2802     (.                  jr    z,$+4
05ED  AF       .                   xor   a
05EE  C9       .                   ret   
05EF  CB96     ..                  res   2,(hl)
05F1  AF       .                   xor   a
05F2  C9       .                   ret   
05F3  57       W                   ld    d,a
05F4  213878   !8x                 ld    hl,0x7838
05F7  7E       ~                   ld    a,(hl)
05F8  E618     ..                  and   0x18
05FA  200B      .                  jr    nz,$+13
05FC  CBDE     ..                  set   3,(hl)
05FE  AF       .                   xor   a
05FF  323778   27x                 ld    (0x7837),a
0602  7A       z                   ld    a,d
0603  323678   26x                 ld    (0x7836),a
0606  C9       .                   ret   
0607  CB66     .f                  bit   4,(hl)
0609  202A      *                  jr    nz,$+44
060B  3A3678   :6x                 ld    a,(0x7836)
060E  BA       .                   cp    d
060F  2021      !                  jr    nz,$+35
0611  ED4B4278 .KBx                ld    bc,(0x7842)
0615  2A4478   *Dx                 ld    hl,(0x7844)
0618  7B       {                   ld    a,e
0619  CD352F   .5/                 call  0x2F35
061C  BA       .                   cp    d
061D  CAD72F   ../                 jp    z,0x2FD7
0620  FE00     ..                  cp    0x00
0622  CAD72F   ../                 jp    z,0x2FD7
0625  213878   !8x                 ld    hl,0x7838
0628  CBDE     ..                  set   3,(hl)
062A  CBE6     ..                  set   4,(hl)
062C  CB96     ..                  res   2,(hl)
062E  323778   27x                 ld    (0x7837),a
0631  C9       .                   ret   
0632  7A       z                   ld    a,d
0633  18F0     ..                  jr    $-14
0635  3A3678   :6x                 ld    a,(0x7836)
0638  BA       .                   cp    d
0639  2808     (.                  jr    z,$+10
063B  3A3778   :7x                 ld    a,(0x7837)
063E  BA       .                   cp    d
063F  2802     (.                  jr    z,$+4
0641  AF       .                   xor   a
0642  C9       .                   ret   
0643  ED4B4278 .KBx                ld    bc,(0x7842)
0647  2A4478   *Dx                 ld    hl,(0x7844)
064A  7B       {                   ld    a,e
064B  CD352F   .5/                 call  0x2F35
064E  BA       .                   cp    d
064F  2805     (.                  jr    z,$+7
0651  FE00     ..                  cp    0x00
0653  C2D72F   ../                 jp    nz,0x2FD7
0656  213878   !8x                 ld    hl,0x7838
0659  CBDE     ..                  set   3,(hl)
065B  CBA6     ..                  res   4,(hl)
065D  3A3678   :6x                 ld    a,(0x7836)
0660  BA       .                   cp    d
0661  2005      .                  jr    nz,$+7
0663  AF       .                   xor   a
0664  323778   27x                 ld    (0x7837),a
0667  C9       .                   ret   
0668  3A3778   :7x                 ld    a,(0x7837)
066B  323678   26x                 ld    (0x7836),a
066E  18F3     ..                  jr    $-11
0670  DDCB09D6 ....                set   2,(ix+0x09)
0674  00       .                   nop   
0675  00       .                   nop   
0676  21D206   !..                 ld    hl,0x06D2
0679  110078   ..x                 ld    de,0x7800
067C  013600   .6.                 ld    bc,0x0036
067F  EDB0     ..                  ldir  
0681  3D       =                   dec   a
0682  3D       =                   dec   a
0683  20F1      .                  jr    nz,$-13
0685  0627     .'                  ld    b,0x27
0687  12       .                   ld    (de),a
0688  13       .                   inc   de
0689  10FC     ..                  djnz  $-2
068B  C37500   .u.                 jp    BASIC_INIT_2
068E  210040   !.@                 ld    hl,0x4000
0691  CDA406   ...                 call  0x06A4
0694  210060   !.`                 ld    hl,0x6000
0697  CDA406   ...                 call  0x06A4
069A  210080   !..                 ld    hl,0x8000
069D  CDA406   ...                 call  0x06A4
06A0  FB       .                   ei    
06A1  C3191A   ...                 jp    0x1A19
06A4  3EAA     >.                  ld    a,0xAA
06A6  BE       .                   cp    (hl)
06A7  23       #                   inc   hl
06A8  C0       .                   ret   nz
06A9  2F       /                   cpl   
06AA  BE       .                   cp    (hl)
06AB  23       #                   inc   hl
06AC  C0       .                   ret   nz
06AD  3EE7     >.                  ld    a,0xE7
06AF  BE       .                   cp    (hl)
06B0  23       #                   inc   hl
06B1  C0       .                   ret   nz
06B2  2F       /                   cpl   
06B3  BE       .                   cp    (hl)
06B4  23       #                   inc   hl
06B5  C0       .                   ret   nz
06B6  FB       .                   ei    
06B7  E9       .                   jp    (hl)
06B8  0E02     ..                  ld    c,0x02
06BA  CD591A   .Y.                 call  0x1A59
06BD  CDB834   ..4                 call  0x34B8
06C0  CDE318   ...                 call  0x18E3
06C3  28C0     (.                  jr    z,$-62
06C5  EF       .                   rst   0x28
06C6  2C       ,                   inc   l
06C7  2814     (.                  jr    z,$+22
06C9  CDF134   ..4                 call  0x34F1
06CC  01181A   ...                 ld    bc,0x1A18
06CF  C3AE19   ...                 jp    0x19AE
06D2  C3961C   ...                 jp    0x1C96
06D5  C3781D   .x.                 jp    0x1D78
06D8  C3901C   ...                 jp    0x1C90
06DB  C3D925   ..%                 jp    0x25D9
06DE  C9       .                   ret   
06DF  00       .                   nop   
06E0  00       .                   nop   
06E1  C9       .                   ret   
06E2  00       .                   nop   
06E3  00       .                   nop   
06E4  FB       .                   ei    
06E5  C9       .                   ret   
06E6  00       .                   nop   
06E7  01F42E   ...                 ld    bc,0x2EF4
06EA  00       .                   nop   
06EB  00       .                   nop   
06EC  00       .                   nop   
06ED  4B       K                   ld    c,e
06EE  49       I                   ld    c,c
06EF  00       .                   nop   
06F0  00       .                   nop   
06F1  00       .                   nop   
06F2  00       .                   nop   
06F3  70       p                   ld    (hl),b
06F4  00       .                   nop   
06F5  00       .                   nop   
06F6  00       .                   nop   
06F7  068D     ..                  ld    b,0x8D
06F9  05       .                   dec   b
06FA  43       C                   ld    b,e
06FB  00       .                   nop   
06FC  00       .                   nop   
06FD  50       P                   ld    d,b
06FE  52       R                   ld    d,d
06FF  C30050   ..P                 jp    0x5000
0702  C7       .                   rst   0
0703  00       .                   nop   
0704  00       .                   nop   
0705  3E00     >.                  ld    a,0x00
0707  C9       .                   ret   
0708  218013   !..                 ld    hl,0x1380
070B  CDC209   ...                 call  0x09C2
070E  1806     ..                  jr    $+8
0710  CDC209   ...                 call  0x09C2
0713  CD8209   ...                 call  0x0982
0716  78       x                   ld    a,b
0717  B7       .                   or    a
0718  C8       .                   ret   z
0719  3A2479   :$y                 ld    a,(0x7924)
071C  B7       .                   or    a
071D  CAB409   ...                 jp    z,0x09B4
0720  90       .                   sub   b
0721  300C     0.                  jr    nc,$+14
0723  2F       /                   cpl   
0724  3C       <                   inc   a
0725  EB       .                   ex    de,hl
0726  CDA409   ...                 call  0x09A4
0729  EB       .                   ex    de,hl
072A  CDB409   ...                 call  0x09B4
072D  C1       .                   pop   bc
072E  D1       .                   pop   de
072F  FE19     ..                  cp    0x19
0731  D0       .                   ret   nc
0732  F5       .                   push  af
0733  CDDF09   ...                 call  0x09DF
0736  67       g                   ld    h,a
0737  F1       .                   pop   af
0738  CDD707   ...                 call  0x07D7
073B  B4       .                   or    h
073C  212179   !!y                 ld    hl,0x7921
073F  F25407   .T.                 jp    p,0x0754
0742  CDB707   ...                 call  0x07B7
0745  D29607   ...                 jp    nc,0x0796
0748  23       #                   inc   hl
0749  34       4                   inc   (hl)
074A  CAB207   ...                 jp    z,0x07B2
074D  2E01     ..                  ld    l,0x01
074F  CDEB07   ...                 call  0x07EB
0752  1842     .B                  jr    $+68
0754  AF       .                   xor   a
0755  90       .                   sub   b
0756  47       G                   ld    b,a
0757  7E       ~                   ld    a,(hl)
0758  9B       .                   sbc   a,e
0759  5F       _                   ld    e,a
075A  23       #                   inc   hl
075B  7E       ~                   ld    a,(hl)
075C  9A       .                   sbc   a,d
075D  57       W                   ld    d,a
075E  23       #                   inc   hl
075F  7E       ~                   ld    a,(hl)
0760  99       .                   sbc   a,c
0761  4F       O                   ld    c,a
0762  DCC307   ...                 call  c,0x07C3
0765  68       h                   ld    l,b
0766  63       c                   ld    h,e
0767  AF       .                   xor   a
0768  47       G                   ld    b,a
0769  79       y                   ld    a,c
076A  B7       .                   or    a
076B  2018      .                  jr    nz,$+26
076D  4A       J                   ld    c,d
076E  54       T                   ld    d,h
076F  65       e                   ld    h,l
0770  6F       o                   ld    l,a
0771  78       x                   ld    a,b
0772  D608     ..                  sub   0x08
0774  FEE0     ..                  cp    0xE0
0776  20F0      .                  jr    nz,$-14
0778  AF       .                   xor   a
0779  322479   2$y                 ld    (0x7924),a
077C  C9       .                   ret   
077D  05       .                   dec   b
077E  29       )                   add   hl,hl
077F  7A       z                   ld    a,d
0780  17       .                   rla   
0781  57       W                   ld    d,a
0782  79       y                   ld    a,c
0783  8F       .                   adc   a,a
0784  4F       O                   ld    c,a
0785  F27D07   .}.                 jp    p,0x077D
0788  78       x                   ld    a,b
0789  5C       \                   ld    e,h
078A  45       E                   ld    b,l
078B  B7       .                   or    a
078C  2808     (.                  jr    z,$+10
078E  212479   !$y                 ld    hl,0x7924
0791  86       .                   add   a,(hl)
0792  77       w                   ld    (hl),a
0793  30E3     0.                  jr    nc,$-27
0795  C8       .                   ret   z
0796  78       x                   ld    a,b
0797  212479   !$y                 ld    hl,0x7924
079A  B7       .                   or    a
079B  FCA807   ...                 call  m,0x07A8
079E  46       F                   ld    b,(hl)
079F  23       #                   inc   hl
07A0  7E       ~                   ld    a,(hl)
07A1  E680     ..                  and   0x80
07A3  A9       .                   xor   c
07A4  4F       O                   ld    c,a
07A5  C3B409   ...                 jp    0x09B4
07A8  1C       .                   inc   e
07A9  C0       .                   ret   nz
07AA  14       .                   inc   d
07AB  C0       .                   ret   nz
07AC  0C       .                   inc   c
07AD  C0       .                   ret   nz
07AE  0E80     ..                  ld    c,0x80
07B0  34       4                   inc   (hl)
07B1  C0       .                   ret   nz
07B2  1E0A     ..                  ld    e,0x0A
07B4  C3A219   ...                 jp    ERROR_HANDLER
07B7  7E       ~                   ld    a,(hl)
07B8  83       .                   add   a,e
07B9  5F       _                   ld    e,a
07BA  23       #                   inc   hl
07BB  7E       ~                   ld    a,(hl)
07BC  8A       .                   adc   a,d
07BD  57       W                   ld    d,a
07BE  23       #                   inc   hl
07BF  7E       ~                   ld    a,(hl)
07C0  89       .                   adc   a,c
07C1  4F       O                   ld    c,a
07C2  C9       .                   ret   
07C3  212579   !%y                 ld    hl,0x7925
07C6  7E       ~                   ld    a,(hl)
07C7  2F       /                   cpl   
07C8  77       w                   ld    (hl),a
07C9  AF       .                   xor   a
07CA  6F       o                   ld    l,a
07CB  90       .                   sub   b
07CC  47       G                   ld    b,a
07CD  7D       }                   ld    a,l
07CE  9B       .                   sbc   a,e
07CF  5F       _                   ld    e,a
07D0  7D       }                   ld    a,l
07D1  9A       .                   sbc   a,d
07D2  57       W                   ld    d,a
07D3  7D       }                   ld    a,l
07D4  99       .                   sbc   a,c
07D5  4F       O                   ld    c,a
07D6  C9       .                   ret   
07D7  0600     ..                  ld    b,0x00
07D9  D608     ..                  sub   0x08
07DB  3807     8.                  jr    c,$+9
07DD  43       C                   ld    b,e
07DE  5A       Z                   ld    e,d
07DF  51       Q                   ld    d,c
07E0  0E00     ..                  ld    c,0x00
07E2  18F5     ..                  jr    $-9
07E4  C609     ..                  add   a,0x09
07E6  6F       o                   ld    l,a
07E7  AF       .                   xor   a
07E8  2D       -                   dec   l
07E9  C8       .                   ret   z
07EA  79       y                   ld    a,c
07EB  1F       .                   rra   
07EC  4F       O                   ld    c,a
07ED  7A       z                   ld    a,d
07EE  1F       .                   rra   
07EF  57       W                   ld    d,a
07F0  7B       {                   ld    a,e
07F1  1F       .                   rra   
07F2  5F       _                   ld    e,a
07F3  78       x                   ld    a,b
07F4  1F       .                   rra   
07F5  47       G                   ld    b,a
07F6  18EF     ..                  jr    $-15
07F8  00       .                   nop   
07F9  00       .                   nop   
07FA  00       .                   nop   
07FB  81       .                   add   a,c
07FC  03       .                   inc   bc
07FD  AA       .                   xor   d
07FE  56       V                   ld    d,(hl)
07FF  19       .                   add   hl,de
0800  80       .                   add   a,b
0801  F1       .                   pop   af
0802  227680   "v.                 ld    (0x8076),hl
0805  45       E                   ld    b,l
0806  AA       .                   xor   d
0807  3882     8.                  jr    c,$-124
0809  CD5509   .U.                 call  0x0955
080C  B7       .                   or    a
080D  EA4A1E   .J.                 jp    pe,0x1E4A
0810  212479   !$y                 ld    hl,0x7924
0813  7E       ~                   ld    a,(hl)
0814  013580   .5.                 ld    bc,0x8035
0817  11F304   ...                 ld    de,0x04F3
081A  90       .                   sub   b
081B  F5       .                   push  af
081C  70       p                   ld    (hl),b
081D  D5       .                   push  de
081E  C5       .                   push  bc
081F  CD1607   ...                 call  0x0716
0822  C1       .                   pop   bc
0823  D1       .                   pop   de
0824  04       .                   inc   b
0825  CDA208   ...                 call  0x08A2
0828  21F807   !..                 ld    hl,0x07F8
082B  CD1007   ...                 call  0x0710
082E  21FC07   !..                 ld    hl,0x07FC
0831  CD9A14   ...                 call  0x149A
0834  018080   ...                 ld    bc,0x8080
0837  110000   ...                 ld    de,START
083A  CD1607   ...                 call  0x0716
083D  F1       .                   pop   af
083E  CD890F   ...                 call  0x0F89
0841  013180   .1.                 ld    bc,0x8031
0844  111872   ..r                 ld    de,0x7218
0847  CD5509   .U.                 call  0x0955
084A  C8       .                   ret   z
084B  2E00     ..                  ld    l,0x00
084D  CD1409   ...                 call  0x0914
0850  79       y                   ld    a,c
0851  324F79   2Oy                 ld    (0x794F),a
0854  EB       .                   ex    de,hl
0855  225079   "Py                 ld    (0x7950),hl
0858  010000   ...                 ld    bc,START
085B  50       P                   ld    d,b
085C  58       X                   ld    e,b
085D  216507   !e.                 ld    hl,0x0765
0860  E5       .                   push  hl
0861  216908   !i.                 ld    hl,0x0869
0864  E5       .                   push  hl
0865  E5       .                   push  hl
0866  212179   !!y                 ld    hl,0x7921
0869  7E       ~                   ld    a,(hl)
086A  23       #                   inc   hl
086B  B7       .                   or    a
086C  2824     ($                  jr    z,$+38
086E  E5       .                   push  hl
086F  2E08     ..                  ld    l,0x08
0871  1F       .                   rra   
0872  67       g                   ld    h,a
0873  79       y                   ld    a,c
0874  300B     0.                  jr    nc,$+13
0876  E5       .                   push  hl
0877  2A5079   *Py                 ld    hl,(0x7950)
087A  19       .                   add   hl,de
087B  EB       .                   ex    de,hl
087C  E1       .                   pop   hl
087D  3A4F79   :Oy                 ld    a,(0x794F)
0880  89       .                   adc   a,c
0881  1F       .                   rra   
0882  4F       O                   ld    c,a
0883  7A       z                   ld    a,d
0884  1F       .                   rra   
0885  57       W                   ld    d,a
0886  7B       {                   ld    a,e
0887  1F       .                   rra   
0888  5F       _                   ld    e,a
0889  78       x                   ld    a,b
088A  1F       .                   rra   
088B  47       G                   ld    b,a
088C  2D       -                   dec   l
088D  7C       |                   ld    a,h
088E  20E1      .                  jr    nz,$-29
0890  E1       .                   pop   hl
0891  C9       .                   ret   
0892  43       C                   ld    b,e
0893  5A       Z                   ld    e,d
0894  51       Q                   ld    d,c
0895  4F       O                   ld    c,a
0896  C9       .                   ret   
0897  CDA409   ...                 call  0x09A4
089A  21D80D   !..                 ld    hl,0x0DD8
089D  CDB109   ...                 call  0x09B1
08A0  C1       .                   pop   bc
08A1  D1       .                   pop   de
08A2  CD5509   .U.                 call  0x0955
08A5  CA9A19   ...                 jp    z,0x199A
08A8  2EFF     ..                  ld    l,0xFF
08AA  CD1409   ...                 call  0x0914
08AD  34       4                   inc   (hl)
08AE  34       4                   inc   (hl)
08AF  2B       +                   dec   hl
08B0  7E       ~                   ld    a,(hl)
08B1  328978   2.x                 ld    (0x7889),a
08B4  2B       +                   dec   hl
08B5  7E       ~                   ld    a,(hl)
08B6  328578   2.x                 ld    (0x7885),a
08B9  2B       +                   dec   hl
08BA  7E       ~                   ld    a,(hl)
08BB  328178   2.x                 ld    (0x7881),a
08BE  41       A                   ld    b,c
08BF  EB       .                   ex    de,hl
08C0  AF       .                   xor   a
08C1  4F       O                   ld    c,a
08C2  57       W                   ld    d,a
08C3  5F       _                   ld    e,a
08C4  328C78   2.x                 ld    (0x788C),a
08C7  E5       .                   push  hl
08C8  C5       .                   push  bc
08C9  7D       }                   ld    a,l
08CA  CD8078   ..x                 call  0x7880
08CD  DE00     ..                  sbc   a,0x00
08CF  3F       ?                   ccf   
08D0  3007     0.                  jr    nc,$+9
08D2  328C78   2.x                 ld    (0x788C),a
08D5  F1       .                   pop   af
08D6  F1       .                   pop   af
08D7  37       7                   scf   
08D8  D2C1E1   ...                 jp    nc,0xE1C1
08DB  79       y                   ld    a,c
08DC  3C       <                   inc   a
08DD  3D       =                   dec   a
08DE  1F       .                   rra   
08DF  FA9707   ...                 jp    m,0x0797
08E2  17       .                   rla   
08E3  7B       {                   ld    a,e
08E4  17       .                   rla   
08E5  5F       _                   ld    e,a
08E6  7A       z                   ld    a,d
08E7  17       .                   rla   
08E8  57       W                   ld    d,a
08E9  79       y                   ld    a,c
08EA  17       .                   rla   
08EB  4F       O                   ld    c,a
08EC  29       )                   add   hl,hl
08ED  78       x                   ld    a,b
08EE  17       .                   rla   
08EF  47       G                   ld    b,a
08F0  3A8C78   :.x                 ld    a,(0x788C)
08F3  17       .                   rla   
08F4  328C78   2.x                 ld    (0x788C),a
08F7  79       y                   ld    a,c
08F8  B2       .                   or    d
08F9  B3       .                   or    e
08FA  20CB      .                  jr    nz,$-51
08FC  E5       .                   push  hl
08FD  212479   !$y                 ld    hl,0x7924
0900  35       5                   dec   (hl)
0901  E1       .                   pop   hl
0902  20C3      .                  jr    nz,$-59
0904  C3B207   ...                 jp    0x07B2
0907  3EFF     >.                  ld    a,0xFF
0909  2EAF     ..                  ld    l,0xAF
090B  212D79   !-y                 ld    hl,0x792D
090E  4E       N                   ld    c,(hl)
090F  23       #                   inc   hl
0910  AE       .                   xor   (hl)
0911  47       G                   ld    b,a
0912  2E00     ..                  ld    l,0x00
0914  78       x                   ld    a,b
0915  B7       .                   or    a
0916  281F     (.                  jr    z,$+33
0918  7D       }                   ld    a,l
0919  212479   !$y                 ld    hl,0x7924
091C  AE       .                   xor   (hl)
091D  80       .                   add   a,b
091E  47       G                   ld    b,a
091F  1F       .                   rra   
0920  A8       .                   xor   b
0921  78       x                   ld    a,b
0922  F23609   .6.                 jp    p,0x0936
0925  C680     ..                  add   a,0x80
0927  77       w                   ld    (hl),a
0928  CA9008   ...                 jp    z,0x0890
092B  CDDF09   ...                 call  0x09DF
092E  77       w                   ld    (hl),a
092F  2B       +                   dec   hl
0930  C9       .                   ret   
0931  CD5509   .U.                 call  0x0955
0934  2F       /                   cpl   
0935  E1       .                   pop   hl
0936  B7       .                   or    a
0937  E1       .                   pop   hl
0938  F27807   .x.                 jp    p,0x0778
093B  C3B207   ...                 jp    0x07B2
093E  CDBF09   ...                 call  0x09BF
0941  78       x                   ld    a,b
0942  B7       .                   or    a
0943  C8       .                   ret   z
0944  C602     ..                  add   a,0x02
0946  DAB207   ...                 jp    c,0x07B2
0949  47       G                   ld    b,a
094A  CD1607   ...                 call  0x0716
094D  212479   !$y                 ld    hl,0x7924
0950  34       4                   inc   (hl)
0951  C0       .                   ret   nz
0952  C3B207   ...                 jp    0x07B2
0955  3A2479   :$y                 ld    a,(0x7924)
0958  B7       .                   or    a
0959  C8       .                   ret   z
095A  3A2379   :#y                 ld    a,(0x7923)
095D  FE2F     ./                  cp    0x2F
095F  17       .                   rla   
0960  9F       .                   sbc   a,a
0961  C0       .                   ret   nz
0962  3C       <                   inc   a
0963  C9       .                   ret   
0964  0688     ..                  ld    b,0x88
0966  110000   ...                 ld    de,START
0969  212479   !$y                 ld    hl,0x7924
096C  4F       O                   ld    c,a
096D  70       p                   ld    (hl),b
096E  0600     ..                  ld    b,0x00
0970  23       #                   inc   hl
0971  3680     6.                  ld    (hl),0x80
0973  17       .                   rla   
0974  C36207   .b.                 jp    0x0762
0977  CD9409   ...                 call  0x0994
097A  F0       .                   ret   p
097B  E7       .                   rst   0x20
097C  FA5B0C   .[.                 jp    m,0x0C5B
097F  CAF60A   ...                 jp    z,0x0AF6
0982  212379   !#y                 ld    hl,0x7923
0985  7E       ~                   ld    a,(hl)
0986  EE80     ..                  xor   0x80
0988  77       w                   ld    (hl),a
0989  C9       .                   ret   
098A  CD9409   ...                 call  0x0994
098D  6F       o                   ld    l,a
098E  17       .                   rla   
098F  9F       .                   sbc   a,a
0990  67       g                   ld    h,a
0991  C39A0A   ...                 jp    0x0A9A
0994  E7       .                   rst   0x20
0995  CAF60A   ...                 jp    z,0x0AF6
0998  F25509   .U.                 jp    p,0x0955
099B  2A2179   *!y                 ld    hl,(0x7921)
099E  7C       |                   ld    a,h
099F  B5       .                   or    l
09A0  C8       .                   ret   z
09A1  7C       |                   ld    a,h
09A2  18BB     ..                  jr    $-67
09A4  EB       .                   ex    de,hl
09A5  2A2179   *!y                 ld    hl,(0x7921)
09A8  E3       .                   ex    (sp),hl
09A9  E5       .                   push  hl
09AA  2A2379   *#y                 ld    hl,(0x7923)
09AD  E3       .                   ex    (sp),hl
09AE  E5       .                   push  hl
09AF  EB       .                   ex    de,hl
09B0  C9       .                   ret   
09B1  CDC209   ...                 call  0x09C2
09B4  EB       .                   ex    de,hl
09B5  222179   "!y                 ld    (0x7921),hl
09B8  60       `                   ld    h,b
09B9  69       i                   ld    l,c
09BA  222379   "#y                 ld    (0x7923),hl
09BD  EB       .                   ex    de,hl
09BE  C9       .                   ret   
09BF  212179   !!y                 ld    hl,0x7921
09C2  5E       ^                   ld    e,(hl)
09C3  23       #                   inc   hl
09C4  56       V                   ld    d,(hl)
09C5  23       #                   inc   hl
09C6  4E       N                   ld    c,(hl)
09C7  23       #                   inc   hl
09C8  46       F                   ld    b,(hl)
09C9  23       #                   inc   hl
09CA  C9       .                   ret   
09CB  112179   .!y                 ld    de,0x7921
09CE  0604     ..                  ld    b,0x04
09D0  1805     ..                  jr    $+7
09D2  EB       .                   ex    de,hl
09D3  3AAF78   :.x                 ld    a,(0x78AF)
09D6  47       G                   ld    b,a
09D7  1A       .                   ld    a,(de)
09D8  77       w                   ld    (hl),a
09D9  13       .                   inc   de
09DA  23       #                   inc   hl
09DB  05       .                   dec   b
09DC  20F9      .                  jr    nz,$-5
09DE  C9       .                   ret   
09DF  212379   !#y                 ld    hl,0x7923
09E2  7E       ~                   ld    a,(hl)
09E3  07       .                   rlca  
09E4  37       7                   scf   
09E5  1F       .                   rra   
09E6  77       w                   ld    (hl),a
09E7  3F       ?                   ccf   
09E8  1F       .                   rra   
09E9  23       #                   inc   hl
09EA  23       #                   inc   hl
09EB  77       w                   ld    (hl),a
09EC  79       y                   ld    a,c
09ED  07       .                   rlca  
09EE  37       7                   scf   
09EF  1F       .                   rra   
09F0  4F       O                   ld    c,a
09F1  1F       .                   rra   
09F2  AE       .                   xor   (hl)
09F3  C9       .                   ret   
09F4  212779   !'y                 ld    hl,0x7927
09F7  11D209   ...                 ld    de,0x09D2
09FA  1806     ..                  jr    $+8
09FC  212779   !'y                 ld    hl,0x7927
09FF  11D309   ...                 ld    de,0x09D3
0A02  D5       .                   push  de
0A03  112179   .!y                 ld    de,0x7921
0A06  E7       .                   rst   0x20
0A07  D8       .                   ret   c
0A08  111D79   ..y                 ld    de,0x791D
0A0B  C9       .                   ret   
0A0C  78       x                   ld    a,b
0A0D  B7       .                   or    a
0A0E  CA5509   .U.                 jp    z,0x0955
0A11  215E09   !^.                 ld    hl,0x095E
0A14  E5       .                   push  hl
0A15  CD5509   .U.                 call  0x0955
0A18  79       y                   ld    a,c
0A19  C8       .                   ret   z
0A1A  212379   !#y                 ld    hl,0x7923
0A1D  AE       .                   xor   (hl)
0A1E  79       y                   ld    a,c
0A1F  F8       .                   ret   m
0A20  CD260A   .&.                 call  0x0A26
0A23  1F       .                   rra   
0A24  A9       .                   xor   c
0A25  C9       .                   ret   
0A26  23       #                   inc   hl
0A27  78       x                   ld    a,b
0A28  BE       .                   cp    (hl)
0A29  C0       .                   ret   nz
0A2A  2B       +                   dec   hl
0A2B  79       y                   ld    a,c
0A2C  BE       .                   cp    (hl)
0A2D  C0       .                   ret   nz
0A2E  2B       +                   dec   hl
0A2F  7A       z                   ld    a,d
0A30  BE       .                   cp    (hl)
0A31  C0       .                   ret   nz
0A32  2B       +                   dec   hl
0A33  7B       {                   ld    a,e
0A34  96       .                   sub   (hl)
0A35  C0       .                   ret   nz
0A36  E1       .                   pop   hl
0A37  E1       .                   pop   hl
0A38  C9       .                   ret   
0A39  7A       z                   ld    a,d
0A3A  AC       .                   xor   h
0A3B  7C       |                   ld    a,h
0A3C  FA5F09   ._.                 jp    m,0x095F
0A3F  BA       .                   cp    d
0A40  C26009   .`.                 jp    nz,0x0960
0A43  7D       }                   ld    a,l
0A44  93       .                   sub   e
0A45  C26009   .`.                 jp    nz,0x0960
0A48  C9       .                   ret   
0A49  212779   !'y                 ld    hl,0x7927
0A4C  CDD309   ...                 call  0x09D3
0A4F  112E79   ..y                 ld    de,0x792E
0A52  1A       .                   ld    a,(de)
0A53  B7       .                   or    a
0A54  CA5509   .U.                 jp    z,0x0955
0A57  215E09   !^.                 ld    hl,0x095E
0A5A  E5       .                   push  hl
0A5B  CD5509   .U.                 call  0x0955
0A5E  1B       .                   dec   de
0A5F  1A       .                   ld    a,(de)
0A60  4F       O                   ld    c,a
0A61  C8       .                   ret   z
0A62  212379   !#y                 ld    hl,0x7923
0A65  AE       .                   xor   (hl)
0A66  79       y                   ld    a,c
0A67  F8       .                   ret   m
0A68  13       .                   inc   de
0A69  23       #                   inc   hl
0A6A  0608     ..                  ld    b,0x08
0A6C  1A       .                   ld    a,(de)
0A6D  96       .                   sub   (hl)
0A6E  C2230A   .#.                 jp    nz,0x0A23
0A71  1B       .                   dec   de
0A72  2B       +                   dec   hl
0A73  05       .                   dec   b
0A74  20F6      .                  jr    nz,$-8
0A76  C1       .                   pop   bc
0A77  C9       .                   ret   
0A78  CD4F0A   .O.                 call  0x0A4F
0A7B  C25E09   .^.                 jp    nz,0x095E
0A7E  C9       .                   ret   
0A7F  E7       .                   rst   0x20
0A80  2A2179   *!y                 ld    hl,(0x7921)
0A83  F8       .                   ret   m
0A84  CAF60A   ...                 jp    z,0x0AF6
0A87  D4B90A   ...                 call  nc,0x0AB9
0A8A  21B207   !..                 ld    hl,0x07B2
0A8D  E5       .                   push  hl
0A8E  3A2479   :$y                 ld    a,(0x7924)
0A91  FE90     ..                  cp    0x90
0A93  300E     0.                  jr    nc,$+16
0A95  CDFB0A   ...                 call  0x0AFB
0A98  EB       .                   ex    de,hl
0A99  D1       .                   pop   de
0A9A  222179   "!y                 ld    (0x7921),hl
0A9D  3E02     >.                  ld    a,0x02
0A9F  32AF78   2.x                 ld    (0x78AF),a
0AA2  C9       .                   ret   
0AA3  018090   ...                 ld    bc,0x9080
0AA6  110000   ...                 ld    de,START
0AA9  CD0C0A   ...                 call  0x0A0C
0AAC  C0       .                   ret   nz
0AAD  61       a                   ld    h,c
0AAE  6A       j                   ld    l,d
0AAF  18E8     ..                  jr    $-22
0AB1  E7       .                   rst   0x20
0AB2  E0       .                   ret   po
0AB3  FACC0A   ...                 jp    m,0x0ACC
0AB6  CAF60A   ...                 jp    z,0x0AF6
0AB9  CDBF09   ...                 call  0x09BF
0ABC  CDEF0A   ...                 call  0x0AEF
0ABF  78       x                   ld    a,b
0AC0  B7       .                   or    a
0AC1  C8       .                   ret   z
0AC2  CDDF09   ...                 call  0x09DF
0AC5  212079   ! y                 ld    hl,0x7920
0AC8  46       F                   ld    b,(hl)
0AC9  C39607   ...                 jp    0x0796
0ACC  2A2179   *!y                 ld    hl,(0x7921)
0ACF  CDEF0A   ...                 call  0x0AEF
0AD2  7C       |                   ld    a,h
0AD3  55       U                   ld    d,l
0AD4  1E00     ..                  ld    e,0x00
0AD6  0690     ..                  ld    b,0x90
0AD8  C36909   .i.                 jp    0x0969
0ADB  E7       .                   rst   0x20
0ADC  D0       .                   ret   nc
0ADD  CAF60A   ...                 jp    z,0x0AF6
0AE0  FCCC0A   ...                 call  m,0x0ACC
0AE3  210000   !..                 ld    hl,START
0AE6  221D79   ".y                 ld    (0x791D),hl
0AE9  221F79   ".y                 ld    (0x791F),hl
0AEC  3E08     >.                  ld    a,0x08
0AEE  013E04   .>.                 ld    bc,0x043E
0AF1  C39F0A   ...                 jp    0x0A9F
0AF4  E7       .                   rst   0x20
0AF5  C8       .                   ret   z
0AF6  1E18     ..                  ld    e,0x18
0AF8  C3A219   ...                 jp    ERROR_HANDLER
0AFB  47       G                   ld    b,a
0AFC  4F       O                   ld    c,a
0AFD  57       W                   ld    d,a
0AFE  5F       _                   ld    e,a
0AFF  B7       .                   or    a
0B00  C8       .                   ret   z
0B01  E5       .                   push  hl
0B02  CDBF09   ...                 call  0x09BF
0B05  CDDF09   ...                 call  0x09DF
0B08  AE       .                   xor   (hl)
0B09  67       g                   ld    h,a
0B0A  FC1F0B   ...                 call  m,0x0B1F
0B0D  3E98     >.                  ld    a,0x98
0B0F  90       .                   sub   b
0B10  CDD707   ...                 call  0x07D7
0B13  7C       |                   ld    a,h
0B14  17       .                   rla   
0B15  DCA807   ...                 call  c,0x07A8
0B18  0600     ..                  ld    b,0x00
0B1A  DCC307   ...                 call  c,0x07C3
0B1D  E1       .                   pop   hl
0B1E  C9       .                   ret   
0B1F  1B       .                   dec   de
0B20  7A       z                   ld    a,d
0B21  A3       .                   and   e
0B22  3C       <                   inc   a
0B23  C0       .                   ret   nz
0B24  0B       .                   dec   bc
0B25  C9       .                   ret   
0B26  E7       .                   rst   0x20
0B27  F8       .                   ret   m
0B28  CD5509   .U.                 call  0x0955
0B2B  F2370B   .7.                 jp    p,0x0B37
0B2E  CD8209   ...                 call  0x0982
0B31  CD370B   .7.                 call  0x0B37
0B34  C37B09   .{.                 jp    0x097B
0B37  E7       .                   rst   0x20
0B38  F8       .                   ret   m
0B39  301E     0.                  jr    nc,$+32
0B3B  28B9     (.                  jr    z,$-69
0B3D  CD8E0A   ...                 call  0x0A8E
0B40  212479   !$y                 ld    hl,0x7924
0B43  7E       ~                   ld    a,(hl)
0B44  FE98     ..                  cp    0x98
0B46  3A2179   :!y                 ld    a,(0x7921)
0B49  D0       .                   ret   nc
0B4A  7E       ~                   ld    a,(hl)
0B4B  CDFB0A   ...                 call  0x0AFB
0B4E  3698     6.                  ld    (hl),0x98
0B50  7B       {                   ld    a,e
0B51  F5       .                   push  af
0B52  79       y                   ld    a,c
0B53  17       .                   rla   
0B54  CD6207   .b.                 call  0x0762
0B57  F1       .                   pop   af
0B58  C9       .                   ret   
0B59  212479   !$y                 ld    hl,0x7924
0B5C  7E       ~                   ld    a,(hl)
0B5D  FE90     ..                  cp    0x90
0B5F  DA7F0A   ...                 jp    c,0x0A7F
0B62  2014      .                  jr    nz,$+22
0B64  4F       O                   ld    c,a
0B65  2B       +                   dec   hl
0B66  7E       ~                   ld    a,(hl)
0B67  EE80     ..                  xor   0x80
0B69  0606     ..                  ld    b,0x06
0B6B  2B       +                   dec   hl
0B6C  B6       .                   or    (hl)
0B6D  05       .                   dec   b
0B6E  20FB      .                  jr    nz,$-3
0B70  B7       .                   or    a
0B71  210080   !..                 ld    hl,0x8000
0B74  CA9A0A   ...                 jp    z,0x0A9A
0B77  79       y                   ld    a,c
0B78  FEB8     ..                  cp    0xB8
0B7A  D0       .                   ret   nc
0B7B  F5       .                   push  af
0B7C  CDBF09   ...                 call  0x09BF
0B7F  CDDF09   ...                 call  0x09DF
0B82  AE       .                   xor   (hl)
0B83  2B       +                   dec   hl
0B84  36B8     6.                  ld    (hl),0xB8
0B86  F5       .                   push  af
0B87  FCA00B   ...                 call  m,0x0BA0
0B8A  212379   !#y                 ld    hl,0x7923
0B8D  3EB8     >.                  ld    a,0xB8
0B8F  90       .                   sub   b
0B90  CD690D   .i.                 call  0x0D69
0B93  F1       .                   pop   af
0B94  FC200D   . .                 call  m,0x0D20
0B97  AF       .                   xor   a
0B98  321C79   2.y                 ld    (0x791C),a
0B9B  F1       .                   pop   af
0B9C  D0       .                   ret   nc
0B9D  C3D80C   ...                 jp    0x0CD8
0BA0  211D79   !.y                 ld    hl,0x791D
0BA3  7E       ~                   ld    a,(hl)
0BA4  35       5                   dec   (hl)
0BA5  B7       .                   or    a
0BA6  23       #                   inc   hl
0BA7  28FA     (.                  jr    z,$-4
0BA9  C9       .                   ret   
0BAA  E5       .                   push  hl
0BAB  210000   !..                 ld    hl,START
0BAE  78       x                   ld    a,b
0BAF  B1       .                   or    c
0BB0  2812     (.                  jr    z,$+20
0BB2  3E10     >.                  ld    a,0x10
0BB4  29       )                   add   hl,hl
0BB5  DA3D27   .='                 jp    c,0x273D
0BB8  EB       .                   ex    de,hl
0BB9  29       )                   add   hl,hl
0BBA  EB       .                   ex    de,hl
0BBB  3004     0.                  jr    nc,$+6
0BBD  09       .                   add   hl,bc
0BBE  DA3D27   .='                 jp    c,0x273D
0BC1  3D       =                   dec   a
0BC2  20F0      .                  jr    nz,$-14
0BC4  EB       .                   ex    de,hl
0BC5  E1       .                   pop   hl
0BC6  C9       .                   ret   
0BC7  7C       |                   ld    a,h
0BC8  17       .                   rla   
0BC9  9F       .                   sbc   a,a
0BCA  47       G                   ld    b,a
0BCB  CD510C   .Q.                 call  0x0C51
0BCE  79       y                   ld    a,c
0BCF  98       .                   sbc   a,b
0BD0  1803     ..                  jr    $+5
0BD2  7C       |                   ld    a,h
0BD3  17       .                   rla   
0BD4  9F       .                   sbc   a,a
0BD5  47       G                   ld    b,a
0BD6  E5       .                   push  hl
0BD7  7A       z                   ld    a,d
0BD8  17       .                   rla   
0BD9  9F       .                   sbc   a,a
0BDA  19       .                   add   hl,de
0BDB  88       .                   adc   a,b
0BDC  0F       .                   rrca  
0BDD  AC       .                   xor   h
0BDE  F2990A   ...                 jp    p,0x0A99
0BE1  C5       .                   push  bc
0BE2  EB       .                   ex    de,hl
0BE3  CDCF0A   ...                 call  0x0ACF
0BE6  F1       .                   pop   af
0BE7  E1       .                   pop   hl
0BE8  CDA409   ...                 call  0x09A4
0BEB  EB       .                   ex    de,hl
0BEC  CD6B0C   .k.                 call  0x0C6B
0BEF  C38F0F   ...                 jp    0x0F8F
0BF2  7C       |                   ld    a,h
0BF3  B5       .                   or    l
0BF4  CA9A0A   ...                 jp    z,0x0A9A
0BF7  E5       .                   push  hl
0BF8  D5       .                   push  de
0BF9  CD450C   .E.                 call  0x0C45
0BFC  C5       .                   push  bc
0BFD  44       D                   ld    b,h
0BFE  4D       M                   ld    c,l
0BFF  210000   !..                 ld    hl,START
0C02  3E10     >.                  ld    a,0x10
0C04  29       )                   add   hl,hl
0C05  381F     8.                  jr    c,$+33
0C07  EB       .                   ex    de,hl
0C08  29       )                   add   hl,hl
0C09  EB       .                   ex    de,hl
0C0A  3004     0.                  jr    nc,$+6
0C0C  09       .                   add   hl,bc
0C0D  DA260C   .&.                 jp    c,0x0C26
0C10  3D       =                   dec   a
0C11  20F1      .                  jr    nz,$-13
0C13  C1       .                   pop   bc
0C14  D1       .                   pop   de
0C15  7C       |                   ld    a,h
0C16  B7       .                   or    a
0C17  FA1F0C   ...                 jp    m,0x0C1F
0C1A  D1       .                   pop   de
0C1B  78       x                   ld    a,b
0C1C  C34D0C   .M.                 jp    0x0C4D
0C1F  EE80     ..                  xor   0x80
0C21  B5       .                   or    l
0C22  2813     (.                  jr    z,$+21
0C24  EB       .                   ex    de,hl
0C25  01C1E1   ...                 ld    bc,0xE1C1
0C28  CDCF0A   ...                 call  0x0ACF
0C2B  E1       .                   pop   hl
0C2C  CDA409   ...                 call  0x09A4
0C2F  CDCF0A   ...                 call  0x0ACF
0C32  C1       .                   pop   bc
0C33  D1       .                   pop   de
0C34  C34708   .G.                 jp    0x0847
0C37  78       x                   ld    a,b
0C38  B7       .                   or    a
0C39  C1       .                   pop   bc
0C3A  FA9A0A   ...                 jp    m,0x0A9A
0C3D  D5       .                   push  de
0C3E  CDCF0A   ...                 call  0x0ACF
0C41  D1       .                   pop   de
0C42  C38209   ...                 jp    0x0982
0C45  7C       |                   ld    a,h
0C46  AA       .                   xor   d
0C47  47       G                   ld    b,a
0C48  CD4C0C   .L.                 call  0x0C4C
0C4B  EB       .                   ex    de,hl
0C4C  7C       |                   ld    a,h
0C4D  B7       .                   or    a
0C4E  F29A0A   ...                 jp    p,0x0A9A
0C51  AF       .                   xor   a
0C52  4F       O                   ld    c,a
0C53  95       .                   sub   l
0C54  6F       o                   ld    l,a
0C55  79       y                   ld    a,c
0C56  9C       .                   sbc   a,h
0C57  67       g                   ld    h,a
0C58  C39A0A   ...                 jp    0x0A9A
0C5B  2A2179   *!y                 ld    hl,(0x7921)
0C5E  CD510C   .Q.                 call  0x0C51
0C61  7C       |                   ld    a,h
0C62  EE80     ..                  xor   0x80
0C64  B5       .                   or    l
0C65  C0       .                   ret   nz
0C66  EB       .                   ex    de,hl
0C67  CDEF0A   ...                 call  0x0AEF
0C6A  AF       .                   xor   a
0C6B  0698     ..                  ld    b,0x98
0C6D  C36909   .i.                 jp    0x0969
0C70  212D79   !-y                 ld    hl,0x792D
0C73  7E       ~                   ld    a,(hl)
0C74  EE80     ..                  xor   0x80
0C76  77       w                   ld    (hl),a
0C77  212E79   !.y                 ld    hl,0x792E
0C7A  7E       ~                   ld    a,(hl)
0C7B  B7       .                   or    a
0C7C  C8       .                   ret   z
0C7D  47       G                   ld    b,a
0C7E  2B       +                   dec   hl
0C7F  4E       N                   ld    c,(hl)
0C80  112479   .$y                 ld    de,0x7924
0C83  1A       .                   ld    a,(de)
0C84  B7       .                   or    a
0C85  CAF409   ...                 jp    z,0x09F4
0C88  90       .                   sub   b
0C89  3016     0.                  jr    nc,$+24
0C8B  2F       /                   cpl   
0C8C  3C       <                   inc   a
0C8D  F5       .                   push  af
0C8E  0E08     ..                  ld    c,0x08
0C90  23       #                   inc   hl
0C91  E5       .                   push  hl
0C92  1A       .                   ld    a,(de)
0C93  46       F                   ld    b,(hl)
0C94  77       w                   ld    (hl),a
0C95  78       x                   ld    a,b
0C96  12       .                   ld    (de),a
0C97  1B       .                   dec   de
0C98  2B       +                   dec   hl
0C99  0D       .                   dec   c
0C9A  20F6      .                  jr    nz,$-8
0C9C  E1       .                   pop   hl
0C9D  46       F                   ld    b,(hl)
0C9E  2B       +                   dec   hl
0C9F  4E       N                   ld    c,(hl)
0CA0  F1       .                   pop   af
0CA1  FE39     .9                  cp    0x39
0CA3  D0       .                   ret   nc
0CA4  F5       .                   push  af
0CA5  CDDF09   ...                 call  0x09DF
0CA8  23       #                   inc   hl
0CA9  3600     6.                  ld    (hl),0x00
0CAB  47       G                   ld    b,a
0CAC  F1       .                   pop   af
0CAD  212D79   !-y                 ld    hl,0x792D
0CB0  CD690D   .i.                 call  0x0D69
0CB3  3A2679   :&y                 ld    a,(0x7926)
0CB6  321C79   2.y                 ld    (0x791C),a
0CB9  78       x                   ld    a,b
0CBA  B7       .                   or    a
0CBB  F2CF0C   ...                 jp    p,0x0CCF
0CBE  CD330D   .3.                 call  0x0D33
0CC1  D20E0D   ...                 jp    nc,0x0D0E
0CC4  EB       .                   ex    de,hl
0CC5  34       4                   inc   (hl)
0CC6  CAB207   ...                 jp    z,0x07B2
0CC9  CD900D   ...                 call  0x0D90
0CCC  C30E0D   ...                 jp    0x0D0E
0CCF  CD450D   .E.                 call  0x0D45
0CD2  212579   !%y                 ld    hl,0x7925
0CD5  DC570D   .W.                 call  c,0x0D57
0CD8  AF       .                   xor   a
0CD9  47       G                   ld    b,a
0CDA  3A2379   :#y                 ld    a,(0x7923)
0CDD  B7       .                   or    a
0CDE  201E      .                  jr    nz,$+32
0CE0  211C79   !.y                 ld    hl,0x791C
0CE3  0E08     ..                  ld    c,0x08
0CE5  56       V                   ld    d,(hl)
0CE6  77       w                   ld    (hl),a
0CE7  7A       z                   ld    a,d
0CE8  23       #                   inc   hl
0CE9  0D       .                   dec   c
0CEA  20F9      .                  jr    nz,$-5
0CEC  78       x                   ld    a,b
0CED  D608     ..                  sub   0x08
0CEF  FEC0     ..                  cp    0xC0
0CF1  20E6      .                  jr    nz,$-24
0CF3  C37807   .x.                 jp    0x0778
0CF6  05       .                   dec   b
0CF7  211C79   !.y                 ld    hl,0x791C
0CFA  CD970D   ...                 call  0x0D97
0CFD  B7       .                   or    a
0CFE  F2F60C   ...                 jp    p,0x0CF6
0D01  78       x                   ld    a,b
0D02  B7       .                   or    a
0D03  2809     (.                  jr    z,$+11
0D05  212479   !$y                 ld    hl,0x7924
0D08  86       .                   add   a,(hl)
0D09  77       w                   ld    (hl),a
0D0A  D27807   .x.                 jp    nc,0x0778
0D0D  C8       .                   ret   z
0D0E  3A1C79   :.y                 ld    a,(0x791C)
0D11  B7       .                   or    a
0D12  FC200D   . .                 call  m,0x0D20
0D15  212579   !%y                 ld    hl,0x7925
0D18  7E       ~                   ld    a,(hl)
0D19  E680     ..                  and   0x80
0D1B  2B       +                   dec   hl
0D1C  2B       +                   dec   hl
0D1D  AE       .                   xor   (hl)
0D1E  77       w                   ld    (hl),a
0D1F  C9       .                   ret   
0D20  211D79   !.y                 ld    hl,0x791D
0D23  0607     ..                  ld    b,0x07
0D25  34       4                   inc   (hl)
0D26  C0       .                   ret   nz
0D27  23       #                   inc   hl
0D28  05       .                   dec   b
0D29  20FA      .                  jr    nz,$-4
0D2B  34       4                   inc   (hl)
0D2C  CAB207   ...                 jp    z,0x07B2
0D2F  2B       +                   dec   hl
0D30  3680     6.                  ld    (hl),0x80
0D32  C9       .                   ret   
0D33  212779   !'y                 ld    hl,0x7927
0D36  111D79   ..y                 ld    de,0x791D
0D39  0E07     ..                  ld    c,0x07
0D3B  AF       .                   xor   a
0D3C  1A       .                   ld    a,(de)
0D3D  8E       .                   adc   a,(hl)
0D3E  12       .                   ld    (de),a
0D3F  13       .                   inc   de
0D40  23       #                   inc   hl
0D41  0D       .                   dec   c
0D42  20F8      .                  jr    nz,$-6
0D44  C9       .                   ret   
0D45  212779   !'y                 ld    hl,0x7927
0D48  111D79   ..y                 ld    de,0x791D
0D4B  0E07     ..                  ld    c,0x07
0D4D  AF       .                   xor   a
0D4E  1A       .                   ld    a,(de)
0D4F  9E       .                   sbc   a,(hl)
0D50  12       .                   ld    (de),a
0D51  13       .                   inc   de
0D52  23       #                   inc   hl
0D53  0D       .                   dec   c
0D54  20F8      .                  jr    nz,$-6
0D56  C9       .                   ret   
0D57  7E       ~                   ld    a,(hl)
0D58  2F       /                   cpl   
0D59  77       w                   ld    (hl),a
0D5A  211C79   !.y                 ld    hl,0x791C
0D5D  0608     ..                  ld    b,0x08
0D5F  AF       .                   xor   a
0D60  4F       O                   ld    c,a
0D61  79       y                   ld    a,c
0D62  9E       .                   sbc   a,(hl)
0D63  77       w                   ld    (hl),a
0D64  23       #                   inc   hl
0D65  05       .                   dec   b
0D66  20F9      .                  jr    nz,$-5
0D68  C9       .                   ret   
0D69  71       q                   ld    (hl),c
0D6A  E5       .                   push  hl
0D6B  D608     ..                  sub   0x08
0D6D  380E     8.                  jr    c,$+16
0D6F  E1       .                   pop   hl
0D70  E5       .                   push  hl
0D71  110008   ...                 ld    de,0x0800
0D74  4E       N                   ld    c,(hl)
0D75  73       s                   ld    (hl),e
0D76  59       Y                   ld    e,c
0D77  2B       +                   dec   hl
0D78  15       .                   dec   d
0D79  20F9      .                  jr    nz,$-5
0D7B  18EE     ..                  jr    $-16
0D7D  C609     ..                  add   a,0x09
0D7F  57       W                   ld    d,a
0D80  AF       .                   xor   a
0D81  E1       .                   pop   hl
0D82  15       .                   dec   d
0D83  C8       .                   ret   z
0D84  E5       .                   push  hl
0D85  1E08     ..                  ld    e,0x08
0D87  7E       ~                   ld    a,(hl)
0D88  1F       .                   rra   
0D89  77       w                   ld    (hl),a
0D8A  2B       +                   dec   hl
0D8B  1D       .                   dec   e
0D8C  20F9      .                  jr    nz,$-5
0D8E  18F0     ..                  jr    $-14
0D90  212379   !#y                 ld    hl,0x7923
0D93  1601     ..                  ld    d,0x01
0D95  18ED     ..                  jr    $-17
0D97  0E08     ..                  ld    c,0x08
0D99  7E       ~                   ld    a,(hl)
0D9A  17       .                   rla   
0D9B  77       w                   ld    (hl),a
0D9C  23       #                   inc   hl
0D9D  0D       .                   dec   c
0D9E  20F9      .                  jr    nz,$-5
0DA0  C9       .                   ret   
0DA1  CD5509   .U.                 call  0x0955
0DA4  C8       .                   ret   z
0DA5  CD0A09   ...                 call  0x090A
0DA8  CD390E   .9.                 call  0x0E39
0DAB  71       q                   ld    (hl),c
0DAC  13       .                   inc   de
0DAD  0607     ..                  ld    b,0x07
0DAF  1A       .                   ld    a,(de)
0DB0  13       .                   inc   de
0DB1  B7       .                   or    a
0DB2  D5       .                   push  de
0DB3  2817     (.                  jr    z,$+25
0DB5  0E08     ..                  ld    c,0x08
0DB7  C5       .                   push  bc
0DB8  1F       .                   rra   
0DB9  47       G                   ld    b,a
0DBA  DC330D   .3.                 call  c,0x0D33
0DBD  CD900D   ...                 call  0x0D90
0DC0  78       x                   ld    a,b
0DC1  C1       .                   pop   bc
0DC2  0D       .                   dec   c
0DC3  20F2      .                  jr    nz,$-12
0DC5  D1       .                   pop   de
0DC6  05       .                   dec   b
0DC7  20E6      .                  jr    nz,$-24
0DC9  C3D80C   ...                 jp    0x0CD8
0DCC  212379   !#y                 ld    hl,0x7923
0DCF  CD700D   .p.                 call  0x0D70
0DD2  18F1     ..                  jr    $-13
0DD4  00       .                   nop   
0DD5  00       .                   nop   
0DD6  00       .                   nop   
0DD7  00       .                   nop   
0DD8  00       .                   nop   
0DD9  00       .                   nop   
0DDA  2084      .                  jr    nz,$-122
0DDC  11D40D   ...                 ld    de,0x0DD4
0DDF  212779   !'y                 ld    hl,0x7927
0DE2  CDD309   ...                 call  0x09D3
0DE5  3A2E79   :.y                 ld    a,(0x792E)
0DE8  B7       .                   or    a
0DE9  CA9A19   ...                 jp    z,0x199A
0DEC  CD0709   ...                 call  0x0907
0DEF  34       4                   inc   (hl)
0DF0  34       4                   inc   (hl)
0DF1  CD390E   .9.                 call  0x0E39
0DF4  215179   !Qy                 ld    hl,0x7951
0DF7  71       q                   ld    (hl),c
0DF8  41       A                   ld    b,c
0DF9  114A79   .Jy                 ld    de,0x794A
0DFC  212779   !'y                 ld    hl,0x7927
0DFF  CD4B0D   .K.                 call  0x0D4B
0E02  1A       .                   ld    a,(de)
0E03  99       .                   sbc   a,c
0E04  3F       ?                   ccf   
0E05  380B     8.                  jr    c,$+13
0E07  114A79   .Jy                 ld    de,0x794A
0E0A  212779   !'y                 ld    hl,0x7927
0E0D  CD390D   .9.                 call  0x0D39
0E10  AF       .                   xor   a
0E11  DA1204   ...                 jp    c,0x0412
0E14  3A2379   :#y                 ld    a,(0x7923)
0E17  3C       <                   inc   a
0E18  3D       =                   dec   a
0E19  1F       .                   rra   
0E1A  FA110D   ...                 jp    m,0x0D11
0E1D  17       .                   rla   
0E1E  211D79   !.y                 ld    hl,0x791D
0E21  0E07     ..                  ld    c,0x07
0E23  CD990D   ...                 call  0x0D99
0E26  214A79   !Jy                 ld    hl,0x794A
0E29  CD970D   ...                 call  0x0D97
0E2C  78       x                   ld    a,b
0E2D  B7       .                   or    a
0E2E  20C9      .                  jr    nz,$-53
0E30  212479   !$y                 ld    hl,0x7924
0E33  35       5                   dec   (hl)
0E34  20C3      .                  jr    nz,$-59
0E36  C3B207   ...                 jp    0x07B2
0E39  79       y                   ld    a,c
0E3A  322D79   2-y                 ld    (0x792D),a
0E3D  2B       +                   dec   hl
0E3E  115079   .Py                 ld    de,0x7950
0E41  010007   ...                 ld    bc,0x0700
0E44  7E       ~                   ld    a,(hl)
0E45  12       .                   ld    (de),a
0E46  71       q                   ld    (hl),c
0E47  1B       .                   dec   de
0E48  2B       +                   dec   hl
0E49  05       .                   dec   b
0E4A  20F8      .                  jr    nz,$-6
0E4C  C9       .                   ret   
0E4D  CDFC09   ...                 call  0x09FC
0E50  EB       .                   ex    de,hl
0E51  2B       +                   dec   hl
0E52  7E       ~                   ld    a,(hl)
0E53  B7       .                   or    a
0E54  C8       .                   ret   z
0E55  C602     ..                  add   a,0x02
0E57  DAB207   ...                 jp    c,0x07B2
0E5A  77       w                   ld    (hl),a
0E5B  E5       .                   push  hl
0E5C  CD770C   .w.                 call  0x0C77
0E5F  E1       .                   pop   hl
0E60  34       4                   inc   (hl)
0E61  C0       .                   ret   nz
0E62  C3B207   ...                 jp    0x07B2
0E65  CD7807   .x.                 call  0x0778
0E68  CDEC0A   ...                 call  0x0AEC
0E6B  F6AF     ..                  or    0xAF
0E6D  EB       .                   ex    de,hl
0E6E  01FF00   ...                 ld    bc,0x00FF
0E71  60       `                   ld    h,b
0E72  68       h                   ld    l,b
0E73  CC9A0A   ...                 call  z,0x0A9A
0E76  EB       .                   ex    de,hl
0E77  7E       ~                   ld    a,(hl)
0E78  FE2D     .-                  cp    0x2D
0E7A  F5       .                   push  af
0E7B  CA830E   ...                 jp    z,0x0E83
0E7E  FE2B     .+                  cp    0x2B
0E80  2801     (.                  jr    z,$+3
0E82  2B       +                   dec   hl
0E83  D7       .                   rst   0x10
0E84  DA290F   .).                 jp    c,0x0F29
0E87  FE2E     ..                  cp    0x2E
0E89  CAE40E   ...                 jp    z,0x0EE4
0E8C  FE45     .E                  cp    0x45
0E8E  2814     (.                  jr    z,$+22
0E90  FE25     .%                  cp    0x25
0E92  CAEE0E   ...                 jp    z,0x0EEE
0E95  FE23     .#                  cp    0x23
0E97  CAF50E   ...                 jp    z,0x0EF5
0E9A  FE21     .!                  cp    0x21
0E9C  CAF60E   ...                 jp    z,0x0EF6
0E9F  FE44     .D                  cp    0x44
0EA1  2024      $                  jr    nz,$+38
0EA3  B7       .                   or    a
0EA4  CDFB0E   ...                 call  0x0EFB
0EA7  E5       .                   push  hl
0EA8  21BD0E   !..                 ld    hl,0x0EBD
0EAB  E3       .                   ex    (sp),hl
0EAC  D7       .                   rst   0x10
0EAD  15       .                   dec   d
0EAE  FECE     ..                  cp    0xCE
0EB0  C8       .                   ret   z
0EB1  FE2D     .-                  cp    0x2D
0EB3  C8       .                   ret   z
0EB4  14       .                   inc   d
0EB5  FECD     ..                  cp    0xCD
0EB7  C8       .                   ret   z
0EB8  FE2B     .+                  cp    0x2B
0EBA  C8       .                   ret   z
0EBB  2B       +                   dec   hl
0EBC  F1       .                   pop   af
0EBD  D7       .                   rst   0x10
0EBE  DA940F   ...                 jp    c,0x0F94
0EC1  14       .                   inc   d
0EC2  2003      .                  jr    nz,$+5
0EC4  AF       .                   xor   a
0EC5  93       .                   sub   e
0EC6  5F       _                   ld    e,a
0EC7  E5       .                   push  hl
0EC8  7B       {                   ld    a,e
0EC9  90       .                   sub   b
0ECA  F40A0F   ...                 call  p,0x0F0A
0ECD  FC180F   ...                 call  m,0x0F18
0ED0  20F8      .                  jr    nz,$-6
0ED2  E1       .                   pop   hl
0ED3  F1       .                   pop   af
0ED4  E5       .                   push  hl
0ED5  CC7B09   .{.                 call  z,0x097B
0ED8  E1       .                   pop   hl
0ED9  E7       .                   rst   0x20
0EDA  E8       .                   ret   pe
0EDB  E5       .                   push  hl
0EDC  219008   !..                 ld    hl,0x0890
0EDF  E5       .                   push  hl
0EE0  CDA30A   ...                 call  0x0AA3
0EE3  C9       .                   ret   
0EE4  E7       .                   rst   0x20
0EE5  0C       .                   inc   c
0EE6  20DF      .                  jr    nz,$-31
0EE8  DCFB0E   ...                 call  c,0x0EFB
0EEB  C3830E   ...                 jp    0x0E83
0EEE  E7       .                   rst   0x20
0EEF  F29719   ...                 jp    p,0x1997
0EF2  23       #                   inc   hl
0EF3  18D2     ..                  jr    $-44
0EF5  B7       .                   or    a
0EF6  CDFB0E   ...                 call  0x0EFB
0EF9  18F7     ..                  jr    $-7
0EFB  E5       .                   push  hl
0EFC  D5       .                   push  de
0EFD  C5       .                   push  bc
0EFE  F5       .                   push  af
0EFF  CCB10A   ...                 call  z,0x0AB1
0F02  F1       .                   pop   af
0F03  C4DB0A   ...                 call  nz,0x0ADB
0F06  C1       .                   pop   bc
0F07  D1       .                   pop   de
0F08  E1       .                   pop   hl
0F09  C9       .                   ret   
0F0A  C8       .                   ret   z
0F0B  F5       .                   push  af
0F0C  E7       .                   rst   0x20
0F0D  F5       .                   push  af
0F0E  E43E09   .>.                 call  po,0x093E
0F11  F1       .                   pop   af
0F12  EC4D0E   .M.                 call  pe,0x0E4D
0F15  F1       .                   pop   af
0F16  3D       =                   dec   a
0F17  C9       .                   ret   
0F18  D5       .                   push  de
0F19  E5       .                   push  hl
0F1A  F5       .                   push  af
0F1B  E7       .                   rst   0x20
0F1C  F5       .                   push  af
0F1D  E49708   ...                 call  po,0x0897
0F20  F1       .                   pop   af
0F21  ECDC0D   ...                 call  pe,0x0DDC
0F24  F1       .                   pop   af
0F25  E1       .                   pop   hl
0F26  D1       .                   pop   de
0F27  3C       <                   inc   a
0F28  C9       .                   ret   
0F29  D5       .                   push  de
0F2A  78       x                   ld    a,b
0F2B  89       .                   adc   a,c
0F2C  47       G                   ld    b,a
0F2D  C5       .                   push  bc
0F2E  E5       .                   push  hl
0F2F  7E       ~                   ld    a,(hl)
0F30  D630     .0                  sub   0x30
0F32  F5       .                   push  af
0F33  E7       .                   rst   0x20
0F34  F25D0F   .].                 jp    p,0x0F5D
0F37  2A2179   *!y                 ld    hl,(0x7921)
0F3A  11CD0C   ...                 ld    de,0x0CCD
0F3D  DF       .                   rst   0x18
0F3E  3019     0.                  jr    nc,$+27
0F40  54       T                   ld    d,h
0F41  5D       ]                   ld    e,l
0F42  29       )                   add   hl,hl
0F43  29       )                   add   hl,hl
0F44  19       .                   add   hl,de
0F45  29       )                   add   hl,hl
0F46  F1       .                   pop   af
0F47  4F       O                   ld    c,a
0F48  09       .                   add   hl,bc
0F49  7C       |                   ld    a,h
0F4A  B7       .                   or    a
0F4B  FA570F   .W.                 jp    m,0x0F57
0F4E  222179   "!y                 ld    (0x7921),hl
0F51  E1       .                   pop   hl
0F52  C1       .                   pop   bc
0F53  D1       .                   pop   de
0F54  C3830E   ...                 jp    0x0E83
0F57  79       y                   ld    a,c
0F58  F5       .                   push  af
0F59  CDCC0A   ...                 call  0x0ACC
0F5C  37       7                   scf   
0F5D  3018     0.                  jr    nc,$+26
0F5F  017494   .t.                 ld    bc,0x9474
0F62  110024   ..$                 ld    de,0x2400
0F65  CD0C0A   ...                 call  0x0A0C
0F68  F2740F   .t.                 jp    p,0x0F74
0F6B  CD3E09   .>.                 call  0x093E
0F6E  F1       .                   pop   af
0F6F  CD890F   ...                 call  0x0F89
0F72  18DD     ..                  jr    $-33
0F74  CDE30A   ...                 call  0x0AE3
0F77  CD4D0E   .M.                 call  0x0E4D
0F7A  CDFC09   ...                 call  0x09FC
0F7D  F1       .                   pop   af
0F7E  CD6409   .d.                 call  0x0964
0F81  CDE30A   ...                 call  0x0AE3
0F84  CD770C   .w.                 call  0x0C77
0F87  18C8     ..                  jr    $-54
0F89  CDA409   ...                 call  0x09A4
0F8C  CD6409   .d.                 call  0x0964
0F8F  C1       .                   pop   bc
0F90  D1       .                   pop   de
0F91  C31607   ...                 jp    0x0716
0F94  7B       {                   ld    a,e
0F95  FE0A     ..                  cp    0x0A
0F97  3009     0.                  jr    nc,$+11
0F99  07       .                   rlca  
0F9A  07       .                   rlca  
0F9B  83       .                   add   a,e
0F9C  07       .                   rlca  
0F9D  86       .                   add   a,(hl)
0F9E  D630     .0                  sub   0x30
0FA0  5F       _                   ld    e,a
0FA1  FA1E32   ..2                 jp    m,0x321E
0FA4  C3BD0E   ...                 jp    0x0EBD
0FA7  E5       .                   push  hl
0FA8  212419   !$.                 ld    hl,0x1924
0FAB  CDA728   ..(                 call  OUTSTR
0FAE  E1       .                   pop   hl
0FAF  CD9A0A   ...                 call  0x0A9A
0FB2  AF       .                   xor   a
0FB3  CD3410   .4.                 call  0x1034
0FB6  B6       .                   or    (hl)
0FB7  CDD90F   ...                 call  0x0FD9
0FBA  C3A628   ..(                 jp    0x28A6
0FBD  AF       .                   xor   a
0FBE  CD3410   .4.                 call  0x1034
0FC1  E608     ..                  and   0x08
0FC3  2802     (.                  jr    z,$+4
0FC5  362B     6+                  ld    (hl),0x2B
0FC7  EB       .                   ex    de,hl
0FC8  CD9409   ...                 call  0x0994
0FCB  EB       .                   ex    de,hl
0FCC  F2D90F   ...                 jp    p,0x0FD9
0FCF  362D     6-                  ld    (hl),0x2D
0FD1  C5       .                   push  bc
0FD2  E5       .                   push  hl
0FD3  CD7B09   .{.                 call  0x097B
0FD6  E1       .                   pop   hl
0FD7  C1       .                   pop   bc
0FD8  B4       .                   or    h
0FD9  23       #                   inc   hl
0FDA  3630     60                  ld    (hl),0x30
0FDC  3AD878   :.x                 ld    a,(0x78D8)
0FDF  57       W                   ld    d,a
0FE0  17       .                   rla   
0FE1  3AAF78   :.x                 ld    a,(0x78AF)
0FE4  DA9A10   ...                 jp    c,0x109A
0FE7  CA9210   ...                 jp    z,0x1092
0FEA  FE04     ..                  cp    0x04
0FEC  D23D10   .=.                 jp    nc,0x103D
0FEF  010000   ...                 ld    bc,START
0FF2  CD2F13   ./.                 call  0x132F
0FF5  213079   !0y                 ld    hl,0x7930
0FF8  46       F                   ld    b,(hl)
0FF9  0E20     .                   ld    c,0x20
0FFB  3AD878   :.x                 ld    a,(0x78D8)
0FFE  5F       _                   ld    e,a
0FFF  E620     .                   and   0x20
1001  2807     (.                  jr    z,$+9
1003  78       x                   ld    a,b
1004  B9       .                   cp    c
1005  0E2A     .*                  ld    c,0x2A
1007  2001      .                  jr    nz,$+3
1009  41       A                   ld    b,c
100A  71       q                   ld    (hl),c
100B  D7       .                   rst   0x10
100C  2814     (.                  jr    z,$+22
100E  FE45     .E                  cp    0x45
1010  2810     (.                  jr    z,$+18
1012  FE44     .D                  cp    0x44
1014  280C     (.                  jr    z,$+14
1016  FE30     .0                  cp    0x30
1018  28F0     (.                  jr    z,$-14
101A  FE2C     .,                  cp    0x2C
101C  28EC     (.                  jr    z,$-18
101E  FE2E     ..                  cp    0x2E
1020  2003      .                  jr    nz,$+5
1022  2B       +                   dec   hl
1023  3630     60                  ld    (hl),0x30
1025  7B       {                   ld    a,e
1026  E610     ..                  and   0x10
1028  2803     (.                  jr    z,$+5
102A  2B       +                   dec   hl
102B  3624     6$                  ld    (hl),0x24
102D  7B       {                   ld    a,e
102E  E604     ..                  and   0x04
1030  C0       .                   ret   nz
1031  2B       +                   dec   hl
1032  70       p                   ld    (hl),b
1033  C9       .                   ret   
1034  32D878   2.x                 ld    (0x78D8),a
1037  213079   !0y                 ld    hl,0x7930
103A  3620     6                   ld    (hl),0x20
103C  C9       .                   ret   
103D  FE05     ..                  cp    0x05
103F  E5       .                   push  hl
1040  DE00     ..                  sbc   a,0x00
1042  17       .                   rla   
1043  57       W                   ld    d,a
1044  14       .                   inc   d
1045  CD0112   ...                 call  0x1201
1048  010003   ...                 ld    bc,0x0300
104B  82       .                   add   a,d
104C  FA5710   .W.                 jp    m,0x1057
104F  14       .                   inc   d
1050  BA       .                   cp    d
1051  3004     0.                  jr    nc,$+6
1053  3C       <                   inc   a
1054  47       G                   ld    b,a
1055  3E02     >.                  ld    a,0x02
1057  D602     ..                  sub   0x02
1059  E1       .                   pop   hl
105A  F5       .                   push  af
105B  CD9112   ...                 call  0x1291
105E  3630     60                  ld    (hl),0x30
1060  CCC909   ...                 call  z,0x09C9
1063  CDA412   ...                 call  0x12A4
1066  2B       +                   dec   hl
1067  7E       ~                   ld    a,(hl)
1068  FE30     .0                  cp    0x30
106A  28FA     (.                  jr    z,$-4
106C  FE2E     ..                  cp    0x2E
106E  C4C909   ...                 call  nz,0x09C9
1071  F1       .                   pop   af
1072  281F     (.                  jr    z,$+33
1074  F5       .                   push  af
1075  E7       .                   rst   0x20
1076  3E22     >"                  ld    a,0x22
1078  8F       .                   adc   a,a
1079  77       w                   ld    (hl),a
107A  23       #                   inc   hl
107B  F1       .                   pop   af
107C  362B     6+                  ld    (hl),0x2B
107E  F28510   ...                 jp    p,0x1085
1081  362D     6-                  ld    (hl),0x2D
1083  2F       /                   cpl   
1084  3C       <                   inc   a
1085  062F     ./                  ld    b,0x2F
1087  04       .                   inc   b
1088  D60A     ..                  sub   0x0A
108A  30FB     0.                  jr    nc,$-3
108C  C63A     .:                  add   a,0x3A
108E  23       #                   inc   hl
108F  70       p                   ld    (hl),b
1090  23       #                   inc   hl
1091  77       w                   ld    (hl),a
1092  23       #                   inc   hl
1093  3600     6.                  ld    (hl),0x00
1095  EB       .                   ex    de,hl
1096  213079   !0y                 ld    hl,0x7930
1099  C9       .                   ret   
109A  23       #                   inc   hl
109B  C5       .                   push  bc
109C  FE04     ..                  cp    0x04
109E  7A       z                   ld    a,d
109F  D20911   ...                 jp    nc,0x1109
10A2  1F       .                   rra   
10A3  DAA311   ...                 jp    c,0x11A3
10A6  010306   ...                 ld    bc,0x0603
10A9  CD8912   ...                 call  0x1289
10AC  D1       .                   pop   de
10AD  7A       z                   ld    a,d
10AE  D605     ..                  sub   0x05
10B0  F46912   .i.                 call  p,0x1269
10B3  CD2F13   ./.                 call  0x132F
10B6  7B       {                   ld    a,e
10B7  B7       .                   or    a
10B8  CC2F09   ./.                 call  z,0x092F
10BB  3D       =                   dec   a
10BC  F46912   .i.                 call  p,0x1269
10BF  E5       .                   push  hl
10C0  CDF50F   ...                 call  0x0FF5
10C3  E1       .                   pop   hl
10C4  2802     (.                  jr    z,$+4
10C6  70       p                   ld    (hl),b
10C7  23       #                   inc   hl
10C8  3600     6.                  ld    (hl),0x00
10CA  212F79   !/y                 ld    hl,0x792F
10CD  23       #                   inc   hl
10CE  3AF378   :.x                 ld    a,(0x78F3)
10D1  95       .                   sub   l
10D2  92       .                   sub   d
10D3  C8       .                   ret   z
10D4  7E       ~                   ld    a,(hl)
10D5  FE20     .                   cp    0x20
10D7  28F4     (.                  jr    z,$-10
10D9  FE2A     .*                  cp    0x2A
10DB  28F0     (.                  jr    z,$-14
10DD  2B       +                   dec   hl
10DE  E5       .                   push  hl
10DF  F5       .                   push  af
10E0  01DF10   ...                 ld    bc,0x10DF
10E3  C5       .                   push  bc
10E4  D7       .                   rst   0x10
10E5  FE2D     .-                  cp    0x2D
10E7  C8       .                   ret   z
10E8  FE2B     .+                  cp    0x2B
10EA  C8       .                   ret   z
10EB  FE24     .$                  cp    0x24
10ED  C8       .                   ret   z
10EE  C1       .                   pop   bc
10EF  FE30     .0                  cp    0x30
10F1  200F      .                  jr    nz,$+17
10F3  23       #                   inc   hl
10F4  D7       .                   rst   0x10
10F5  300B     0.                  jr    nc,$+13
10F7  2B       +                   dec   hl
10F8  012B77   .+w                 ld    bc,0x772B
10FB  F1       .                   pop   af
10FC  28FB     (.                  jr    z,$-3
10FE  C1       .                   pop   bc
10FF  C3CE10   ...                 jp    0x10CE
1102  F1       .                   pop   af
1103  28FD     (.                  jr    z,$-1
1105  E1       .                   pop   hl
1106  3625     6%                  ld    (hl),0x25
1108  C9       .                   ret   
1109  E5       .                   push  hl
110A  1F       .                   rra   
110B  DAAA11   ...                 jp    c,0x11AA
110E  2814     (.                  jr    z,$+22
1110  118413   ...                 ld    de,0x1384
1113  CD490A   .I.                 call  0x0A49
1116  1610     ..                  ld    d,0x10
1118  FA3211   .2.                 jp    m,0x1132
111B  E1       .                   pop   hl
111C  C1       .                   pop   bc
111D  CDBD0F   ...                 call  0x0FBD
1120  2B       +                   dec   hl
1121  3625     6%                  ld    (hl),0x25
1123  C9       .                   ret   
1124  010EB6   ...                 ld    bc,0xB60E
1127  11CA1B   ...                 ld    de,0x1BCA
112A  CD0C0A   ...                 call  0x0A0C
112D  F21B11   ...                 jp    p,0x111B
1130  1606     ..                  ld    d,0x06
1132  CD5509   .U.                 call  0x0955
1135  C40112   ...                 call  nz,0x1201
1138  E1       .                   pop   hl
1139  C1       .                   pop   bc
113A  FA5711   .W.                 jp    m,0x1157
113D  C5       .                   push  bc
113E  5F       _                   ld    e,a
113F  78       x                   ld    a,b
1140  92       .                   sub   d
1141  93       .                   sub   e
1142  F46912   .i.                 call  p,0x1269
1145  CD7D12   .}.                 call  0x127D
1148  CDA412   ...                 call  0x12A4
114B  B3       .                   or    e
114C  C47712   .w.                 call  nz,0x1277
114F  B3       .                   or    e
1150  C49112   ...                 call  nz,0x1291
1153  D1       .                   pop   de
1154  C3B610   ...                 jp    0x10B6
1157  5F       _                   ld    e,a
1158  79       y                   ld    a,c
1159  B7       .                   or    a
115A  C4160F   ...                 call  nz,0x0F16
115D  83       .                   add   a,e
115E  FA6211   .b.                 jp    m,0x1162
1161  AF       .                   xor   a
1162  C5       .                   push  bc
1163  F5       .                   push  af
1164  FC180F   ...                 call  m,0x0F18
1167  FA6411   .d.                 jp    m,0x1164
116A  C1       .                   pop   bc
116B  7B       {                   ld    a,e
116C  90       .                   sub   b
116D  C1       .                   pop   bc
116E  5F       _                   ld    e,a
116F  82       .                   add   a,d
1170  78       x                   ld    a,b
1171  FA7F11   ...                 jp    m,0x117F
1174  92       .                   sub   d
1175  93       .                   sub   e
1176  F46912   .i.                 call  p,0x1269
1179  C5       .                   push  bc
117A  CD7D12   .}.                 call  0x127D
117D  1811     ..                  jr    $+19
117F  CD6912   .i.                 call  0x1269
1182  79       y                   ld    a,c
1183  CD9412   ...                 call  0x1294
1186  4F       O                   ld    c,a
1187  AF       .                   xor   a
1188  92       .                   sub   d
1189  93       .                   sub   e
118A  CD6912   .i.                 call  0x1269
118D  C5       .                   push  bc
118E  47       G                   ld    b,a
118F  4F       O                   ld    c,a
1190  CDA412   ...                 call  0x12A4
1193  C1       .                   pop   bc
1194  B1       .                   or    c
1195  2003      .                  jr    nz,$+5
1197  2AF378   *.x                 ld    hl,(0x78F3)
119A  83       .                   add   a,e
119B  3D       =                   dec   a
119C  F46912   .i.                 call  p,0x1269
119F  50       P                   ld    d,b
11A0  C3BF10   ...                 jp    0x10BF
11A3  E5       .                   push  hl
11A4  D5       .                   push  de
11A5  CDCC0A   ...                 call  0x0ACC
11A8  D1       .                   pop   de
11A9  AF       .                   xor   a
11AA  CAB011   ...                 jp    z,0x11B0
11AD  1E10     ..                  ld    e,0x10
11AF  011E06   ...                 ld    bc,0x061E
11B2  CD5509   .U.                 call  0x0955
11B5  37       7                   scf   
11B6  C40112   ...                 call  nz,0x1201
11B9  E1       .                   pop   hl
11BA  C1       .                   pop   bc
11BB  F5       .                   push  af
11BC  79       y                   ld    a,c
11BD  B7       .                   or    a
11BE  F5       .                   push  af
11BF  C4160F   ...                 call  nz,0x0F16
11C2  80       .                   add   a,b
11C3  4F       O                   ld    c,a
11C4  7A       z                   ld    a,d
11C5  E604     ..                  and   0x04
11C7  FE01     ..                  cp    0x01
11C9  9F       .                   sbc   a,a
11CA  57       W                   ld    d,a
11CB  81       .                   add   a,c
11CC  4F       O                   ld    c,a
11CD  93       .                   sub   e
11CE  F5       .                   push  af
11CF  C5       .                   push  bc
11D0  FC180F   ...                 call  m,0x0F18
11D3  FAD011   ...                 jp    m,0x11D0
11D6  C1       .                   pop   bc
11D7  F1       .                   pop   af
11D8  C5       .                   push  bc
11D9  F5       .                   push  af
11DA  FADE11   ...                 jp    m,0x11DE
11DD  AF       .                   xor   a
11DE  2F       /                   cpl   
11DF  3C       <                   inc   a
11E0  80       .                   add   a,b
11E1  3C       <                   inc   a
11E2  82       .                   add   a,d
11E3  47       G                   ld    b,a
11E4  0E00     ..                  ld    c,0x00
11E6  CDA412   ...                 call  0x12A4
11E9  F1       .                   pop   af
11EA  F47112   .q.                 call  p,0x1271
11ED  C1       .                   pop   bc
11EE  F1       .                   pop   af
11EF  CC2F09   ./.                 call  z,0x092F
11F2  F1       .                   pop   af
11F3  3803     8.                  jr    c,$+5
11F5  83       .                   add   a,e
11F6  90       .                   sub   b
11F7  92       .                   sub   d
11F8  C5       .                   push  bc
11F9  CD7410   .t.                 call  0x1074
11FC  EB       .                   ex    de,hl
11FD  D1       .                   pop   de
11FE  C3BF10   ...                 jp    0x10BF
1201  D5       .                   push  de
1202  AF       .                   xor   a
1203  F5       .                   push  af
1204  E7       .                   rst   0x20
1205  E22212   .".                 jp    po,0x1222
1208  3A2479   :$y                 ld    a,(0x7924)
120B  FE91     ..                  cp    0x91
120D  D22212   .".                 jp    nc,0x1222
1210  116413   .d.                 ld    de,0x1364
1213  212779   !'y                 ld    hl,0x7927
1216  CDD309   ...                 call  0x09D3
1219  CDA10D   ...                 call  0x0DA1
121C  F1       .                   pop   af
121D  D60A     ..                  sub   0x0A
121F  F5       .                   push  af
1220  18E6     ..                  jr    $-24
1222  CD4F12   .O.                 call  0x124F
1225  E7       .                   rst   0x20
1226  EA3412   .4.                 jp    pe,0x1234
1229  014391   .C.                 ld    bc,0x9143
122C  11F94F   ..O                 ld    de,0x4FF9
122F  CD0C0A   ...                 call  0x0A0C
1232  1806     ..                  jr    $+8
1234  116C13   .l.                 ld    de,0x136C
1237  CD490A   .I.                 call  0x0A49
123A  F24C12   .L.                 jp    p,0x124C
123D  F1       .                   pop   af
123E  CD0B0F   ...                 call  0x0F0B
1241  F5       .                   push  af
1242  18E1     ..                  jr    $-29
1244  F1       .                   pop   af
1245  CD180F   ...                 call  0x0F18
1248  F5       .                   push  af
1249  CD4F12   .O.                 call  0x124F
124C  F1       .                   pop   af
124D  D1       .                   pop   de
124E  C9       .                   ret   
124F  E7       .                   rst   0x20
1250  EA5E12   .^.                 jp    pe,0x125E
1253  017494   .t.                 ld    bc,0x9474
1256  11F823   ..#                 ld    de,0x23F8
1259  CD0C0A   ...                 call  0x0A0C
125C  1806     ..                  jr    $+8
125E  117413   .t.                 ld    de,0x1374
1261  CD490A   .I.                 call  0x0A49
1264  E1       .                   pop   hl
1265  F24412   .D.                 jp    p,0x1244
1268  E9       .                   jp    (hl)
1269  B7       .                   or    a
126A  C8       .                   ret   z
126B  3D       =                   dec   a
126C  3630     60                  ld    (hl),0x30
126E  23       #                   inc   hl
126F  18F9     ..                  jr    $-5
1271  2004      .                  jr    nz,$+6
1273  C8       .                   ret   z
1274  CD9112   ...                 call  0x1291
1277  3630     60                  ld    (hl),0x30
1279  23       #                   inc   hl
127A  3D       =                   dec   a
127B  18F6     ..                  jr    $-8
127D  7B       {                   ld    a,e
127E  82       .                   add   a,d
127F  3C       <                   inc   a
1280  47       G                   ld    b,a
1281  3C       <                   inc   a
1282  D603     ..                  sub   0x03
1284  30FC     0.                  jr    nc,$-2
1286  C605     ..                  add   a,0x05
1288  4F       O                   ld    c,a
1289  3AD878   :.x                 ld    a,(0x78D8)
128C  E640     .@                  and   0x40
128E  C0       .                   ret   nz
128F  4F       O                   ld    c,a
1290  C9       .                   ret   
1291  05       .                   dec   b
1292  2008      .                  jr    nz,$+10
1294  362E     6.                  ld    (hl),0x2E
1296  22F378   ".x                 ld    (0x78F3),hl
1299  23       #                   inc   hl
129A  48       H                   ld    c,b
129B  C9       .                   ret   
129C  0D       .                   dec   c
129D  C0       .                   ret   nz
129E  362C     6,                  ld    (hl),0x2C
12A0  23       #                   inc   hl
12A1  0E03     ..                  ld    c,0x03
12A3  C9       .                   ret   
12A4  D5       .                   push  de
12A5  E7       .                   rst   0x20
12A6  E2EA12   ...                 jp    po,0x12EA
12A9  C5       .                   push  bc
12AA  E5       .                   push  hl
12AB  CDFC09   ...                 call  0x09FC
12AE  217C13   !|.                 ld    hl,0x137C
12B1  CDF709   ...                 call  0x09F7
12B4  CD770C   .w.                 call  0x0C77
12B7  AF       .                   xor   a
12B8  CD7B0B   .{.                 call  0x0B7B
12BB  E1       .                   pop   hl
12BC  C1       .                   pop   bc
12BD  118C13   ...                 ld    de,0x138C
12C0  3E0A     >.                  ld    a,0x0A
12C2  CD9112   ...                 call  0x1291
12C5  C5       .                   push  bc
12C6  F5       .                   push  af
12C7  E5       .                   push  hl
12C8  D5       .                   push  de
12C9  062F     ./                  ld    b,0x2F
12CB  04       .                   inc   b
12CC  E1       .                   pop   hl
12CD  E5       .                   push  hl
12CE  CD480D   .H.                 call  0x0D48
12D1  30F8     0.                  jr    nc,$-6
12D3  E1       .                   pop   hl
12D4  CD360D   .6.                 call  0x0D36
12D7  EB       .                   ex    de,hl
12D8  E1       .                   pop   hl
12D9  70       p                   ld    (hl),b
12DA  23       #                   inc   hl
12DB  F1       .                   pop   af
12DC  C1       .                   pop   bc
12DD  3D       =                   dec   a
12DE  20E2      .                  jr    nz,$-28
12E0  C5       .                   push  bc
12E1  E5       .                   push  hl
12E2  211D79   !.y                 ld    hl,0x791D
12E5  CDB109   ...                 call  0x09B1
12E8  180C     ..                  jr    $+14
12EA  C5       .                   push  bc
12EB  E5       .                   push  hl
12EC  CD0807   ...                 call  0x0708
12EF  3C       <                   inc   a
12F0  CDFB0A   ...                 call  0x0AFB
12F3  CDB409   ...                 call  0x09B4
12F6  E1       .                   pop   hl
12F7  C1       .                   pop   bc
12F8  AF       .                   xor   a
12F9  11D213   ...                 ld    de,0x13D2
12FC  3F       ?                   ccf   
12FD  CD9112   ...                 call  0x1291
1300  C5       .                   push  bc
1301  F5       .                   push  af
1302  E5       .                   push  hl
1303  D5       .                   push  de
1304  CDBF09   ...                 call  0x09BF
1307  E1       .                   pop   hl
1308  062F     ./                  ld    b,0x2F
130A  04       .                   inc   b
130B  7B       {                   ld    a,e
130C  96       .                   sub   (hl)
130D  5F       _                   ld    e,a
130E  23       #                   inc   hl
130F  7A       z                   ld    a,d
1310  9E       .                   sbc   a,(hl)
1311  57       W                   ld    d,a
1312  23       #                   inc   hl
1313  79       y                   ld    a,c
1314  9E       .                   sbc   a,(hl)
1315  4F       O                   ld    c,a
1316  2B       +                   dec   hl
1317  2B       +                   dec   hl
1318  30F0     0.                  jr    nc,$-14
131A  CDB707   ...                 call  0x07B7
131D  23       #                   inc   hl
131E  CDB409   ...                 call  0x09B4
1321  EB       .                   ex    de,hl
1322  E1       .                   pop   hl
1323  70       p                   ld    (hl),b
1324  23       #                   inc   hl
1325  F1       .                   pop   af
1326  C1       .                   pop   bc
1327  38D3     8.                  jr    c,$-43
1329  13       .                   inc   de
132A  13       .                   inc   de
132B  3E04     >.                  ld    a,0x04
132D  1806     ..                  jr    $+8
132F  D5       .                   push  de
1330  11D813   ...                 ld    de,0x13D8
1333  3E05     >.                  ld    a,0x05
1335  CD9112   ...                 call  0x1291
1338  C5       .                   push  bc
1339  F5       .                   push  af
133A  E5       .                   push  hl
133B  EB       .                   ex    de,hl
133C  4E       N                   ld    c,(hl)
133D  23       #                   inc   hl
133E  46       F                   ld    b,(hl)
133F  C5       .                   push  bc
1340  23       #                   inc   hl
1341  E3       .                   ex    (sp),hl
1342  EB       .                   ex    de,hl
1343  2A2179   *!y                 ld    hl,(0x7921)
1346  062F     ./                  ld    b,0x2F
1348  04       .                   inc   b
1349  7D       }                   ld    a,l
134A  93       .                   sub   e
134B  6F       o                   ld    l,a
134C  7C       |                   ld    a,h
134D  9A       .                   sbc   a,d
134E  67       g                   ld    h,a
134F  30F7     0.                  jr    nc,$-7
1351  19       .                   add   hl,de
1352  222179   "!y                 ld    (0x7921),hl
1355  D1       .                   pop   de
1356  E1       .                   pop   hl
1357  70       p                   ld    (hl),b
1358  23       #                   inc   hl
1359  F1       .                   pop   af
135A  C1       .                   pop   bc
135B  3D       =                   dec   a
135C  20D7      .                  jr    nz,$-39
135E  CD9112   ...                 call  0x1291
1361  77       w                   ld    (hl),a
1362  D1       .                   pop   de
1363  C9       .                   ret   
1364  00       .                   nop   
1365  00       .                   nop   
1366  00       .                   nop   
1367  00       .                   nop   
1368  F9       .                   ld    sp,hl
1369  02       .                   ld    (bc),a
136A  15       .                   dec   d
136B  A2       .                   and   d
136C  FDFF9F   ...                 defb  0x00FD,0x00FF,0x009F
136F  31A95F   1._                 ld    sp,0x5FA9
1372  63       c                   ld    h,e
1373  B2       .                   or    d
1374  FEFF     ..                  cp    0xFF
1376  03       .                   inc   bc
1377  BF       .                   cp    a
1378  C9       .                   ret   
1379  1B       .                   dec   de
137A  0EB6     ..                  ld    c,0xB6
137C  00       .                   nop   
137D  00       .                   nop   
137E  00       .                   nop   
137F  00       .                   nop   
1380  00       .                   nop   
1381  00       .                   nop   
1382  00       .                   nop   
1383  80       .                   add   a,b
1384  00       .                   nop   
1385  00       .                   nop   
1386  04       .                   inc   b
1387  BF       .                   cp    a
1388  C9       .                   ret   
1389  1B       .                   dec   de
138A  0EB6     ..                  ld    c,0xB6
138C  00       .                   nop   
138D  80       .                   add   a,b
138E  C6A4     ..                  add   a,0xA4
1390  7E       ~                   ld    a,(hl)
1391  8D       .                   adc   a,l
1392  03       .                   inc   bc
1393  00       .                   nop   
1394  40       @                   ld    b,b
1395  7A       z                   ld    a,d
1396  10F3     ..                  djnz  $-11
1398  5A       Z                   ld    e,d
1399  00       .                   nop   
139A  00       .                   nop   
139B  A0       .                   and   b
139C  72       r                   ld    (hl),d
139D  4E       N                   ld    c,(hl)
139E  1809     ..                  jr    $+11
13A0  00       .                   nop   
13A1  00       .                   nop   
13A2  10A5     ..                  djnz  $-89
13A4  D4E800   ...                 call  nc,0x00E8
13A7  00       .                   nop   
13A8  00       .                   nop   
13A9  E8       .                   ret   pe
13AA  76       v                   halt  
13AB  48       H                   ld    c,b
13AC  17       .                   rla   
13AD  00       .                   nop   
13AE  00       .                   nop   
13AF  00       .                   nop   
13B0  E40B54   ..T                 call  po,0x540B
13B3  02       .                   ld    (bc),a
13B4  00       .                   nop   
13B5  00       .                   nop   
13B6  00       .                   nop   
13B7  CA9A3B   ..;                 jp    z,0x3B9A
13BA  00       .                   nop   
13BB  00       .                   nop   
13BC  00       .                   nop   
13BD  00       .                   nop   
13BE  E1       .                   pop   hl
13BF  F5       .                   push  af
13C0  05       .                   dec   b
13C1  00       .                   nop   
13C2  00       .                   nop   
13C3  00       .                   nop   
13C4  80       .                   add   a,b
13C5  96       .                   sub   (hl)
13C6  98       .                   sbc   a,b
13C7  00       .                   nop   
13C8  00       .                   nop   
13C9  00       .                   nop   
13CA  00       .                   nop   
13CB  40       @                   ld    b,b
13CC  42       B                   ld    b,d
13CD  0F       .                   rrca  
13CE  00       .                   nop   
13CF  00       .                   nop   
13D0  00       .                   nop   
13D1  00       .                   nop   
13D2  A0       .                   and   b
13D3  86       .                   add   a,(hl)
13D4  011027   ..'                 ld    bc,0x2710
13D7  00       .                   nop   
13D8  1027     .'                  djnz  $+41
13DA  E8       .                   ret   pe
13DB  03       .                   inc   bc
13DC  64       d                   ld    h,h
13DD  00       .                   nop   
13DE  0A       .                   ld    a,(bc)
13DF  00       .                   nop   
13E0  010021   ..!                 ld    bc,0x2100
13E3  82       .                   add   a,d
13E4  09       .                   add   hl,bc
13E5  E3       .                   ex    (sp),hl
13E6  E9       .                   jp    (hl)
13E7  CDA409   ...                 call  0x09A4
13EA  218013   !..                 ld    hl,0x1380
13ED  CDB109   ...                 call  0x09B1
13F0  1803     ..                  jr    $+5
13F2  CDB10A   ...                 call  0x0AB1
13F5  C1       .                   pop   bc
13F6  D1       .                   pop   de
13F7  CD5509   .U.                 call  0x0955
13FA  78       x                   ld    a,b
13FB  283C     (<                  jr    z,$+62
13FD  F20414   ...                 jp    p,0x1404
1400  B7       .                   or    a
1401  CA9A19   ...                 jp    z,0x199A
1404  B7       .                   or    a
1405  CA7907   .y.                 jp    z,0x0779
1408  D5       .                   push  de
1409  C5       .                   push  bc
140A  79       y                   ld    a,c
140B  F67F     ..                  or    0x7F
140D  CDBF09   ...                 call  0x09BF
1410  F22114   .!.                 jp    p,0x1421
1413  D5       .                   push  de
1414  C5       .                   push  bc
1415  CD400B   .@.                 call  0x0B40
1418  C1       .                   pop   bc
1419  D1       .                   pop   de
141A  F5       .                   push  af
141B  CD0C0A   ...                 call  0x0A0C
141E  E1       .                   pop   hl
141F  7C       |                   ld    a,h
1420  1F       .                   rra   
1421  E1       .                   pop   hl
1422  222379   "#y                 ld    (0x7923),hl
1425  E1       .                   pop   hl
1426  222179   "!y                 ld    (0x7921),hl
1429  DCE213   ...                 call  c,0x13E2
142C  CC8209   ...                 call  z,0x0982
142F  D5       .                   push  de
1430  C5       .                   push  bc
1431  CD0908   ...                 call  0x0809
1434  C1       .                   pop   bc
1435  D1       .                   pop   de
1436  CD4708   .G.                 call  0x0847
1439  CDA409   ...                 call  0x09A4
143C  013881   .8.                 ld    bc,0x8138
143F  113BAA   .;.                 ld    de,0xAA3B
1442  CD4708   .G.                 call  0x0847
1445  3A2479   :$y                 ld    a,(0x7924)
1448  FE88     ..                  cp    0x88
144A  D23109   .1.                 jp    nc,0x0931
144D  CD400B   .@.                 call  0x0B40
1450  C680     ..                  add   a,0x80
1452  C602     ..                  add   a,0x02
1454  DA3109   .1.                 jp    c,0x0931
1457  F5       .                   push  af
1458  21F807   !..                 ld    hl,0x07F8
145B  CD0B07   ...                 call  0x070B
145E  CD4108   .A.                 call  0x0841
1461  F1       .                   pop   af
1462  C1       .                   pop   bc
1463  D1       .                   pop   de
1464  F5       .                   push  af
1465  CD1307   ...                 call  0x0713
1468  CD8209   ...                 call  0x0982
146B  217914   !y.                 ld    hl,0x1479
146E  CDA914   ...                 call  0x14A9
1471  110000   ...                 ld    de,START
1474  C1       .                   pop   bc
1475  4A       J                   ld    c,d
1476  C34708   .G.                 jp    0x0847
1479  08       .                   ex    af,af'
147A  40       @                   ld    b,b
147B  2E94     ..                  ld    l,0x94
147D  74       t                   ld    (hl),h
147E  70       p                   ld    (hl),b
147F  4F       O                   ld    c,a
1480  2E77     .w                  ld    l,0x77
1482  6E       n                   ld    l,(hl)
1483  02       .                   ld    (bc),a
1484  88       .                   adc   a,b
1485  7A       z                   ld    a,d
1486  E6A0     ..                  and   0xA0
1488  2A7C50   *|P                 ld    hl,(0x507C)
148B  AA       .                   xor   d
148C  AA       .                   xor   d
148D  7E       ~                   ld    a,(hl)
148E  FF       .                   rst   0x38
148F  FF       .                   rst   0x38
1490  7F       .                   ld    a,a
1491  7F       .                   ld    a,a
1492  00       .                   nop   
1493  00       .                   nop   
1494  80       .                   add   a,b
1495  81       .                   add   a,c
1496  00       .                   nop   
1497  00       .                   nop   
1498  00       .                   nop   
1499  81       .                   add   a,c
149A  CDA409   ...                 call  0x09A4
149D  11320C   .2.                 ld    de,0x0C32
14A0  D5       .                   push  de
14A1  E5       .                   push  hl
14A2  CDBF09   ...                 call  0x09BF
14A5  CD4708   .G.                 call  0x0847
14A8  E1       .                   pop   hl
14A9  CDA409   ...                 call  0x09A4
14AC  7E       ~                   ld    a,(hl)
14AD  23       #                   inc   hl
14AE  CDB109   ...                 call  0x09B1
14B1  06F1     ..                  ld    b,0xF1
14B3  C1       .                   pop   bc
14B4  D1       .                   pop   de
14B5  3D       =                   dec   a
14B6  C8       .                   ret   z
14B7  D5       .                   push  de
14B8  C5       .                   push  bc
14B9  F5       .                   push  af
14BA  E5       .                   push  hl
14BB  CD4708   .G.                 call  0x0847
14BE  E1       .                   pop   hl
14BF  CDC209   ...                 call  0x09C2
14C2  E5       .                   push  hl
14C3  CD1607   ...                 call  0x0716
14C6  E1       .                   pop   hl
14C7  18E9     ..                  jr    $-21
14C9  CD7F0A   ...                 call  0x0A7F
14CC  7C       |                   ld    a,h
14CD  B7       .                   or    a
14CE  FA4A1E   .J.                 jp    m,0x1E4A
14D1  B5       .                   or    l
14D2  CAF014   ...                 jp    z,0x14F0
14D5  E5       .                   push  hl
14D6  CDF014   ...                 call  0x14F0
14D9  CDBF09   ...                 call  0x09BF
14DC  EB       .                   ex    de,hl
14DD  E3       .                   ex    (sp),hl
14DE  C5       .                   push  bc
14DF  CDCF0A   ...                 call  0x0ACF
14E2  C1       .                   pop   bc
14E3  D1       .                   pop   de
14E4  CD4708   .G.                 call  0x0847
14E7  21F807   !..                 ld    hl,0x07F8
14EA  CD0B07   ...                 call  0x070B
14ED  C3400B   .@.                 jp    0x0B40
14F0  219078   !.x                 ld    hl,0x7890
14F3  E5       .                   push  hl
14F4  110000   ...                 ld    de,START
14F7  4B       K                   ld    c,e
14F8  2603     &.                  ld    h,0x03
14FA  2E08     ..                  ld    l,0x08
14FC  EB       .                   ex    de,hl
14FD  29       )                   add   hl,hl
14FE  EB       .                   ex    de,hl
14FF  79       y                   ld    a,c
1500  17       .                   rla   
1501  4F       O                   ld    c,a
1502  E3       .                   ex    (sp),hl
1503  7E       ~                   ld    a,(hl)
1504  07       .                   rlca  
1505  77       w                   ld    (hl),a
1506  E3       .                   ex    (sp),hl
1507  D21615   ...                 jp    nc,0x1516
150A  E5       .                   push  hl
150B  2AAA78   *.x                 ld    hl,(0x78AA)
150E  19       .                   add   hl,de
150F  EB       .                   ex    de,hl
1510  3AAC78   :.x                 ld    a,(0x78AC)
1513  89       .                   adc   a,c
1514  4F       O                   ld    c,a
1515  E1       .                   pop   hl
1516  2D       -                   dec   l
1517  C2FC14   ...                 jp    nz,0x14FC
151A  E3       .                   ex    (sp),hl
151B  23       #                   inc   hl
151C  E3       .                   ex    (sp),hl
151D  25       %                   dec   h
151E  C2FA14   ...                 jp    nz,0x14FA
1521  E1       .                   pop   hl
1522  2165B0   !e.                 ld    hl,0xB065
1525  19       .                   add   hl,de
1526  22AA78   ".x                 ld    (0x78AA),hl
1529  CDEF0A   ...                 call  0x0AEF
152C  3E05     >.                  ld    a,0x05
152E  89       .                   adc   a,c
152F  32AC78   2.x                 ld    (0x78AC),a
1532  EB       .                   ex    de,hl
1533  0680     ..                  ld    b,0x80
1535  212579   !%y                 ld    hl,0x7925
1538  70       p                   ld    (hl),b
1539  2B       +                   dec   hl
153A  70       p                   ld    (hl),b
153B  4F       O                   ld    c,a
153C  0600     ..                  ld    b,0x00
153E  C36507   .e.                 jp    0x0765
1541  218B15   !..                 ld    hl,0x158B
1544  CD0B07   ...                 call  0x070B
1547  CDA409   ...                 call  0x09A4
154A  014983   .I.                 ld    bc,0x8349
154D  11DB0F   ...                 ld    de,0x0FDB
1550  CDB409   ...                 call  0x09B4
1553  C1       .                   pop   bc
1554  D1       .                   pop   de
1555  CDA208   ...                 call  0x08A2
1558  CDA409   ...                 call  0x09A4
155B  CD400B   .@.                 call  0x0B40
155E  C1       .                   pop   bc
155F  D1       .                   pop   de
1560  CD1307   ...                 call  0x0713
1563  218F15   !..                 ld    hl,0x158F
1566  CD1007   ...                 call  0x0710
1569  CD5509   .U.                 call  0x0955
156C  37       7                   scf   
156D  F27715   .w.                 jp    p,0x1577
1570  CD0807   ...                 call  0x0708
1573  CD5509   .U.                 call  0x0955
1576  B7       .                   or    a
1577  F5       .                   push  af
1578  F48209   ...                 call  p,0x0982
157B  218F15   !..                 ld    hl,0x158F
157E  CD0B07   ...                 call  0x070B
1581  F1       .                   pop   af
1582  D48209   ...                 call  nc,0x0982
1585  219315   !..                 ld    hl,0x1593
1588  C39A14   ...                 jp    0x149A
158B  DB0F     ..                  in    a,(0x0F)
158D  49       I                   ld    c,c
158E  81       .                   add   a,c
158F  00       .                   nop   
1590  00       .                   nop   
1591  00       .                   nop   
1592  7F       .                   ld    a,a
1593  05       .                   dec   b
1594  BA       .                   cp    d
1595  D7       .                   rst   0x10
1596  1E86     ..                  ld    e,0x86
1598  64       d                   ld    h,h
1599  2699     &.                  ld    h,0x99
159B  87       .                   add   a,a
159C  58       X                   ld    e,b
159D  34       4                   inc   (hl)
159E  23       #                   inc   hl
159F  87       .                   add   a,a
15A0  E0       .                   ret   po
15A1  5D       ]                   ld    e,l
15A2  A5       .                   and   l
15A3  86       .                   add   a,(hl)
15A4  DA0F49   ..I                 jp    c,0x490F
15A7  83       .                   add   a,e
15A8  CDA409   ...                 call  0x09A4
15AB  CD4715   .G.                 call  0x1547
15AE  C1       .                   pop   bc
15AF  E1       .                   pop   hl
15B0  CDA409   ...                 call  0x09A4
15B3  EB       .                   ex    de,hl
15B4  CDB409   ...                 call  0x09B4
15B7  CD4115   .A.                 call  0x1541
15BA  C3A008   ...                 jp    0x08A0
15BD  CD5509   .U.                 call  0x0955
15C0  FCE213   ...                 call  m,0x13E2
15C3  FC8209   ...                 call  m,0x0982
15C6  3A2479   :$y                 ld    a,(0x7924)
15C9  FE81     ..                  cp    0x81
15CB  380C     8.                  jr    c,$+14
15CD  010081   ...                 ld    bc,0x8100
15D0  51       Q                   ld    d,c
15D1  59       Y                   ld    e,c
15D2  CDA208   ...                 call  0x08A2
15D5  211007   !..                 ld    hl,0x0710
15D8  E5       .                   push  hl
15D9  21E315   !..                 ld    hl,0x15E3
15DC  CD9A14   ...                 call  0x149A
15DF  218B15   !..                 ld    hl,0x158B
15E2  C9       .                   ret   
15E3  09       .                   add   hl,bc
15E4  4A       J                   ld    c,d
15E5  D7       .                   rst   0x10
15E6  3B       ;                   dec   sp
15E7  78       x                   ld    a,b
15E8  02       .                   ld    (bc),a
15E9  6E       n                   ld    l,(hl)
15EA  84       .                   add   a,h
15EB  7B       {                   ld    a,e
15EC  FEC1     ..                  cp    0xC1
15EE  2F       /                   cpl   
15EF  7C       |                   ld    a,h
15F0  74       t                   ld    (hl),h
15F1  319A7D   1.}                 ld    sp,0x7D9A
15F4  84       .                   add   a,h
15F5  3D       =                   dec   a
15F6  5A       Z                   ld    e,d
15F7  7D       }                   ld    a,l
15F8  C8       .                   ret   z
15F9  7F       .                   ld    a,a
15FA  91       .                   sub   c
15FB  7E       ~                   ld    a,(hl)
15FC  E4BB4C   ..L                 call  po,0x4CBB
15FF  7E       ~                   ld    a,(hl)
1600  6C       l                   ld    l,h
1601  AA       .                   xor   d
1602  AA       .                   xor   d
1603  7F       .                   ld    a,a
1604  00       .                   nop   
1605  00       .                   nop   
1606  00       .                   nop   
1607  81       .                   add   a,c
1608  8A       .                   adc   a,d
1609  09       .                   add   hl,bc
160A  37       7                   scf   
160B  0B       .                   dec   bc
160C  77       w                   ld    (hl),a
160D  09       .                   add   hl,bc
160E  D427EF   .'.                 call  nc,0xEF27
1611  2AF527   *.'                 ld    hl,(0x27F5)
1614  E7       .                   rst   0x20
1615  13       .                   inc   de
1616  C9       .                   ret   
1617  14       .                   inc   d
1618  09       .                   add   hl,bc
1619  08       .                   ex    af,af'
161A  39       9                   add   hl,sp
161B  14       .                   inc   d
161C  41       A                   ld    b,c
161D  15       .                   dec   d
161E  47       G                   ld    b,a
161F  15       .                   dec   d
1620  A8       .                   xor   b
1621  15       .                   dec   d
1622  BD       .                   cp    l
1623  15       .                   dec   d
1624  AA       .                   xor   d
1625  2C       ,                   inc   l
1626  52       R                   ld    d,d
1627  79       y                   ld    a,c
1628  58       X                   ld    e,b
1629  79       y                   ld    a,c
162A  5E       ^                   ld    e,(hl)
162B  79       y                   ld    a,c
162C  61       a                   ld    h,c
162D  79       y                   ld    a,c
162E  64       d                   ld    h,h
162F  79       y                   ld    a,c
1630  67       g                   ld    h,a
1631  79       y                   ld    a,c
1632  6A       j                   ld    l,d
1633  79       y                   ld    a,c
1634  6D       m                   ld    l,l
1635  79       y                   ld    a,c
1636  70       p                   ld    (hl),b
1637  79       y                   ld    a,c
1638  7F       .                   ld    a,a
1639  0A       .                   ld    a,(bc)
163A  B1       .                   or    c
163B  0A       .                   ld    a,(bc)
163C  DB0A     ..                  in    a,(0x0A)
163E  260B     &.                  ld    h,0x0B
1640  03       .                   inc   bc
1641  2A3628   *6(                 ld    hl,(0x2836)
1644  C5       .                   push  bc
1645  2A0F2A   *.*                 ld    hl,(0x2A0F)
1648  1F       .                   rra   
1649  2A612A   *a*                 ld    hl,(0x2A61)
164C  91       .                   sub   c
164D  2A9A2A   *.*                 ld    hl,(0x2A9A)
1650  C5       .                   push  bc
1651  4E       N                   ld    c,(hl)
1652  44       D                   ld    b,h
1653  C64F     .O                  add   a,0x4F
1655  52       R                   ld    d,d
1656  D24553   .ES                 jp    nc,0x5345
1659  45       E                   ld    b,l
165A  54       T                   ld    d,h
165B  D345     .E                  out   (0x45),a
165D  54       T                   ld    d,h
165E  C34C53   .LS                 jp    0x534C
1661  81       .                   add   a,c
1662  00       .                   nop   
1663  00       .                   nop   
1664  81       .                   add   a,c
1665  00       .                   nop   
1666  00       .                   nop   
1667  00       .                   nop   
1668  00       .                   nop   
1669  00       .                   nop   
166A  CE45     .E                  adc   a,0x45
166C  58       X                   ld    e,b
166D  54       T                   ld    d,h
166E  C44154   .AT                 call  nz,0x5441
1671  41       A                   ld    b,c
1672  C9       .                   ret   
1673  4E       N                   ld    c,(hl)
1674  50       P                   ld    d,b
1675  55       U                   ld    d,l
1676  54       T                   ld    d,h
1677  C4494D   .IM                 call  nz,0x4D49
167A  D24541   .EA                 jp    nc,0x4145
167D  44       D                   ld    b,h
167E  CC4554   .ET                 call  z,0x5445
1681  C7       .                   rst   0
1682  4F       O                   ld    c,a
1683  54       T                   ld    d,h
1684  4F       O                   ld    c,a
1685  D2554E   .UN                 jp    nc,0x4E55
1688  C9       .                   ret   
1689  46       F                   ld    b,(hl)
168A  D24553   .ES                 jp    nc,0x5345
168D  54       T                   ld    d,h
168E  4F       O                   ld    c,a
168F  52       R                   ld    d,d
1690  45       E                   ld    b,l
1691  C7       .                   rst   0
1692  4F       O                   ld    c,a
1693  53       S                   ld    d,e
1694  55       U                   ld    d,l
1695  42       B                   ld    b,d
1696  D24554   .ET                 jp    nc,0x5445
1699  55       U                   ld    d,l
169A  52       R                   ld    d,d
169B  4E       N                   ld    c,(hl)
169C  D2454D   .EM                 jp    nc,0x4D45
169F  D354     .T                  out   (0x54),a
16A1  4F       O                   ld    c,a
16A2  50       P                   ld    d,b
16A3  C5       .                   push  bc
16A4  4C       L                   ld    c,h
16A5  53       S                   ld    d,e
16A6  45       E                   ld    b,l
16A7  C34F50   .OP                 jp    0x504F
16AA  59       Y                   ld    e,c
16AB  C34F4C   .OL                 jp    0x4C4F
16AE  4F       O                   ld    c,a
16AF  52       R                   ld    d,d
16B0  D645     .E                  sub   0x45
16B2  52       R                   ld    d,d
16B3  49       I                   ld    c,c
16B4  46       F                   ld    b,(hl)
16B5  59       Y                   ld    e,c
16B6  81       .                   add   a,c
16B7  00       .                   nop   
16B8  00       .                   nop   
16B9  00       .                   nop   
16BA  00       .                   nop   
16BB  00       .                   nop   
16BC  81       .                   add   a,c
16BD  00       .                   nop   
16BE  00       .                   nop   
16BF  00       .                   nop   
16C0  00       .                   nop   
16C1  00       .                   nop   
16C2  81       .                   add   a,c
16C3  00       .                   nop   
16C4  00       .                   nop   
16C5  00       .                   nop   
16C6  00       .                   nop   
16C7  00       .                   nop   
16C8  C35255   .RU                 jp    0x5552
16CB  4E       N                   ld    c,(hl)
16CC  CD4F44   .OD                 call  0x444F
16CF  45       E                   ld    b,l
16D0  D34F     .O                  out   (0x4F),a
16D2  55       U                   ld    d,l
16D3  4E       N                   ld    c,(hl)
16D4  44       D                   ld    b,h
16D5  81       .                   add   a,c
16D6  00       .                   nop   
16D7  00       .                   nop   
16D8  00       .                   nop   
16D9  00       .                   nop   
16DA  00       .                   nop   
16DB  CF       .                   rst   8
16DC  55       U                   ld    d,l
16DD  54       T                   ld    d,h
16DE  81       .                   add   a,c
16DF  00       .                   nop   
16E0  81       .                   add   a,c
16E1  00       .                   nop   
16E2  00       .                   nop   
16E3  00       .                   nop   
16E4  81       .                   add   a,c
16E5  00       .                   nop   
16E6  00       .                   nop   
16E7  00       .                   nop   
16E8  00       .                   nop   
16E9  81       .                   add   a,c
16EA  00       .                   nop   
16EB  00       .                   nop   
16EC  81       .                   add   a,c
16ED  00       .                   nop   
16EE  00       .                   nop   
16EF  81       .                   add   a,c
16F0  00       .                   nop   
16F1  00       .                   nop   
16F2  00       .                   nop   
16F3  00       .                   nop   
16F4  81       .                   add   a,c
16F5  00       .                   nop   
16F6  00       .                   nop   
16F7  00       .                   nop   
16F8  81       .                   add   a,c
16F9  00       .                   nop   
16FA  00       .                   nop   
16FB  00       .                   nop   
16FC  00       .                   nop   
16FD  81       .                   add   a,c
16FE  00       .                   nop   
16FF  00       .                   nop   
1700  00       .                   nop   
1701  81       .                   add   a,c
1702  00       .                   nop   
1703  00       .                   nop   
1704  00       .                   nop   
1705  81       .                   add   a,c
1706  00       .                   nop   
1707  00       .                   nop   
1708  00       .                   nop   
1709  81       .                   add   a,c
170A  00       .                   nop   
170B  00       .                   nop   
170C  00       .                   nop   
170D  81       .                   add   a,c
170E  00       .                   nop   
170F  00       .                   nop   
1710  00       .                   nop   
1711  81       .                   add   a,c
1712  00       .                   nop   
1713  00       .                   nop   
1714  00       .                   nop   
1715  00       .                   nop   
1716  00       .                   nop   
1717  CC5052   .PR                 call  z,0x5250
171A  49       I                   ld    c,c
171B  4E       N                   ld    c,(hl)
171C  54       T                   ld    d,h
171D  81       .                   add   a,c
171E  00       .                   nop   
171F  00       .                   nop   
1720  D0       .                   ret   nc
1721  4F       O                   ld    c,a
1722  4B       K                   ld    c,e
1723  45       E                   ld    b,l
1724  D0       .                   ret   nc
1725  52       R                   ld    d,d
1726  49       I                   ld    c,c
1727  4E       N                   ld    c,(hl)
1728  54       T                   ld    d,h
1729  C34F4E   .ON                 jp    0x4E4F
172C  54       T                   ld    d,h
172D  CC4953   .IS                 call  z,0x5349
1730  54       T                   ld    d,h
1731  CC4C49   .LI                 call  z,0x494C
1734  53       S                   ld    d,e
1735  54       T                   ld    d,h
1736  81       .                   add   a,c
1737  00       .                   nop   
1738  00       .                   nop   
1739  00       .                   nop   
173A  00       .                   nop   
173B  00       .                   nop   
173C  81       .                   add   a,c
173D  00       .                   nop   
173E  00       .                   nop   
173F  00       .                   nop   
1740  C34C45   .LE                 jp    0x454C
1743  41       A                   ld    b,c
1744  52       R                   ld    d,d
1745  C34C4F   .LO                 jp    0x4F4C
1748  41       A                   ld    b,c
1749  44       D                   ld    b,h
174A  C35341   .SA                 jp    0x4153
174D  56       V                   ld    d,(hl)
174E  45       E                   ld    b,l
174F  CE45     .E                  adc   a,0x45
1751  57       W                   ld    d,a
1752  D44142   .AB                 call  nc,0x4241
1755  28D4     (.                  jr    z,$-42
1757  4F       O                   ld    c,a
1758  81       .                   add   a,c
1759  00       .                   nop   
175A  D5       .                   push  de
175B  53       S                   ld    d,e
175C  49       I                   ld    c,c
175D  4E       N                   ld    c,(hl)
175E  47       G                   ld    b,a
175F  81       .                   add   a,c
1760  00       .                   nop   
1761  00       .                   nop   
1762  00       .                   nop   
1763  00       .                   nop   
1764  00       .                   nop   
1765  D5       .                   push  de
1766  53       S                   ld    d,e
1767  52       R                   ld    d,d
1768  81       .                   add   a,c
1769  00       .                   nop   
176A  00       .                   nop   
176B  81       .                   add   a,c
176C  00       .                   nop   
176D  00       .                   nop   
176E  81       .                   add   a,c
176F  00       .                   nop   
1770  00       .                   nop   
1771  00       .                   nop   
1772  00       .                   nop   
1773  00       .                   nop   
1774  00       .                   nop   
1775  81       .                   add   a,c
1776  00       .                   nop   
1777  00       .                   nop   
1778  00       .                   nop   
1779  00       .                   nop   
177A  D0       .                   ret   nc
177B  4F       O                   ld    c,a
177C  49       I                   ld    c,c
177D  4E       N                   ld    c,(hl)
177E  54       T                   ld    d,h
177F  81       .                   add   a,c
1780  00       .                   nop   
1781  00       .                   nop   
1782  00       .                   nop   
1783  00       .                   nop   
1784  81       .                   add   a,c
1785  00       .                   nop   
1786  00       .                   nop   
1787  C9       .                   ret   
1788  4E       N                   ld    c,(hl)
1789  4B       K                   ld    c,e
178A  45       E                   ld    b,l
178B  59       Y                   ld    e,c
178C  24       $                   inc   h
178D  D44845   .HE                 call  nc,0x4548
1790  4E       N                   ld    c,(hl)
1791  CE4F     .O                  adc   a,0x4F
1793  54       T                   ld    d,h
1794  D354     .T                  out   (0x54),a
1796  45       E                   ld    b,l
1797  50       P                   ld    d,b
1798  AB       .                   xor   e
1799  AD       .                   xor   l
179A  AA       .                   xor   d
179B  AF       .                   xor   a
179C  DEC1     ..                  sbc   a,0xC1
179E  4E       N                   ld    c,(hl)
179F  44       D                   ld    b,h
17A0  CF       .                   rst   8
17A1  52       R                   ld    d,d
17A2  BE       .                   cp    (hl)
17A3  BD       .                   cp    l
17A4  BC       .                   cp    h
17A5  D347     .G                  out   (0x47),a
17A7  4E       N                   ld    c,(hl)
17A8  C9       .                   ret   
17A9  4E       N                   ld    c,(hl)
17AA  54       T                   ld    d,h
17AB  C1       .                   pop   bc
17AC  42       B                   ld    b,d
17AD  53       S                   ld    d,e
17AE  81       .                   add   a,c
17AF  00       .                   nop   
17B0  00       .                   nop   
17B1  C9       .                   ret   
17B2  4E       N                   ld    c,(hl)
17B3  50       P                   ld    d,b
17B4  81       .                   add   a,c
17B5  00       .                   nop   
17B6  00       .                   nop   
17B7  D351     .Q                  out   (0x51),a
17B9  52       R                   ld    d,d
17BA  D24E44   .ND                 jp    nc,0x444E
17BD  CC4F47   .OG                 call  z,0x474F
17C0  C5       .                   push  bc
17C1  58       X                   ld    e,b
17C2  50       P                   ld    d,b
17C3  C34F53   .OS                 jp    0x534F
17C6  D349     .I                  out   (0x49),a
17C8  4E       N                   ld    c,(hl)
17C9  D4414E   .AN                 call  nc,0x4E41
17CC  C1       .                   pop   bc
17CD  54       T                   ld    d,h
17CE  4E       N                   ld    c,(hl)
17CF  D0       .                   ret   nc
17D0  45       E                   ld    b,l
17D1  45       E                   ld    b,l
17D2  4B       K                   ld    c,e
17D3  81       .                   add   a,c
17D4  00       .                   nop   
17D5  00       .                   nop   
17D6  81       .                   add   a,c
17D7  00       .                   nop   
17D8  00       .                   nop   
17D9  81       .                   add   a,c
17DA  00       .                   nop   
17DB  00       .                   nop   
17DC  81       .                   add   a,c
17DD  00       .                   nop   
17DE  00       .                   nop   
17DF  81       .                   add   a,c
17E0  00       .                   nop   
17E1  00       .                   nop   
17E2  81       .                   add   a,c
17E3  00       .                   nop   
17E4  00       .                   nop   
17E5  81       .                   add   a,c
17E6  00       .                   nop   
17E7  00       .                   nop   
17E8  00       .                   nop   
17E9  81       .                   add   a,c
17EA  00       .                   nop   
17EB  00       .                   nop   
17EC  00       .                   nop   
17ED  81       .                   add   a,c
17EE  00       .                   nop   
17EF  00       .                   nop   
17F0  00       .                   nop   
17F1  81       .                   add   a,c
17F2  00       .                   nop   
17F3  00       .                   nop   
17F4  00       .                   nop   
17F5  81       .                   add   a,c
17F6  00       .                   nop   
17F7  00       .                   nop   
17F8  00       .                   nop   
17F9  81       .                   add   a,c
17FA  00       .                   nop   
17FB  00       .                   nop   
17FC  00       .                   nop   
17FD  81       .                   add   a,c
17FE  00       .                   nop   
17FF  00       .                   nop   
1800  CC454E   .EN                 call  z,0x4E45
1803  D354     .T                  out   (0x54),a
1805  52       R                   ld    d,d
1806  24       $                   inc   h
1807  D641     .A                  sub   0x41
1809  4C       L                   ld    c,h
180A  C1       .                   pop   bc
180B  53       S                   ld    d,e
180C  43       C                   ld    b,e
180D  C34852   .HR                 jp    0x5248
1810  24       $                   inc   h
1811  CC4546   .EF                 call  z,0x4645
1814  54       T                   ld    d,h
1815  24       $                   inc   h
1816  D24947   .IG                 jp    nc,0x4749
1819  48       H                   ld    c,b
181A  54       T                   ld    d,h
181B  24       $                   inc   h
181C  CD4944   .ID                 call  0x4449
181F  24       $                   inc   h
1820  A7       .                   and   a
1821  80       .                   add   a,b
1822  AE       .                   xor   (hl)
1823  1D       .                   dec   e
1824  A1       .                   and   c
1825  1C       .                   inc   e
1826  3801     8.                  jr    c,$+3
1828  35       5                   dec   (hl)
1829  01C901   ...                 ld    bc,CLRSCR
182C  73       s                   ld    (hl),e
182D  79       y                   ld    a,c
182E  D301     ..                  out   (0x01),a
1830  B6       .                   or    (hl)
1831  22051F   "..                 ld    (0x1F05),hl
1834  9A       .                   sbc   a,d
1835  210826   !.&                 ld    hl,0x2608
1838  EF       .                   rst   0x28
1839  21211F   !!.                 ld    hl,0x1F21
183C  C21EA3   ...                 jp    nz,0xA31E
183F  1E39     .9                  ld    e,0x39
1841  2091      .                  jr    nz,$-109
1843  1D       .                   dec   e
1844  B1       .                   or    c
1845  1EDE     ..                  ld    e,0xDE
1847  1E07     ..                  ld    e,0x07
1849  1F       .                   rra   
184A  A9       .                   xor   c
184B  1D       .                   dec   e
184C  07       .                   rlca  
184D  1F       .                   rra   
184E  12       .                   ld    (de),a
184F  39       9                   add   hl,sp
1850  9D       .                   sbc   a,l
1851  3838     88                  jr    c,$+58
1853  37       7                   scf   
1854  03       .                   inc   bc
1855  1E06     ..                  ld    e,0x06
1857  1E09     ..                  ld    e,0x09
1859  1E2E     ..                  ld    e,0x2E
185B  37       7                   scf   
185C  63       c                   ld    h,e
185D  2EF5     ..                  ld    l,0xF5
185F  2B       +                   dec   hl
1860  AF       .                   xor   a
1861  1F       .                   rra   
1862  FB       .                   ei    
1863  2A6C1F   *l.                 ld    hl,(0x1F6C)
1866  79       y                   ld    a,c
1867  79       y                   ld    a,c
1868  7C       |                   ld    a,h
1869  79       y                   ld    a,c
186A  7F       .                   ld    a,a
186B  79       y                   ld    a,c
186C  82       .                   add   a,d
186D  79       y                   ld    a,c
186E  85       .                   add   a,l
186F  79       y                   ld    a,c
1870  88       .                   adc   a,b
1871  79       y                   ld    a,c
1872  8B       .                   adc   a,e
1873  79       y                   ld    a,c
1874  8E       .                   adc   a,(hl)
1875  79       y                   ld    a,c
1876  91       .                   sub   c
1877  79       y                   ld    a,c
1878  97       .                   sub   a
1879  79       y                   ld    a,c
187A  9A       .                   sbc   a,d
187B  79       y                   ld    a,c
187C  A0       .                   and   b
187D  79       y                   ld    a,c
187E  00       .                   nop   
187F  00       .                   nop   
1880  67       g                   ld    h,a
1881  205B      [                  jr    nz,$+93
1883  79       y                   ld    a,c
1884  B1       .                   or    c
1885  2C       ,                   inc   l
1886  6F       o                   ld    l,a
1887  20E4      .                  jr    nz,$-26
1889  1D       .                   dec   e
188A  2E2B     .+                  ld    l,0x2B
188C  29       )                   add   hl,hl
188D  2B       +                   dec   hl
188E  C62B     .+                  add   a,0x2B
1890  08       .                   ex    af,af'
1891  207A      z                  jr    nz,$+124
1893  1E56     .V                  ld    e,0x56
1895  36A9     6.                  ld    (hl),0xA9
1897  34       4                   inc   (hl)
1898  49       I                   ld    c,c
1899  1B       .                   dec   de
189A  79       y                   ld    a,c
189B  79       y                   ld    a,c
189C  7C       |                   ld    a,h
189D  7C       |                   ld    a,h
189E  7F       .                   ld    a,a
189F  50       P                   ld    d,b
18A0  46       F                   ld    b,(hl)
18A1  DB0A     ..                  in    a,(0x0A)
18A3  00       .                   nop   
18A4  00       .                   nop   
18A5  7F       .                   ld    a,a
18A6  0A       .                   ld    a,(bc)
18A7  F40AB1   ...                 call  p,0xB10A
18AA  0A       .                   ld    a,(bc)
18AB  77       w                   ld    (hl),a
18AC  0C       .                   inc   c
18AD  70       p                   ld    (hl),b
18AE  0C       .                   inc   c
18AF  A1       .                   and   c
18B0  0D       .                   dec   c
18B1  E5       .                   push  hl
18B2  0D       .                   dec   c
18B3  78       x                   ld    a,b
18B4  0A       .                   ld    a,(bc)
18B5  1607     ..                  ld    d,0x07
18B7  13       .                   inc   de
18B8  07       .                   rlca  
18B9  47       G                   ld    b,a
18BA  08       .                   ex    af,af'
18BB  A2       .                   and   d
18BC  08       .                   ex    af,af'
18BD  0C       .                   inc   c
18BE  0A       .                   ld    a,(bc)
18BF  D20BC7   ...                 jp    nc,0xC70B
18C2  0B       .                   dec   bc
18C3  F20B90   ...                 jp    p,0x900B
18C6  24       $                   inc   h
18C7  39       9                   add   hl,sp
18C8  0A       .                   ld    a,(bc)
18C9  4E       N                   ld    c,(hl)
18CA  46       F                   ld    b,(hl)
18CB  53       S                   ld    d,e
18CC  4E       N                   ld    c,(hl)
18CD  52       R                   ld    d,d
18CE  47       G                   ld    b,a
18CF  4F       O                   ld    c,a
18D0  44       D                   ld    b,h
18D1  46       F                   ld    b,(hl)
18D2  43       C                   ld    b,e
18D3  4F       O                   ld    c,a
18D4  56       V                   ld    d,(hl)
18D5  4F       O                   ld    c,a
18D6  4D       M                   ld    c,l
18D7  55       U                   ld    d,l
18D8  4C       L                   ld    c,h
18D9  42       B                   ld    b,d
18DA  53       S                   ld    d,e
18DB  44       D                   ld    b,h
18DC  44       D                   ld    b,h
18DD  2F       /                   cpl   
18DE  3049     0I                  jr    nc,$+75
18E0  44       D                   ld    b,h
18E1  54       T                   ld    d,h
18E2  4D       M                   ld    c,l
18E3  4F       O                   ld    c,a
18E4  53       S                   ld    d,e
18E5  4C       L                   ld    c,h
18E6  53       S                   ld    d,e
18E7  53       S                   ld    d,e
18E8  54       T                   ld    d,h
18E9  43       C                   ld    b,e
18EA  4E       N                   ld    c,(hl)
18EB  4E       N                   ld    c,(hl)
18EC  52       R                   ld    d,d
18ED  52       R                   ld    d,d
18EE  57       W                   ld    d,a
18EF  55       U                   ld    d,l
18F0  45       E                   ld    b,l
18F1  4D       M                   ld    c,l
18F2  4F       O                   ld    c,a
18F3  46       F                   ld    b,(hl)
18F4  44       D                   ld    b,h
18F5  4C       L                   ld    c,h
18F6  33       3                   inc   sp
18F7  D600     ..                  sub   0x00
18F9  6F       o                   ld    l,a
18FA  7C       |                   ld    a,h
18FB  DE00     ..                  sbc   a,0x00
18FD  67       g                   ld    h,a
18FE  78       x                   ld    a,b
18FF  DE00     ..                  sbc   a,0x00
1901  47       G                   ld    b,a
1902  3E00     >.                  ld    a,0x00
1904  C9       .                   ret   
1905  4A       J                   ld    c,d
1906  1E40     .@                  ld    e,0x40
1908  E64D     .M                  and   0x4D
190A  DB00     ..                  in    a,(0x00)
190C  C9       .                   ret   
190D  D300     ..                  out   (0x00),a
190F  C9       .                   ret   
1910  00       .                   nop   
1911  00       .                   nop   
1912  00       .                   nop   
1913  00       .                   nop   
1914  40       @                   ld    b,b
1915  3000     0.                  jr    nc,$+2
1917  4C       L                   ld    c,h
1918  7B       {                   ld    a,e
1919  FEFF     ..                  cp    0xFF
191B  E9       .                   jp    (hl)
191C  7A       z                   ld    a,d
191D  2045      E                  jr    nz,$+71
191F  52       R                   ld    d,d
1920  52       R                   ld    d,d
1921  4F       O                   ld    c,a
1922  52       R                   ld    d,d
1923  00       .                   nop   
1924  2049      I                  jr    nz,$+75
1926  4E       N                   ld    c,(hl)
1927  2000      .                  jr    nz,$+2
1929  52       R                   ld    d,d
192A  45       E                   ld    b,l
192B  41       A                   ld    b,c
192C  44       D                   ld    b,h
192D  59       Y                   ld    e,c
192E  0D       .                   dec   c
192F  00       .                   nop   
1930  42       B                   ld    b,d
1931  52       R                   ld    d,d
1932  45       E                   ld    b,l
1933  41       A                   ld    b,c
1934  4B       K                   ld    c,e
1935  00       .                   nop   
1936  210400   !..                 ld    hl,0x0004
1939  39       9                   add   hl,sp
193A  7E       ~                   ld    a,(hl)
193B  23       #                   inc   hl
193C  FE81     ..                  cp    0x81
193E  C0       .                   ret   nz
193F  4E       N                   ld    c,(hl)
1940  23       #                   inc   hl
1941  46       F                   ld    b,(hl)
1942  23       #                   inc   hl
1943  E5       .                   push  hl
1944  69       i                   ld    l,c
1945  60       `                   ld    h,b
1946  7A       z                   ld    a,d
1947  B3       .                   or    e
1948  EB       .                   ex    de,hl
1949  2802     (.                  jr    z,$+4
194B  EB       .                   ex    de,hl
194C  DF       .                   rst   0x18
194D  010E00   ...                 ld    bc,0x000E
1950  E1       .                   pop   hl
1951  C8       .                   ret   z
1952  09       .                   add   hl,bc
1953  18E5     ..                  jr    $-25
1955  CD6C19   .l.                 call  0x196C
1958  C5       .                   push  bc
1959  E3       .                   ex    (sp),hl
195A  C1       .                   pop   bc
195B  DF       .                   rst   0x18
195C  7E       ~                   ld    a,(hl)
195D  02       .                   ld    (bc),a
195E  C8       .                   ret   z
195F  0B       .                   dec   bc
1960  2B       +                   dec   hl
1961  18F8     ..                  jr    $-6
1963  E5       .                   push  hl
1964  2AFD78   *.x                 ld    hl,(0x78FD)
1967  0600     ..                  ld    b,0x00
1969  09       .                   add   hl,bc
196A  09       .                   add   hl,bc
196B  3EE5     >.                  ld    a,0xE5
196D  3EC6     >.                  ld    a,0xC6
196F  95       .                   sub   l
1970  6F       o                   ld    l,a
1971  3EFF     >.                  ld    a,0xFF
1973  9C       .                   sbc   a,h
1974  3804     8.                  jr    c,$+6
1976  67       g                   ld    h,a
1977  39       9                   add   hl,sp
1978  E1       .                   pop   hl
1979  D8       .                   ret   c
197A  1E0C     ..                  ld    e,0x0C
197C  1824     .$                  jr    $+38
197E  2AA278   *.x                 ld    hl,(0x78A2)
1981  7C       |                   ld    a,h
1982  A5       .                   and   l
1983  3C       <                   inc   a
1984  2808     (.                  jr    z,$+10
1986  3AF278   :.x                 ld    a,(0x78F2)
1989  B7       .                   or    a
198A  1E22     ."                  ld    e,0x22
198C  2014      .                  jr    nz,$+22
198E  C3C11D   ...                 jp    0x1DC1
1991  2ADA78   *.x                 ld    hl,(0x78DA)
1994  22A278   ".x                 ld    (0x78A2),hl
1997  1E02     ..                  ld    e,0x02
1999  011E14   ...                 ld    bc,0x141E
199C  011E00   ...                 ld    bc,0x001E
199F  011E24   ..$                 ld    bc,0x241E
19A2  2AA278   *.x                 ld    hl,(0x78A2)
19A5  22EA78   ".x                 ld    (0x78EA),hl
19A8  22EC78   ".x                 ld    (0x78EC),hl
19AB  01B419   ...                 ld    bc,0x19B4
19AE  2AE878   *.x                 ld    hl,(0x78E8)
19B1  C39A1B   ...                 jp    0x1B9A
19B4  C1       .                   pop   bc
19B5  7B       {                   ld    a,e
19B6  4B       K                   ld    c,e
19B7  329A78   2.x                 ld    (0x789A),a
19BA  2AE678   *.x                 ld    hl,(0x78E6)
19BD  22EE78   ".x                 ld    (0x78EE),hl
19C0  EB       .                   ex    de,hl
19C1  2AEA78   *.x                 ld    hl,(0x78EA)
19C4  7C       |                   ld    a,h
19C5  A5       .                   and   l
19C6  3C       <                   inc   a
19C7  2807     (.                  jr    z,$+9
19C9  22F578   ".x                 ld    (0x78F5),hl
19CC  EB       .                   ex    de,hl
19CD  22F778   ".x                 ld    (0x78F7),hl
19D0  2AF078   *.x                 ld    hl,(0x78F0)
19D3  7C       |                   ld    a,h
19D4  B5       .                   or    l
19D5  EB       .                   ex    de,hl
19D6  21F278   !.x                 ld    hl,0x78F2
19D9  2808     (.                  jr    z,$+10
19DB  A6       .                   and   (hl)
19DC  2005      .                  jr    nz,$+7
19DE  35       5                   dec   (hl)
19DF  EB       .                   ex    de,hl
19E0  C3361D   .6.                 jp    0x1D36
19E3  AF       .                   xor   a
19E4  77       w                   ld    (hl),a
19E5  59       Y                   ld    e,c
19E6  CDF920   ..                  call  0x20F9
19E9  21EC3C   !.<                 ld    hl,0x3CEC
19EC  CDA679   ..y                 call  0x79A6
19EF  57       W                   ld    d,a
19F0  3E3F     >?                  ld    a,0x3F
19F2  CD2A03   .*.                 call  0x032A
19F5  CDD43C   ..<                 call  0x3CD4
19F8  00       .                   nop   
19F9  00       .                   nop   
19FA  00       .                   nop   
19FB  00       .                   nop   
19FC  00       .                   nop   
19FD  00       .                   nop   
19FE  211D19   !..                 ld    hl,0x191D
1A01  E5       .                   push  hl
1A02  2AEA78   *.x                 ld    hl,(0x78EA)
1A05  E3       .                   ex    (sp),hl
1A06  CDA728   ..(                 call  OUTSTR
1A09  E1       .                   pop   hl
1A0A  11FEFF   ...                 ld    de,0xFFFE
1A0D  DF       .                   rst   0x18
1A0E  CA7406   .t.                 jp    z,0x0674
1A11  7C       |                   ld    a,h
1A12  A5       .                   and   l
1A13  3C       <                   inc   a
1A14  C4A70F   ...                 call  nz,0x0FA7
1A17  3EC1     >.                  ld    a,0xC1
1A19  CD8B03   ...                 call  0x038B
1A1C  CDAC79   ..y                 call  0x79AC
1A1F  00       .                   nop   
1A20  00       .                   nop   
1A21  00       .                   nop   
1A22  CDF920   ..                  call  0x20F9
1A25  212919   !).                 ld    hl,0x1929
1A28  CDA728   ..(                 call  OUTSTR
1A2B  3A9A78   :.x                 ld    a,(0x789A)
1A2E  D602     ..                  sub   0x02
1A30  00       .                   nop   
1A31  00       .                   nop   
1A32  00       .                   nop   
1A33  21FFFF   !..                 ld    hl,0xFFFF
1A36  22A278   ".x                 ld    (0x78A2),hl
1A39  3AE178   :.x                 ld    a,(0x78E1)
1A3C  B7       .                   or    a
1A3D  283A     (:                  jr    z,$+60
1A3F  2AE278   *.x                 ld    hl,(0x78E2)
1A42  E5       .                   push  hl
1A43  CDAF0F   ...                 call  0x0FAF
1A46  3E20     >                   ld    a,0x20
1A48  CD2A03   .*.                 call  0x032A
1A4B  D1       .                   pop   de
1A4C  D5       .                   push  de
1A4D  CD2C1B   .,.                 call  0x1B2C
1A50  DC532E   .S.                 call  c,0x2E53
1A53  00       .                   nop   
1A54  CDE303   ...                 call  0x03E3
1A57  D1       .                   pop   de
1A58  3006     0.                  jr    nc,$+8
1A5A  AF       .                   xor   a
1A5B  32E178   2.x                 ld    (0x78E1),a
1A5E  18B9     ..                  jr    $-69
1A60  2AE478   *.x                 ld    hl,(0x78E4)
1A63  19       .                   add   hl,de
1A64  38F4     8.                  jr    c,$-10
1A66  D5       .                   push  de
1A67  11F9FF   ...                 ld    de,0xFFF9
1A6A  DF       .                   rst   0x18
1A6B  D1       .                   pop   de
1A6C  30EC     0.                  jr    nc,$-18
1A6E  22E278   ".x                 ld    (0x78E2),hl
1A71  00       .                   nop   
1A72  00       .                   nop   
1A73  21E779   !.y                 ld    hl,0x79E7
1A76  C3811A   ...                 jp    0x1A81
1A79  00       .                   nop   
1A7A  00       .                   nop   
1A7B  CDE303   ...                 call  0x03E3
1A7E  DA331A   .3.                 jp    c,0x1A33
1A81  D7       .                   rst   0x10
1A82  3C       <                   inc   a
1A83  3D       =                   dec   a
1A84  CA331A   .3.                 jp    z,0x1A33
1A87  F5       .                   push  af
1A88  CD5A1E   .Z.                 call  0x1E5A
1A8B  2B       +                   dec   hl
1A8C  7E       ~                   ld    a,(hl)
1A8D  FE20     .                   cp    0x20
1A8F  28FA     (.                  jr    z,$-4
1A91  23       #                   inc   hl
1A92  7E       ~                   ld    a,(hl)
1A93  FE20     .                   cp    0x20
1A95  CCC909   ...                 call  z,0x09C9
1A98  D5       .                   push  de
1A99  CDC01B   ...                 call  0x1BC0
1A9C  D1       .                   pop   de
1A9D  F1       .                   pop   af
1A9E  22E678   ".x                 ld    (0x78E6),hl
1AA1  CDB279   ..y                 call  0x79B2
1AA4  D25A1D   .Z.                 jp    nc,0x1D5A
1AA7  D5       .                   push  de
1AA8  C5       .                   push  bc
1AA9  AF       .                   xor   a
1AAA  32DD78   2.x                 ld    (0x78DD),a
1AAD  D7       .                   rst   0x10
1AAE  B7       .                   or    a
1AAF  F5       .                   push  af
1AB0  EB       .                   ex    de,hl
1AB1  22EC78   ".x                 ld    (0x78EC),hl
1AB4  EB       .                   ex    de,hl
1AB5  CD2C1B   .,.                 call  0x1B2C
1AB8  C5       .                   push  bc
1AB9  DCE42B   ..+                 call  c,0x2BE4
1ABC  D1       .                   pop   de
1ABD  F1       .                   pop   af
1ABE  D5       .                   push  de
1ABF  2827     ('                  jr    z,$+41
1AC1  D1       .                   pop   de
1AC2  2AF978   *.x                 ld    hl,(0x78F9)
1AC5  E3       .                   ex    (sp),hl
1AC6  C1       .                   pop   bc
1AC7  09       .                   add   hl,bc
1AC8  E5       .                   push  hl
1AC9  CD5519   .U.                 call  0x1955
1ACC  E1       .                   pop   hl
1ACD  22F978   ".x                 ld    (0x78F9),hl
1AD0  EB       .                   ex    de,hl
1AD1  74       t                   ld    (hl),h
1AD2  D1       .                   pop   de
1AD3  E5       .                   push  hl
1AD4  23       #                   inc   hl
1AD5  23       #                   inc   hl
1AD6  73       s                   ld    (hl),e
1AD7  23       #                   inc   hl
1AD8  72       r                   ld    (hl),d
1AD9  23       #                   inc   hl
1ADA  EB       .                   ex    de,hl
1ADB  2AA778   *.x                 ld    hl,(0x78A7)
1ADE  EB       .                   ex    de,hl
1ADF  1B       .                   dec   de
1AE0  1B       .                   dec   de
1AE1  1A       .                   ld    a,(de)
1AE2  77       w                   ld    (hl),a
1AE3  23       #                   inc   hl
1AE4  13       .                   inc   de
1AE5  B7       .                   or    a
1AE6  20F9      .                  jr    nz,$-5
1AE8  D1       .                   pop   de
1AE9  CDFC1A   ...                 call  0x1AFC
1AEC  CDB579   ..y                 call  0x79B5
1AEF  CD5D1B   .].                 call  0x1B5D
1AF2  CDB879   ..y                 call  0x79B8
1AF5  C3331A   .3.                 jp    0x1A33
1AF8  2AA478   *.x                 ld    hl,(0x78A4)
1AFB  EB       .                   ex    de,hl
1AFC  62       b                   ld    h,d
1AFD  6B       k                   ld    l,e
1AFE  7E       ~                   ld    a,(hl)
1AFF  23       #                   inc   hl
1B00  B6       .                   or    (hl)
1B01  C8       .                   ret   z
1B02  23       #                   inc   hl
1B03  23       #                   inc   hl
1B04  23       #                   inc   hl
1B05  AF       .                   xor   a
1B06  BE       .                   cp    (hl)
1B07  23       #                   inc   hl
1B08  20FC      .                  jr    nz,$-2
1B0A  EB       .                   ex    de,hl
1B0B  73       s                   ld    (hl),e
1B0C  23       #                   inc   hl
1B0D  72       r                   ld    (hl),d
1B0E  18EC     ..                  jr    $-18
1B10  110000   ...                 ld    de,START
1B13  D5       .                   push  de
1B14  2809     (.                  jr    z,$+11
1B16  D1       .                   pop   de
1B17  CD4F1E   .O.                 call  0x1E4F
1B1A  D5       .                   push  de
1B1B  280B     (.                  jr    z,$+13
1B1D  CF       .                   rst   8
1B1E  CE11     ..                  adc   a,0x11
1B20  FAFFC4   ...                 jp    m,0xC4FF
1B23  4F       O                   ld    c,a
1B24  1EC2     ..                  ld    e,0xC2
1B26  97       .                   sub   a
1B27  19       .                   add   hl,de
1B28  EB       .                   ex    de,hl
1B29  D1       .                   pop   de
1B2A  E3       .                   ex    (sp),hl
1B2B  E5       .                   push  hl
1B2C  2AA478   *.x                 ld    hl,(0x78A4)
1B2F  44       D                   ld    b,h
1B30  4D       M                   ld    c,l
1B31  7E       ~                   ld    a,(hl)
1B32  23       #                   inc   hl
1B33  B6       .                   or    (hl)
1B34  2B       +                   dec   hl
1B35  C8       .                   ret   z
1B36  23       #                   inc   hl
1B37  23       #                   inc   hl
1B38  7E       ~                   ld    a,(hl)
1B39  23       #                   inc   hl
1B3A  66       f                   ld    h,(hl)
1B3B  6F       o                   ld    l,a
1B3C  DF       .                   rst   0x18
1B3D  60       `                   ld    h,b
1B3E  69       i                   ld    l,c
1B3F  7E       ~                   ld    a,(hl)
1B40  23       #                   inc   hl
1B41  66       f                   ld    h,(hl)
1B42  6F       o                   ld    l,a
1B43  3F       ?                   ccf   
1B44  C8       .                   ret   z
1B45  3F       ?                   ccf   
1B46  D0       .                   ret   nc
1B47  18E6     ..                  jr    $-24
1B49  C0       .                   ret   nz
1B4A  CDC901   ...                 call  CLRSCR
1B4D  2AA478   *.x                 ld    hl,(0x78A4)
1B50  CDF81D   ...                 call  0x1DF8
1B53  32E178   2.x                 ld    (0x78E1),a
1B56  77       w                   ld    (hl),a
1B57  23       #                   inc   hl
1B58  77       w                   ld    (hl),a
1B59  23       #                   inc   hl
1B5A  22F978   ".x                 ld    (0x78F9),hl
1B5D  2AA478   *.x                 ld    hl,(0x78A4)
1B60  2B       +                   dec   hl
1B61  22DF78   ".x                 ld    (0x78DF),hl
1B64  061A     ..                  ld    b,0x1A
1B66  210179   !.y                 ld    hl,0x7901
1B69  3604     6.                  ld    (hl),0x04
1B6B  23       #                   inc   hl
1B6C  10FB     ..                  djnz  $-3
1B6E  AF       .                   xor   a
1B6F  32F278   2.x                 ld    (0x78F2),a
1B72  6F       o                   ld    l,a
1B73  67       g                   ld    h,a
1B74  22F078   ".x                 ld    (0x78F0),hl
1B77  22F778   ".x                 ld    (0x78F7),hl
1B7A  2AB178   *.x                 ld    hl,(0x78B1)
1B7D  22D678   ".x                 ld    (0x78D6),hl
1B80  CD911D   ...                 call  0x1D91
1B83  2AF978   *.x                 ld    hl,(0x78F9)
1B86  22FB78   ".x                 ld    (0x78FB),hl
1B89  22FD78   ".x                 ld    (0x78FD),hl
1B8C  CDBB79   ..y                 call  0x79BB
1B8F  C1       .                   pop   bc
1B90  2AA078   *.x                 ld    hl,(0x78A0)
1B93  2B       +                   dec   hl
1B94  2B       +                   dec   hl
1B95  22E878   ".x                 ld    (0x78E8),hl
1B98  23       #                   inc   hl
1B99  23       #                   inc   hl
1B9A  F9       .                   ld    sp,hl
1B9B  21B578   !.x                 ld    hl,0x78B5
1B9E  22B378   ".x                 ld    (0x78B3),hl
1BA1  CD8B03   ...                 call  0x038B
1BA4  CD6921   .i!                 call  0x2169
1BA7  AF       .                   xor   a
1BA8  67       g                   ld    h,a
1BA9  6F       o                   ld    l,a
1BAA  32DC78   2.x                 ld    (0x78DC),a
1BAD  E5       .                   push  hl
1BAE  C5       .                   push  bc
1BAF  2ADF78   *.x                 ld    hl,(0x78DF)
1BB2  C9       .                   ret   
1BB3  3E3F     >?                  ld    a,0x3F
1BB5  CD2A03   .*.                 call  0x032A
1BB8  3E20     >                   ld    a,0x20
1BBA  CD2A03   .*.                 call  0x032A
1BBD  C33A05   .:.                 jp    0x053A
1BC0  AF       .                   xor   a
1BC1  32B078   2.x                 ld    (0x78B0),a
1BC4  4F       O                   ld    c,a
1BC5  EB       .                   ex    de,hl
1BC6  2AA778   *.x                 ld    hl,(0x78A7)
1BC9  2B       +                   dec   hl
1BCA  2B       +                   dec   hl
1BCB  EB       .                   ex    de,hl
1BCC  7E       ~                   ld    a,(hl)
1BCD  FE20     .                   cp    0x20
1BCF  CA5B1C   .[.                 jp    z,0x1C5B
1BD2  47       G                   ld    b,a
1BD3  FE22     ."                  cp    0x22
1BD5  CA771C   .w.                 jp    z,0x1C77
1BD8  B7       .                   or    a
1BD9  CA7D1C   .}.                 jp    z,0x1C7D
1BDC  3AB078   :.x                 ld    a,(0x78B0)
1BDF  B7       .                   or    a
1BE0  7E       ~                   ld    a,(hl)
1BE1  C25B1C   .[.                 jp    nz,0x1C5B
1BE4  FE3F     .?                  cp    0x3F
1BE6  3EB2     >.                  ld    a,0xB2
1BE8  CA5B1C   .[.                 jp    z,0x1C5B
1BEB  7E       ~                   ld    a,(hl)
1BEC  FE30     .0                  cp    0x30
1BEE  3805     8.                  jr    c,$+7
1BF0  FE3C     .<                  cp    0x3C
1BF2  DA5B1C   .[.                 jp    c,0x1C5B
1BF5  D5       .                   push  de
1BF6  114F16   .O.                 ld    de,0x164F
1BF9  C5       .                   push  bc
1BFA  013D1C   .=.                 ld    bc,0x1C3D
1BFD  C5       .                   push  bc
1BFE  067F     ..                  ld    b,0x7F
1C00  7E       ~                   ld    a,(hl)
1C01  FE61     .a                  cp    0x61
1C03  3807     8.                  jr    c,$+9
1C05  FE7B     .{                  cp    0x7B
1C07  3003     0.                  jr    nc,$+5
1C09  E65F     ._                  and   0x5F
1C0B  77       w                   ld    (hl),a
1C0C  4E       N                   ld    c,(hl)
1C0D  EB       .                   ex    de,hl
1C0E  23       #                   inc   hl
1C0F  B6       .                   or    (hl)
1C10  F20E1C   ...                 jp    p,0x1C0E
1C13  04       .                   inc   b
1C14  7E       ~                   ld    a,(hl)
1C15  E67F     ..                  and   0x7F
1C17  C8       .                   ret   z
1C18  B9       .                   cp    c
1C19  20F3      .                  jr    nz,$-11
1C1B  EB       .                   ex    de,hl
1C1C  E5       .                   push  hl
1C1D  13       .                   inc   de
1C1E  1A       .                   ld    a,(de)
1C1F  B7       .                   or    a
1C20  FA391C   .9.                 jp    m,0x1C39
1C23  4F       O                   ld    c,a
1C24  78       x                   ld    a,b
1C25  FE8D     ..                  cp    0x8D
1C27  2002      .                  jr    nz,$+4
1C29  D7       .                   rst   0x10
1C2A  2B       +                   dec   hl
1C2B  23       #                   inc   hl
1C2C  7E       ~                   ld    a,(hl)
1C2D  FE61     .a                  cp    0x61
1C2F  3802     8.                  jr    c,$+4
1C31  E65F     ._                  and   0x5F
1C33  B9       .                   cp    c
1C34  28E7     (.                  jr    z,$-23
1C36  E1       .                   pop   hl
1C37  18D3     ..                  jr    $-43
1C39  48       H                   ld    c,b
1C3A  F1       .                   pop   af
1C3B  EB       .                   ex    de,hl
1C3C  C9       .                   ret   
1C3D  EB       .                   ex    de,hl
1C3E  79       y                   ld    a,c
1C3F  C1       .                   pop   bc
1C40  D1       .                   pop   de
1C41  EB       .                   ex    de,hl
1C42  FE95     ..                  cp    0x95
1C44  363A     6:                  ld    (hl),0x3A
1C46  2002      .                  jr    nz,$+4
1C48  0C       .                   inc   c
1C49  23       #                   inc   hl
1C4A  FEFB     ..                  cp    0xFB
1C4C  200C      .                  jr    nz,$+14
1C4E  363A     6:                  ld    (hl),0x3A
1C50  23       #                   inc   hl
1C51  0693     ..                  ld    b,0x93
1C53  70       p                   ld    (hl),b
1C54  23       #                   inc   hl
1C55  EB       .                   ex    de,hl
1C56  0C       .                   inc   c
1C57  0C       .                   inc   c
1C58  181D     ..                  jr    $+31
1C5A  EB       .                   ex    de,hl
1C5B  23       #                   inc   hl
1C5C  12       .                   ld    (de),a
1C5D  13       .                   inc   de
1C5E  0C       .                   inc   c
1C5F  D63A     .:                  sub   0x3A
1C61  2804     (.                  jr    z,$+6
1C63  FE4E     .N                  cp    0x4E
1C65  2003      .                  jr    nz,$+5
1C67  32B078   2.x                 ld    (0x78B0),a
1C6A  D659     .Y                  sub   0x59
1C6C  C2CC1B   ...                 jp    nz,0x1BCC
1C6F  47       G                   ld    b,a
1C70  7E       ~                   ld    a,(hl)
1C71  B7       .                   or    a
1C72  2809     (.                  jr    z,$+11
1C74  B8       .                   cp    b
1C75  28E4     (.                  jr    z,$-26
1C77  23       #                   inc   hl
1C78  12       .                   ld    (de),a
1C79  0C       .                   inc   c
1C7A  13       .                   inc   de
1C7B  18F3     ..                  jr    $-11
1C7D  210500   !..                 ld    hl,0x0005
1C80  44       D                   ld    b,h
1C81  09       .                   add   hl,bc
1C82  44       D                   ld    b,h
1C83  4D       M                   ld    c,l
1C84  2AA778   *.x                 ld    hl,(0x78A7)
1C87  2B       +                   dec   hl
1C88  2B       +                   dec   hl
1C89  2B       +                   dec   hl
1C8A  12       .                   ld    (de),a
1C8B  13       .                   inc   de
1C8C  12       .                   ld    (de),a
1C8D  13       .                   inc   de
1C8E  12       .                   ld    (de),a
1C8F  C9       .                   ret   
1C90  7C       |                   ld    a,h
1C91  92       .                   sub   d
1C92  C0       .                   ret   nz
1C93  7D       }                   ld    a,l
1C94  93       .                   sub   e
1C95  C9       .                   ret   
1C96  7E       ~                   ld    a,(hl)
1C97  E3       .                   ex    (sp),hl
1C98  BE       .                   cp    (hl)
1C99  23       #                   inc   hl
1C9A  E3       .                   ex    (sp),hl
1C9B  CA781D   .x.                 jp    z,0x1D78
1C9E  C39719   ...                 jp    0x1997
1CA1  3E64     >d                  ld    a,0x64
1CA3  32DC78   2.x                 ld    (0x78DC),a
1CA6  CD211F   .!.                 call  0x1F21
1CA9  E3       .                   ex    (sp),hl
1CAA  CD3619   .6.                 call  0x1936
1CAD  D1       .                   pop   de
1CAE  2005      .                  jr    nz,$+7
1CB0  09       .                   add   hl,bc
1CB1  F9       .                   ld    sp,hl
1CB2  22E878   ".x                 ld    (0x78E8),hl
1CB5  EB       .                   ex    de,hl
1CB6  0E08     ..                  ld    c,0x08
1CB8  CD6319   .c.                 call  0x1963
1CBB  E5       .                   push  hl
1CBC  CD051F   ...                 call  0x1F05
1CBF  E3       .                   ex    (sp),hl
1CC0  E5       .                   push  hl
1CC1  2AA278   *.x                 ld    hl,(0x78A2)
1CC4  E3       .                   ex    (sp),hl
1CC5  CF       .                   rst   8
1CC6  BD       .                   cp    l
1CC7  E7       .                   rst   0x20
1CC8  CAF60A   ...                 jp    z,0x0AF6
1CCB  D2F60A   ...                 jp    nc,0x0AF6
1CCE  F5       .                   push  af
1CCF  CD3723   .7#                 call  0x2337
1CD2  F1       .                   pop   af
1CD3  E5       .                   push  hl
1CD4  F2EC1C   ...                 jp    p,0x1CEC
1CD7  CD7F0A   ...                 call  0x0A7F
1CDA  E3       .                   ex    (sp),hl
1CDB  110100   ...                 ld    de,0x0001
1CDE  7E       ~                   ld    a,(hl)
1CDF  FECC     ..                  cp    0xCC
1CE1  CC012B   ..+                 call  z,0x2B01
1CE4  D5       .                   push  de
1CE5  E5       .                   push  hl
1CE6  EB       .                   ex    de,hl
1CE7  CD9E09   ...                 call  0x099E
1CEA  1822     ."                  jr    $+36
1CEC  CDB10A   ...                 call  0x0AB1
1CEF  CDBF09   ...                 call  0x09BF
1CF2  E1       .                   pop   hl
1CF3  C5       .                   push  bc
1CF4  D5       .                   push  de
1CF5  010081   ...                 ld    bc,0x8100
1CF8  51       Q                   ld    d,c
1CF9  5A       Z                   ld    e,d
1CFA  7E       ~                   ld    a,(hl)
1CFB  FECC     ..                  cp    0xCC
1CFD  3E01     >.                  ld    a,0x01
1CFF  200E      .                  jr    nz,$+16
1D01  CD3823   .8#                 call  0x2338
1D04  E5       .                   push  hl
1D05  CDB10A   ...                 call  0x0AB1
1D08  CDBF09   ...                 call  0x09BF
1D0B  CD5509   .U.                 call  0x0955
1D0E  E1       .                   pop   hl
1D0F  C5       .                   push  bc
1D10  D5       .                   push  de
1D11  4F       O                   ld    c,a
1D12  E7       .                   rst   0x20
1D13  47       G                   ld    b,a
1D14  C5       .                   push  bc
1D15  E5       .                   push  hl
1D16  2ADF78   *.x                 ld    hl,(0x78DF)
1D19  E3       .                   ex    (sp),hl
1D1A  0681     ..                  ld    b,0x81
1D1C  C5       .                   push  bc
1D1D  33       3                   inc   sp
1D1E  CD5803   .X.                 call  0x0358
1D21  B7       .                   or    a
1D22  C4A01D   ...                 call  nz,0x1DA0
1D25  22E678   ".x                 ld    (0x78E6),hl
1D28  ED73E878 .s.x                ld    (0x78E8),sp
1D2C  7E       ~                   ld    a,(hl)
1D2D  FE3A     .:                  cp    0x3A
1D2F  2829     ()                  jr    z,$+43
1D31  B7       .                   or    a
1D32  C29719   ...                 jp    nz,0x1997
1D35  23       #                   inc   hl
1D36  7E       ~                   ld    a,(hl)
1D37  23       #                   inc   hl
1D38  B6       .                   or    (hl)
1D39  CA7E19   .~.                 jp    z,0x197E
1D3C  23       #                   inc   hl
1D3D  5E       ^                   ld    e,(hl)
1D3E  23       #                   inc   hl
1D3F  56       V                   ld    d,(hl)
1D40  EB       .                   ex    de,hl
1D41  22A278   ".x                 ld    (0x78A2),hl
1D44  3A1B79   :.y                 ld    a,(0x791B)
1D47  B7       .                   or    a
1D48  280F     (.                  jr    z,$+17
1D4A  D5       .                   push  de
1D4B  3E3C     ><                  ld    a,0x3C
1D4D  CD2A03   .*.                 call  0x032A
1D50  CDAF0F   ...                 call  0x0FAF
1D53  3E3E     >>                  ld    a,0x3E
1D55  CD2A03   .*.                 call  0x032A
1D58  D1       .                   pop   de
1D59  EB       .                   ex    de,hl
1D5A  D7       .                   rst   0x10
1D5B  111E1D   ...                 ld    de,0x1D1E
1D5E  D5       .                   push  de
1D5F  C8       .                   ret   z
1D60  D680     ..                  sub   0x80
1D62  DA211F   .!.                 jp    c,0x1F21
1D65  FE3C     .<                  cp    0x3C
1D67  D2E72A   ..*                 jp    nc,0x2AE7
1D6A  07       .                   rlca  
1D6B  4F       O                   ld    c,a
1D6C  0600     ..                  ld    b,0x00
1D6E  EB       .                   ex    de,hl
1D6F  212218   !".                 ld    hl,0x1822
1D72  09       .                   add   hl,bc
1D73  4E       N                   ld    c,(hl)
1D74  23       #                   inc   hl
1D75  46       F                   ld    b,(hl)
1D76  C5       .                   push  bc
1D77  EB       .                   ex    de,hl
1D78  23       #                   inc   hl
1D79  7E       ~                   ld    a,(hl)
1D7A  FE3A     .:                  cp    0x3A
1D7C  D0       .                   ret   nc
1D7D  FE20     .                   cp    0x20
1D7F  CA781D   .x.                 jp    z,0x1D78
1D82  FE0B     ..                  cp    0x0B
1D84  3005     0.                  jr    nc,$+7
1D86  FE09     ..                  cp    0x09
1D88  D2781D   .x.                 jp    nc,0x1D78
1D8B  FE30     .0                  cp    0x30
1D8D  3F       ?                   ccf   
1D8E  3C       <                   inc   a
1D8F  3D       =                   dec   a
1D90  C9       .                   ret   
1D91  EB       .                   ex    de,hl
1D92  2AA478   *.x                 ld    hl,(0x78A4)
1D95  2B       +                   dec   hl
1D96  22FF78   ".x                 ld    (0x78FF),hl
1D99  EB       .                   ex    de,hl
1D9A  C9       .                   ret   
1D9B  CD5803   .X.                 call  0x0358
1D9E  B7       .                   or    a
1D9F  C8       .                   ret   z
1DA0  00       .                   nop   
1DA1  00       .                   nop   
1DA2  00       .                   nop   
1DA3  00       .                   nop   
1DA4  00       .                   nop   
1DA5  329978   2.x                 ld    (0x7899),a
1DA8  3D       =                   dec   a
1DA9  C0       .                   ret   nz
1DAA  3C       <                   inc   a
1DAB  C3B41D   ...                 jp    0x1DB4
1DAE  C0       .                   ret   nz
1DAF  F5       .                   push  af
1DB0  CCBB79   ..y                 call  z,0x79BB
1DB3  F1       .                   pop   af
1DB4  22E678   ".x                 ld    (0x78E6),hl
1DB7  21B578   !.x                 ld    hl,0x78B5
1DBA  22B378   ".x                 ld    (0x78B3),hl
1DBD  21F6FF   !..                 ld    hl,0xFFF6
1DC0  C1       .                   pop   bc
1DC1  2AA278   *.x                 ld    hl,(0x78A2)
1DC4  E5       .                   push  hl
1DC5  F5       .                   push  af
1DC6  7D       }                   ld    a,l
1DC7  A4       .                   and   h
1DC8  3C       <                   inc   a
1DC9  2809     (.                  jr    z,$+11
1DCB  22F578   ".x                 ld    (0x78F5),hl
1DCE  2AE678   *.x                 ld    hl,(0x78E6)
1DD1  22F778   ".x                 ld    (0x78F7),hl
1DD4  CD8B03   ...                 call  0x038B
1DD7  CDF920   ..                  call  0x20F9
1DDA  F1       .                   pop   af
1DDB  213019   !0.                 ld    hl,0x1930
1DDE  C2061A   ...                 jp    nz,0x1A06
1DE1  C3181A   ...                 jp    0x1A18
1DE4  2AF778   *.x                 ld    hl,(0x78F7)
1DE7  7C       |                   ld    a,h
1DE8  B5       .                   or    l
1DE9  1E20     .                   ld    e,0x20
1DEB  CAA219   ...                 jp    z,ERROR_HANDLER
1DEE  EB       .                   ex    de,hl
1DEF  2AF578   *.x                 ld    hl,(0x78F5)
1DF2  22A278   ".x                 ld    (0x78A2),hl
1DF5  EB       .                   ex    de,hl
1DF6  C9       .                   ret   
1DF7  3EAF     >.                  ld    a,0xAF
1DF9  321B79   2.y                 ld    (0x791B),a
1DFC  C9       .                   ret   
1DFD  F1       .                   pop   af
1DFE  E1       .                   pop   hl
1DFF  C9       .                   ret   
1E00  1E03     ..                  ld    e,0x03
1E02  011E02   ...                 ld    bc,0x021E
1E05  011E04   ...                 ld    bc,0x041E
1E08  011E08   ...                 ld    bc,0x081E
1E0B  CD3D1E   .=.                 call  0x1E3D
1E0E  019719   ...                 ld    bc,0x1997
1E11  C5       .                   push  bc
1E12  D8       .                   ret   c
1E13  D641     .A                  sub   0x41
1E15  4F       O                   ld    c,a
1E16  47       G                   ld    b,a
1E17  D7       .                   rst   0x10
1E18  FECE     ..                  cp    0xCE
1E1A  2009      .                  jr    nz,$+11
1E1C  D7       .                   rst   0x10
1E1D  CD3D1E   .=.                 call  0x1E3D
1E20  D8       .                   ret   c
1E21  D641     .A                  sub   0x41
1E23  47       G                   ld    b,a
1E24  D7       .                   rst   0x10
1E25  78       x                   ld    a,b
1E26  91       .                   sub   c
1E27  D8       .                   ret   c
1E28  3C       <                   inc   a
1E29  E3       .                   ex    (sp),hl
1E2A  210179   !.y                 ld    hl,0x7901
1E2D  0600     ..                  ld    b,0x00
1E2F  09       .                   add   hl,bc
1E30  73       s                   ld    (hl),e
1E31  23       #                   inc   hl
1E32  3D       =                   dec   a
1E33  20FB      .                  jr    nz,$-3
1E35  E1       .                   pop   hl
1E36  7E       ~                   ld    a,(hl)
1E37  FE2C     .,                  cp    0x2C
1E39  C0       .                   ret   nz
1E3A  D7       .                   rst   0x10
1E3B  18CE     ..                  jr    $-48
1E3D  7E       ~                   ld    a,(hl)
1E3E  FE41     .A                  cp    0x41
1E40  D8       .                   ret   c
1E41  FE5B     .[                  cp    0x5B
1E43  3F       ?                   ccf   
1E44  C9       .                   ret   
1E45  D7       .                   rst   0x10
1E46  CD022B   ..+                 call  0x2B02
1E49  F0       .                   ret   p
1E4A  1E08     ..                  ld    e,0x08
1E4C  C3A219   ...                 jp    ERROR_HANDLER
1E4F  7E       ~                   ld    a,(hl)
1E50  FE2E     ..                  cp    0x2E
1E52  EB       .                   ex    de,hl
1E53  2AEC78   *.x                 ld    hl,(0x78EC)
1E56  EB       .                   ex    de,hl
1E57  CA781D   .x.                 jp    z,0x1D78
1E5A  2B       +                   dec   hl
1E5B  110000   ...                 ld    de,START
1E5E  D7       .                   rst   0x10
1E5F  D0       .                   ret   nc
1E60  E5       .                   push  hl
1E61  F5       .                   push  af
1E62  219819   !..                 ld    hl,0x1998
1E65  DF       .                   rst   0x18
1E66  DA9719   ...                 jp    c,0x1997
1E69  62       b                   ld    h,d
1E6A  6B       k                   ld    l,e
1E6B  19       .                   add   hl,de
1E6C  29       )                   add   hl,hl
1E6D  19       .                   add   hl,de
1E6E  29       )                   add   hl,hl
1E6F  F1       .                   pop   af
1E70  D630     .0                  sub   0x30
1E72  5F       _                   ld    e,a
1E73  1600     ..                  ld    d,0x00
1E75  19       .                   add   hl,de
1E76  EB       .                   ex    de,hl
1E77  E1       .                   pop   hl
1E78  18E4     ..                  jr    $-26
1E7A  CA611B   .a.                 jp    z,0x1B61
1E7D  CD461E   .F.                 call  0x1E46
1E80  2B       +                   dec   hl
1E81  D7       .                   rst   0x10
1E82  C0       .                   ret   nz
1E83  E5       .                   push  hl
1E84  2AB178   *.x                 ld    hl,(0x78B1)
1E87  7D       }                   ld    a,l
1E88  93       .                   sub   e
1E89  5F       _                   ld    e,a
1E8A  7C       |                   ld    a,h
1E8B  9A       .                   sbc   a,d
1E8C  57       W                   ld    d,a
1E8D  DA7A19   .z.                 jp    c,0x197A
1E90  2AF978   *.x                 ld    hl,(0x78F9)
1E93  012800   .(.                 ld    bc,RST28_VEC
1E96  09       .                   add   hl,bc
1E97  DF       .                   rst   0x18
1E98  D27A19   .z.                 jp    nc,0x197A
1E9B  EB       .                   ex    de,hl
1E9C  22A078   ".x                 ld    (0x78A0),hl
1E9F  E1       .                   pop   hl
1EA0  C3611B   .a.                 jp    0x1B61
1EA3  CA5D1B   .].                 jp    z,0x1B5D
1EA6  CDC779   ..y                 call  0x79C7
1EA9  CD611B   .a.                 call  0x1B61
1EAC  011E1D   ...                 ld    bc,0x1D1E
1EAF  1810     ..                  jr    $+18
1EB1  0E03     ..                  ld    c,0x03
1EB3  CD6319   .c.                 call  0x1963
1EB6  C1       .                   pop   bc
1EB7  E5       .                   push  hl
1EB8  E5       .                   push  hl
1EB9  2AA278   *.x                 ld    hl,(0x78A2)
1EBC  E3       .                   ex    (sp),hl
1EBD  3E91     >.                  ld    a,0x91
1EBF  F5       .                   push  af
1EC0  33       3                   inc   sp
1EC1  C5       .                   push  bc
1EC2  CD5A1E   .Z.                 call  0x1E5A
1EC5  CD071F   ...                 call  0x1F07
1EC8  E5       .                   push  hl
1EC9  2AA278   *.x                 ld    hl,(0x78A2)
1ECC  DF       .                   rst   0x18
1ECD  E1       .                   pop   hl
1ECE  23       #                   inc   hl
1ECF  DC2F1B   ./.                 call  c,0x1B2F
1ED2  D42C1B   .,.                 call  nc,0x1B2C
1ED5  60       `                   ld    h,b
1ED6  69       i                   ld    l,c
1ED7  2B       +                   dec   hl
1ED8  D8       .                   ret   c
1ED9  1E0E     ..                  ld    e,0x0E
1EDB  C3A219   ...                 jp    ERROR_HANDLER
1EDE  C0       .                   ret   nz
1EDF  16FF     ..                  ld    d,0xFF
1EE1  CD3619   .6.                 call  0x1936
1EE4  F9       .                   ld    sp,hl
1EE5  22E878   ".x                 ld    (0x78E8),hl
1EE8  FE91     ..                  cp    0x91
1EEA  1E04     ..                  ld    e,0x04
1EEC  C2A219   ...                 jp    nz,ERROR_HANDLER
1EEF  E1       .                   pop   hl
1EF0  22A278   ".x                 ld    (0x78A2),hl
1EF3  23       #                   inc   hl
1EF4  7C       |                   ld    a,h
1EF5  B5       .                   or    l
1EF6  2007      .                  jr    nz,$+9
1EF8  3ADD78   :.x                 ld    a,(0x78DD)
1EFB  B7       .                   or    a
1EFC  C2181A   ...                 jp    nz,0x1A18
1EFF  211E1D   !..                 ld    hl,0x1D1E
1F02  E3       .                   ex    (sp),hl
1F03  3EE1     >.                  ld    a,0xE1
1F05  013A0E   .:.                 ld    bc,0x0E3A
1F08  00       .                   nop   
1F09  0600     ..                  ld    b,0x00
1F0B  79       y                   ld    a,c
1F0C  48       H                   ld    c,b
1F0D  47       G                   ld    b,a
1F0E  7E       ~                   ld    a,(hl)
1F0F  B7       .                   or    a
1F10  C8       .                   ret   z
1F11  B8       .                   cp    b
1F12  C8       .                   ret   z
1F13  23       #                   inc   hl
1F14  FE22     ."                  cp    0x22
1F16  28F3     (.                  jr    z,$-11
1F18  D68F     ..                  sub   0x8F
1F1A  20F2      .                  jr    nz,$-12
1F1C  B8       .                   cp    b
1F1D  8A       .                   adc   a,d
1F1E  57       W                   ld    d,a
1F1F  18ED     ..                  jr    $-17
1F21  CD0D26   ..&                 call  0x260D
1F24  CF       .                   rst   8
1F25  D5       .                   push  de
1F26  EB       .                   ex    de,hl
1F27  22DF78   ".x                 ld    (0x78DF),hl
1F2A  EB       .                   ex    de,hl
1F2B  D5       .                   push  de
1F2C  E7       .                   rst   0x20
1F2D  F5       .                   push  af
1F2E  CD3723   .7#                 call  0x2337
1F31  F1       .                   pop   af
1F32  E3       .                   ex    (sp),hl
1F33  C603     ..                  add   a,0x03
1F35  CD1928   ..(                 call  0x2819
1F38  CD030A   ...                 call  0x0A03
1F3B  E5       .                   push  hl
1F3C  2028      (                  jr    nz,$+42
1F3E  2A2179   *!y                 ld    hl,(0x7921)
1F41  E5       .                   push  hl
1F42  23       #                   inc   hl
1F43  5E       ^                   ld    e,(hl)
1F44  23       #                   inc   hl
1F45  56       V                   ld    d,(hl)
1F46  2AA478   *.x                 ld    hl,(0x78A4)
1F49  DF       .                   rst   0x18
1F4A  300E     0.                  jr    nc,$+16
1F4C  2AA078   *.x                 ld    hl,(0x78A0)
1F4F  DF       .                   rst   0x18
1F50  D1       .                   pop   de
1F51  300F     0.                  jr    nc,$+17
1F53  2AF978   *.x                 ld    hl,(0x78F9)
1F56  DF       .                   rst   0x18
1F57  3009     0.                  jr    nc,$+11
1F59  3ED1     >.                  ld    a,0xD1
1F5B  CDF529   ..)                 call  0x29F5
1F5E  EB       .                   ex    de,hl
1F5F  CD4328   .C(                 call  0x2843
1F62  CDF529   ..)                 call  0x29F5
1F65  E3       .                   ex    (sp),hl
1F66  CDD309   ...                 call  0x09D3
1F69  D1       .                   pop   de
1F6A  E1       .                   pop   hl
1F6B  C9       .                   ret   
1F6C  FE9E     ..                  cp    0x9E
1F6E  2025      %                  jr    nz,$+39
1F70  D7       .                   rst   0x10
1F71  CF       .                   rst   8
1F72  8D       .                   adc   a,l
1F73  CD5A1E   .Z.                 call  0x1E5A
1F76  7A       z                   ld    a,d
1F77  B3       .                   or    e
1F78  2809     (.                  jr    z,$+11
1F7A  CD2A1B   .*.                 call  0x1B2A
1F7D  50       P                   ld    d,b
1F7E  59       Y                   ld    e,c
1F7F  E1       .                   pop   hl
1F80  D2D91E   ...                 jp    nc,0x1ED9
1F83  EB       .                   ex    de,hl
1F84  22F078   ".x                 ld    (0x78F0),hl
1F87  EB       .                   ex    de,hl
1F88  D8       .                   ret   c
1F89  3AF278   :.x                 ld    a,(0x78F2)
1F8C  B7       .                   or    a
1F8D  C8       .                   ret   z
1F8E  3A9A78   :.x                 ld    a,(0x789A)
1F91  5F       _                   ld    e,a
1F92  C3AB19   ...                 jp    0x19AB
1F95  CD1C2B   ..+                 call  0x2B1C
1F98  7E       ~                   ld    a,(hl)
1F99  47       G                   ld    b,a
1F9A  FE91     ..                  cp    0x91
1F9C  2803     (.                  jr    z,$+5
1F9E  CF       .                   rst   8
1F9F  8D       .                   adc   a,l
1FA0  2B       +                   dec   hl
1FA1  4B       K                   ld    c,e
1FA2  0D       .                   dec   c
1FA3  78       x                   ld    a,b
1FA4  CA601D   .`.                 jp    z,0x1D60
1FA7  CD5B1E   .[.                 call  0x1E5B
1FAA  FE2C     .,                  cp    0x2C
1FAC  C0       .                   ret   nz
1FAD  18F3     ..                  jr    $-11
1FAF  11F278   ..x                 ld    de,0x78F2
1FB2  1A       .                   ld    a,(de)
1FB3  B7       .                   or    a
1FB4  CAA019   ...                 jp    z,0x19A0
1FB7  3C       <                   inc   a
1FB8  329A78   2.x                 ld    (0x789A),a
1FBB  12       .                   ld    (de),a
1FBC  7E       ~                   ld    a,(hl)
1FBD  FE87     ..                  cp    0x87
1FBF  280C     (.                  jr    z,$+14
1FC1  CD5A1E   .Z.                 call  0x1E5A
1FC4  C0       .                   ret   nz
1FC5  7A       z                   ld    a,d
1FC6  B3       .                   or    e
1FC7  C2C51E   ...                 jp    nz,0x1EC5
1FCA  3C       <                   inc   a
1FCB  1802     ..                  jr    $+4
1FCD  D7       .                   rst   0x10
1FCE  C0       .                   ret   nz
1FCF  2AEE78   *.x                 ld    hl,(0x78EE)
1FD2  EB       .                   ex    de,hl
1FD3  2AEA78   *.x                 ld    hl,(0x78EA)
1FD6  22A278   ".x                 ld    (0x78A2),hl
1FD9  EB       .                   ex    de,hl
1FDA  C0       .                   ret   nz
1FDB  7E       ~                   ld    a,(hl)
1FDC  B7       .                   or    a
1FDD  2004      .                  jr    nz,$+6
1FDF  23       #                   inc   hl
1FE0  23       #                   inc   hl
1FE1  23       #                   inc   hl
1FE2  23       #                   inc   hl
1FE3  23       #                   inc   hl
1FE4  7A       z                   ld    a,d
1FE5  A3       .                   and   e
1FE6  3C       <                   inc   a
1FE7  C2051F   ...                 jp    nz,0x1F05
1FEA  3ADD78   :.x                 ld    a,(0x78DD)
1FED  3D       =                   dec   a
1FEE  CABE1D   ...                 jp    z,0x1DBE
1FF1  C3051F   ...                 jp    0x1F05
1FF4  CD1C2B   ..+                 call  0x2B1C
1FF7  C0       .                   ret   nz
1FF8  B7       .                   or    a
1FF9  CA4A1E   .J.                 jp    z,0x1E4A
1FFC  3D       =                   dec   a
1FFD  87       .                   add   a,a
1FFE  5F       _                   ld    e,a
1FFF  FE2D     .-                  cp    0x2D
2001  3802     8.                  jr    c,$+4
2003  1E26     .&                  ld    e,0x26
2005  C3A219   ...                 jp    ERROR_HANDLER
2008  110A00   ...                 ld    de,0x000A
200B  D5       .                   push  de
200C  2817     (.                  jr    z,$+25
200E  CD4F1E   .O.                 call  0x1E4F
2011  EB       .                   ex    de,hl
2012  E3       .                   ex    (sp),hl
2013  2811     (.                  jr    z,$+19
2015  EB       .                   ex    de,hl
2016  CF       .                   rst   8
2017  2C       ,                   inc   l
2018  EB       .                   ex    de,hl
2019  2AE478   *.x                 ld    hl,(0x78E4)
201C  EB       .                   ex    de,hl
201D  2806     (.                  jr    z,$+8
201F  CD5A1E   .Z.                 call  0x1E5A
2022  C29719   ...                 jp    nz,0x1997
2025  EB       .                   ex    de,hl
2026  7C       |                   ld    a,h
2027  B5       .                   or    l
2028  CA4A1E   .J.                 jp    z,0x1E4A
202B  22E478   ".x                 ld    (0x78E4),hl
202E  32E178   2.x                 ld    (0x78E1),a
2031  E1       .                   pop   hl
2032  22E278   ".x                 ld    (0x78E2),hl
2035  C1       .                   pop   bc
2036  C3331A   .3.                 jp    0x1A33
2039  CD3723   .7#                 call  0x2337
203C  7E       ~                   ld    a,(hl)
203D  FE2C     .,                  cp    0x2C
203F  CC781D   .x.                 call  z,0x1D78
2042  FECA     ..                  cp    0xCA
2044  CC781D   .x.                 call  z,0x1D78
2047  2B       +                   dec   hl
2048  E5       .                   push  hl
2049  CD9409   ...                 call  0x0994
204C  E1       .                   pop   hl
204D  2807     (.                  jr    z,$+9
204F  D7       .                   rst   0x10
2050  DAC21E   ...                 jp    c,0x1EC2
2053  C35F1D   ._.                 jp    0x1D5F
2056  1601     ..                  ld    d,0x01
2058  CD051F   ...                 call  0x1F05
205B  B7       .                   or    a
205C  C8       .                   ret   z
205D  D7       .                   rst   0x10
205E  FE95     ..                  cp    0x95
2060  20F6      .                  jr    nz,$-8
2062  15       .                   dec   d
2063  20F3      .                  jr    nz,$-11
2065  18E8     ..                  jr    $-22
2067  3E01     >.                  ld    a,0x01
2069  329C78   2.x                 ld    (0x789C),a
206C  C39B20   ..                  jp    0x209B
206F  CDCA79   ..y                 call  0x79CA
2072  FE40     .@                  cp    0x40
2074  2019      .                  jr    nz,$+27
2076  CD012B   ..+                 call  0x2B01
2079  FE02     ..                  cp    0x02
207B  D24A1E   .J.                 jp    nc,0x1E4A
207E  E5       .                   push  hl
207F  210070   !.p                 ld    hl,0x7000
2082  19       .                   add   hl,de
2083  222078   " x                 ld    (0x7820),hl
2086  7B       {                   ld    a,e
2087  E61F     ..                  and   0x1F
2089  32A678   2.x                 ld    (0x78A6),a
208C  E1       .                   pop   hl
208D  CF       .                   rst   8
208E  2C       ,                   inc   l
208F  FE23     .#                  cp    0x23
2091  2008      .                  jr    nz,$+10
2093  CD583B   .X;                 call  0x3B58
2096  3E80     >.                  ld    a,0x80
2098  329C78   2.x                 ld    (0x789C),a
209B  2B       +                   dec   hl
209C  D7       .                   rst   0x10
209D  CCFE20   ..                  call  z,0x20FE
20A0  CA6921   .i!                 jp    z,0x2169
20A3  FEBF     ..                  cp    0xBF
20A5  CABD2C   ..,                 jp    z,0x2CBD
20A8  FEBC     ..                  cp    0xBC
20AA  CA3721   .7!                 jp    z,0x2137
20AD  E5       .                   push  hl
20AE  FE2C     .,                  cp    0x2C
20B0  CA0821   ..!                 jp    z,0x2108
20B3  FE3B     .;                  cp    0x3B
20B5  CA0C3B   ..;                 jp    z,0x3B0C
20B8  C1       .                   pop   bc
20B9  CD3723   .7#                 call  0x2337
20BC  E5       .                   push  hl
20BD  E7       .                   rst   0x20
20BE  2832     (2                  jr    z,$+52
20C0  CDBD0F   ...                 call  0x0FBD
20C3  CD6528   .e(                 call  0x2865
20C6  CDCD79   ..y                 call  0x79CD
20C9  2A2179   *!y                 ld    hl,(0x7921)
20CC  3A9C78   :.x                 ld    a,(0x789C)
20CF  B7       .                   or    a
20D0  FAE920   ..                  jp    m,0x20E9
20D3  2808     (.                  jr    z,$+10
20D5  3A9B78   :.x                 ld    a,(0x789B)
20D8  86       .                   add   a,(hl)
20D9  FE84     ..                  cp    0x84
20DB  1809     ..                  jr    $+11
20DD  3A9D78   :.x                 ld    a,(0x789D)
20E0  47       G                   ld    b,a
20E1  3AA678   :.x                 ld    a,(0x78A6)
20E4  86       .                   add   a,(hl)
20E5  B8       .                   cp    b
20E6  D4FE20   ..                  call  nc,0x20FE
20E9  CDAA28   ..(                 call  0x28AA
20EC  3E20     >                   ld    a,0x20
20EE  CD2A03   .*.                 call  0x032A
20F1  B7       .                   or    a
20F2  CCAA28   ..(                 call  z,0x28AA
20F5  E1       .                   pop   hl
20F6  C39B20   ..                  jp    0x209B
20F9  CD1C3B   ..;                 call  0x3B1C
20FC  B7       .                   or    a
20FD  C8       .                   ret   z
20FE  3E0D     >.                  ld    a,0x0D
2100  CD2A03   .*.                 call  0x032A
2103  CDD079   ..y                 call  0x79D0
2106  AF       .                   xor   a
2107  C9       .                   ret   
2108  CDD379   ..y                 call  0x79D3
210B  3A9C78   :.x                 ld    a,(0x789C)
210E  B7       .                   or    a
210F  F21921   ..!                 jp    p,0x2119
2112  3E2C     >,                  ld    a,0x2C
2114  CD2A03   .*.                 call  0x032A
2117  184B     .K                  jr    $+77
2119  2808     (.                  jr    z,$+10
211B  3A9B78   :.x                 ld    a,(0x789B)
211E  FE70     .p                  cp    0x70
2120  C32B21   .+!                 jp    0x212B
2123  3A9E78   :.x                 ld    a,(0x789E)
2126  47       G                   ld    b,a
2127  3AAE7A   :.z                 ld    a,(0x7AAE)
212A  B8       .                   cp    b
212B  D4FE20   ..                  call  nc,0x20FE
212E  3034     04                  jr    nc,$+54
2130  D610     ..                  sub   0x10
2132  30FC     0.                  jr    nc,$-2
2134  2F       /                   cpl   
2135  1823     .#                  jr    $+37
2137  CD1B2B   ..+                 call  0x2B1B
213A  E63F     .?                  and   0x3F
213C  5F       _                   ld    e,a
213D  CF       .                   rst   8
213E  29       )                   add   hl,hl
213F  2B       +                   dec   hl
2140  E5       .                   push  hl
2141  CDD379   ..y                 call  0x79D3
2144  3A9C78   :.x                 ld    a,(0x789C)
2147  B7       .                   or    a
2148  FA4A1E   .J.                 jp    m,0x1E4A
214B  CA5321   .S!                 jp    z,0x2153
214E  3A9B78   :.x                 ld    a,(0x789B)
2151  1803     ..                  jr    $+5
2153  3AA678   :.x                 ld    a,(0x78A6)
2156  2F       /                   cpl   
2157  83       .                   add   a,e
2158  300A     0.                  jr    nc,$+12
215A  3C       <                   inc   a
215B  47       G                   ld    b,a
215C  3E20     >                   ld    a,0x20
215E  CD2A03   .*.                 call  0x032A
2161  05       .                   dec   b
2162  20FA      .                  jr    nz,$-4
2164  E1       .                   pop   hl
2165  D7       .                   rst   0x10
2166  C3A020   ..                  jp    0x20A0
2169  3A9C78   :.x                 ld    a,(0x789C)
216C  00       .                   nop   
216D  00       .                   nop   
216E  00       .                   nop   
216F  00       .                   nop   
2170  AF       .                   xor   a
2171  329C78   2.x                 ld    (0x789C),a
2174  CDBE79   ..y                 call  0x79BE
2177  C9       .                   ret   
2178  3F       ?                   ccf   
2179  52       R                   ld    d,d
217A  45       E                   ld    b,l
217B  44       D                   ld    b,h
217C  4F       O                   ld    c,a
217D  0D       .                   dec   c
217E  00       .                   nop   
217F  3ADE78   :.x                 ld    a,(0x78DE)
2182  B7       .                   or    a
2183  C29119   ...                 jp    nz,0x1991
2186  3AA978   :.x                 ld    a,(0x78A9)
2189  B7       .                   or    a
218A  1E2A     .*                  ld    e,0x2A
218C  CAA219   ...                 jp    z,ERROR_HANDLER
218F  C1       .                   pop   bc
2190  217821   !x!                 ld    hl,0x2178
2193  CDA728   ..(                 call  OUTSTR
2196  2AE678   *.x                 ld    hl,(0x78E6)
2199  C9       .                   ret   
219A  CD2828   .((                 call  0x2828
219D  7E       ~                   ld    a,(hl)
219E  CDD679   ..y                 call  0x79D6
21A1  D623     .#                  sub   0x23
21A3  32A978   2.x                 ld    (0x78A9),a
21A6  7E       ~                   ld    a,(hl)
21A7  2020                         jr    nz,$+34
21A9  CD683B   .h;                 call  0x3B68
21AC  E5       .                   push  hl
21AD  06FA     ..                  ld    b,0xFA
21AF  2AA778   *.x                 ld    hl,(0x78A7)
21B2  CD883B   ..;                 call  0x3B88
21B5  77       w                   ld    (hl),a
21B6  23       #                   inc   hl
21B7  FE0D     ..                  cp    0x0D
21B9  2802     (.                  jr    z,$+4
21BB  10F5     ..                  djnz  $-9
21BD  2B       +                   dec   hl
21BE  3600     6.                  ld    (hl),0x00
21C0  00       .                   nop   
21C1  00       .                   nop   
21C2  00       .                   nop   
21C3  2AA778   *.x                 ld    hl,(0x78A7)
21C6  2B       +                   dec   hl
21C7  1822     ."                  jr    $+36
21C9  01DB21   ..!                 ld    bc,0x21DB
21CC  C5       .                   push  bc
21CD  FE22     ."                  cp    0x22
21CF  C0       .                   ret   nz
21D0  CD6628   .f(                 call  0x2866
21D3  CF       .                   rst   8
21D4  3B       ;                   dec   sp
21D5  E5       .                   push  hl
21D6  CDAA28   ..(                 call  0x28AA
21D9  E1       .                   pop   hl
21DA  C9       .                   ret   
21DB  E5       .                   push  hl
21DC  CDB31B   ...                 call  0x1BB3
21DF  C1       .                   pop   bc
21E0  DABE1D   ...                 jp    c,0x1DBE
21E3  23       #                   inc   hl
21E4  7E       ~                   ld    a,(hl)
21E5  B7       .                   or    a
21E6  2B       +                   dec   hl
21E7  C5       .                   push  bc
21E8  CA041F   ...                 jp    z,0x1F04
21EB  362C     6,                  ld    (hl),0x2C
21ED  1805     ..                  jr    $+7
21EF  E5       .                   push  hl
21F0  2AFF78   *.x                 ld    hl,(0x78FF)
21F3  F6AF     ..                  or    0xAF
21F5  32DE78   2.x                 ld    (0x78DE),a
21F8  E3       .                   ex    (sp),hl
21F9  1802     ..                  jr    $+4
21FB  CF       .                   rst   8
21FC  2C       ,                   inc   l
21FD  CD0D26   ..&                 call  0x260D
2200  E3       .                   ex    (sp),hl
2201  D5       .                   push  de
2202  7E       ~                   ld    a,(hl)
2203  FE2C     .,                  cp    0x2C
2205  2826     (&                  jr    z,$+40
2207  3ADE78   :.x                 ld    a,(0x78DE)
220A  B7       .                   or    a
220B  C29622   .."                 jp    nz,0x2296
220E  3AA978   :.x                 ld    a,(0x78A9)
2211  B7       .                   or    a
2212  1E06     ..                  ld    e,0x06
2214  CAA219   ...                 jp    z,ERROR_HANDLER
2217  3E3F     >?                  ld    a,0x3F
2219  CD2A03   .*.                 call  0x032A
221C  CDB31B   ...                 call  0x1BB3
221F  D1       .                   pop   de
2220  C1       .                   pop   bc
2221  DABE1D   ...                 jp    c,0x1DBE
2224  23       #                   inc   hl
2225  7E       ~                   ld    a,(hl)
2226  B7       .                   or    a
2227  2B       +                   dec   hl
2228  C5       .                   push  bc
2229  CA041F   ...                 jp    z,0x1F04
222C  D5       .                   push  de
222D  CDDC79   ..y                 call  0x79DC
2230  E7       .                   rst   0x20
2231  F5       .                   push  af
2232  2019      .                  jr    nz,$+27
2234  D7       .                   rst   0x10
2235  57       W                   ld    d,a
2236  47       G                   ld    b,a
2237  FE22     ."                  cp    0x22
2239  2805     (.                  jr    z,$+7
223B  163A     .:                  ld    d,0x3A
223D  062C     .,                  ld    b,0x2C
223F  2B       +                   dec   hl
2240  CD6928   .i(                 call  0x2869
2243  F1       .                   pop   af
2244  EB       .                   ex    de,hl
2245  215A22   !Z"                 ld    hl,0x225A
2248  E3       .                   ex    (sp),hl
2249  D5       .                   push  de
224A  C3331F   .3.                 jp    0x1F33
224D  D7       .                   rst   0x10
224E  F1       .                   pop   af
224F  F5       .                   push  af
2250  014322   .C"                 ld    bc,0x2243
2253  C5       .                   push  bc
2254  DA6C0E   .l.                 jp    c,0x0E6C
2257  D2650E   .e.                 jp    nc,0x0E65
225A  2B       +                   dec   hl
225B  D7       .                   rst   0x10
225C  2805     (.                  jr    z,$+7
225E  FE2C     .,                  cp    0x2C
2260  C27F21   ..!                 jp    nz,0x217F
2263  E3       .                   ex    (sp),hl
2264  2B       +                   dec   hl
2265  D7       .                   rst   0x10
2266  C2FB21   ..!                 jp    nz,0x21FB
2269  D1       .                   pop   de
226A  00       .                   nop   
226B  00       .                   nop   
226C  00       .                   nop   
226D  00       .                   nop   
226E  00       .                   nop   
226F  3ADE78   :.x                 ld    a,(0x78DE)
2272  B7       .                   or    a
2273  EB       .                   ex    de,hl
2274  C2961D   ...                 jp    nz,0x1D96
2277  D5       .                   push  de
2278  CDDF79   ..y                 call  0x79DF
227B  B6       .                   or    (hl)
227C  218622   !."                 ld    hl,0x2286
227F  C4A728   ..(                 call  nz,OUTSTR
2282  E1       .                   pop   hl
2283  C36921   .i!                 jp    0x2169
2286  3F       ?                   ccf   
2287  45       E                   ld    b,l
2288  58       X                   ld    e,b
2289  54       T                   ld    d,h
228A  52       R                   ld    d,d
228B  41       A                   ld    b,c
228C  2049      I                  jr    nz,$+75
228E  47       G                   ld    b,a
228F  4E       N                   ld    c,(hl)
2290  4F       O                   ld    c,a
2291  52       R                   ld    d,d
2292  45       E                   ld    b,l
2293  44       D                   ld    b,h
2294  0D       .                   dec   c
2295  00       .                   nop   
2296  CD051F   ...                 call  0x1F05
2299  B7       .                   or    a
229A  2012      .                  jr    nz,$+20
229C  23       #                   inc   hl
229D  7E       ~                   ld    a,(hl)
229E  23       #                   inc   hl
229F  B6       .                   or    (hl)
22A0  1E06     ..                  ld    e,0x06
22A2  CAA219   ...                 jp    z,ERROR_HANDLER
22A5  23       #                   inc   hl
22A6  5E       ^                   ld    e,(hl)
22A7  23       #                   inc   hl
22A8  56       V                   ld    d,(hl)
22A9  EB       .                   ex    de,hl
22AA  22DA78   ".x                 ld    (0x78DA),hl
22AD  EB       .                   ex    de,hl
22AE  D7       .                   rst   0x10
22AF  FE88     ..                  cp    0x88
22B1  20E3      .                  jr    nz,$-27
22B3  C32D22   .-"                 jp    0x222D
22B6  110000   ...                 ld    de,START
22B9  C40D26   ..&                 call  nz,0x260D
22BC  22DF78   ".x                 ld    (0x78DF),hl
22BF  CD3619   .6.                 call  0x1936
22C2  C29D19   ...                 jp    nz,0x199D
22C5  F9       .                   ld    sp,hl
22C6  22E878   ".x                 ld    (0x78E8),hl
22C9  D5       .                   push  de
22CA  7E       ~                   ld    a,(hl)
22CB  23       #                   inc   hl
22CC  F5       .                   push  af
22CD  D5       .                   push  de
22CE  7E       ~                   ld    a,(hl)
22CF  23       #                   inc   hl
22D0  B7       .                   or    a
22D1  FAEA22   .."                 jp    m,0x22EA
22D4  CDB109   ...                 call  0x09B1
22D7  E3       .                   ex    (sp),hl
22D8  E5       .                   push  hl
22D9  CD0B07   ...                 call  0x070B
22DC  E1       .                   pop   hl
22DD  CDCB09   ...                 call  0x09CB
22E0  E1       .                   pop   hl
22E1  CDC209   ...                 call  0x09C2
22E4  E5       .                   push  hl
22E5  CD0C0A   ...                 call  0x0A0C
22E8  1829     .)                  jr    $+43
22EA  23       #                   inc   hl
22EB  23       #                   inc   hl
22EC  23       #                   inc   hl
22ED  23       #                   inc   hl
22EE  4E       N                   ld    c,(hl)
22EF  23       #                   inc   hl
22F0  46       F                   ld    b,(hl)
22F1  23       #                   inc   hl
22F2  E3       .                   ex    (sp),hl
22F3  5E       ^                   ld    e,(hl)
22F4  23       #                   inc   hl
22F5  56       V                   ld    d,(hl)
22F6  E5       .                   push  hl
22F7  69       i                   ld    l,c
22F8  60       `                   ld    h,b
22F9  CDD20B   ...                 call  0x0BD2
22FC  3AAF78   :.x                 ld    a,(0x78AF)
22FF  FE04     ..                  cp    0x04
2301  CAB207   ...                 jp    z,0x07B2
2304  EB       .                   ex    de,hl
2305  E1       .                   pop   hl
2306  72       r                   ld    (hl),d
2307  2B       +                   dec   hl
2308  73       s                   ld    (hl),e
2309  E1       .                   pop   hl
230A  D5       .                   push  de
230B  5E       ^                   ld    e,(hl)
230C  23       #                   inc   hl
230D  56       V                   ld    d,(hl)
230E  23       #                   inc   hl
230F  E3       .                   ex    (sp),hl
2310  CD390A   .9.                 call  0x0A39
2313  E1       .                   pop   hl
2314  C1       .                   pop   bc
2315  90       .                   sub   b
2316  CDC209   ...                 call  0x09C2
2319  2809     (.                  jr    z,$+11
231B  EB       .                   ex    de,hl
231C  22A278   ".x                 ld    (0x78A2),hl
231F  69       i                   ld    l,c
2320  60       `                   ld    h,b
2321  C31A1D   ...                 jp    0x1D1A
2324  F9       .                   ld    sp,hl
2325  22E878   ".x                 ld    (0x78E8),hl
2328  2ADF78   *.x                 ld    hl,(0x78DF)
232B  7E       ~                   ld    a,(hl)
232C  FE2C     .,                  cp    0x2C
232E  C21E1D   ...                 jp    nz,0x1D1E
2331  D7       .                   rst   0x10
2332  CDB922   .."                 call  0x22B9
2335  CF       .                   rst   8
2336  282B     (+                  jr    z,$+45
2338  1600     ..                  ld    d,0x00
233A  D5       .                   push  de
233B  0E01     ..                  ld    c,0x01
233D  CD6319   .c.                 call  0x1963
2340  CD9F24   ..$                 call  0x249F
2343  22F378   ".x                 ld    (0x78F3),hl
2346  2AF378   *.x                 ld    hl,(0x78F3)
2349  C1       .                   pop   bc
234A  7E       ~                   ld    a,(hl)
234B  1600     ..                  ld    d,0x00
234D  D6D4     ..                  sub   0xD4
234F  3813     8.                  jr    c,$+21
2351  FE03     ..                  cp    0x03
2353  300F     0.                  jr    nc,$+17
2355  FE01     ..                  cp    0x01
2357  17       .                   rla   
2358  AA       .                   xor   d
2359  BA       .                   cp    d
235A  57       W                   ld    d,a
235B  DA9719   ...                 jp    c,0x1997
235E  22D878   ".x                 ld    (0x78D8),hl
2361  D7       .                   rst   0x10
2362  18E9     ..                  jr    $-21
2364  7A       z                   ld    a,d
2365  B7       .                   or    a
2366  C2EC23   ..#                 jp    nz,0x23EC
2369  7E       ~                   ld    a,(hl)
236A  22D878   ".x                 ld    (0x78D8),hl
236D  D6CD     ..                  sub   0xCD
236F  D8       .                   ret   c
2370  FE07     ..                  cp    0x07
2372  D0       .                   ret   nc
2373  5F       _                   ld    e,a
2374  3AAF78   :.x                 ld    a,(0x78AF)
2377  D603     ..                  sub   0x03
2379  B3       .                   or    e
237A  CA8F29   ..)                 jp    z,0x298F
237D  219A18   !..                 ld    hl,0x189A
2380  19       .                   add   hl,de
2381  78       x                   ld    a,b
2382  56       V                   ld    d,(hl)
2383  BA       .                   cp    d
2384  D0       .                   ret   nc
2385  C5       .                   push  bc
2386  014623   .F#                 ld    bc,0x2346
2389  C5       .                   push  bc
238A  7A       z                   ld    a,d
238B  FE7F     ..                  cp    0x7F
238D  CAD423   ..#                 jp    z,0x23D4
2390  FE51     .Q                  cp    0x51
2392  DAE123   ..#                 jp    c,0x23E1
2395  212179   !!y                 ld    hl,0x7921
2398  B7       .                   or    a
2399  3AAF78   :.x                 ld    a,(0x78AF)
239C  3D       =                   dec   a
239D  3D       =                   dec   a
239E  3D       =                   dec   a
239F  CAF60A   ...                 jp    z,0x0AF6
23A2  4E       N                   ld    c,(hl)
23A3  23       #                   inc   hl
23A4  46       F                   ld    b,(hl)
23A5  C5       .                   push  bc
23A6  FAC523   ..#                 jp    m,0x23C5
23A9  23       #                   inc   hl
23AA  4E       N                   ld    c,(hl)
23AB  23       #                   inc   hl
23AC  46       F                   ld    b,(hl)
23AD  C5       .                   push  bc
23AE  F5       .                   push  af
23AF  B7       .                   or    a
23B0  E2C423   ..#                 jp    po,0x23C4
23B3  F1       .                   pop   af
23B4  23       #                   inc   hl
23B5  3803     8.                  jr    c,$+5
23B7  211D79   !.y                 ld    hl,0x791D
23BA  4E       N                   ld    c,(hl)
23BB  23       #                   inc   hl
23BC  46       F                   ld    b,(hl)
23BD  23       #                   inc   hl
23BE  C5       .                   push  bc
23BF  4E       N                   ld    c,(hl)
23C0  23       #                   inc   hl
23C1  46       F                   ld    b,(hl)
23C2  C5       .                   push  bc
23C3  06F1     ..                  ld    b,0xF1
23C5  C603     ..                  add   a,0x03
23C7  4B       K                   ld    c,e
23C8  47       G                   ld    b,a
23C9  C5       .                   push  bc
23CA  010624   ..$                 ld    bc,0x2406
23CD  C5       .                   push  bc
23CE  2AD878   *.x                 ld    hl,(0x78D8)
23D1  C33A23   .:#                 jp    0x233A
23D4  CDB10A   ...                 call  0x0AB1
23D7  CDA409   ...                 call  0x09A4
23DA  01F213   ...                 ld    bc,0x13F2
23DD  167F     ..                  ld    d,0x7F
23DF  18EC     ..                  jr    $-18
23E1  D5       .                   push  de
23E2  CD7F0A   ...                 call  0x0A7F
23E5  D1       .                   pop   de
23E6  E5       .                   push  hl
23E7  01E925   ..%                 ld    bc,0x25E9
23EA  18E1     ..                  jr    $-29
23EC  78       x                   ld    a,b
23ED  FE64     .d                  cp    0x64
23EF  D0       .                   ret   nc
23F0  C5       .                   push  bc
23F1  D5       .                   push  de
23F2  110464   ..d                 ld    de,0x6404
23F5  21B825   !.%                 ld    hl,0x25B8
23F8  E5       .                   push  hl
23F9  E7       .                   rst   0x20
23FA  C29523   ..#                 jp    nz,0x2395
23FD  2A2179   *!y                 ld    hl,(0x7921)
2400  E5       .                   push  hl
2401  018C25   ..%                 ld    bc,0x258C
2404  18C7     ..                  jr    $-55
2406  C1       .                   pop   bc
2407  79       y                   ld    a,c
2408  32B078   2.x                 ld    (0x78B0),a
240B  78       x                   ld    a,b
240C  FE08     ..                  cp    0x08
240E  2828     ((                  jr    z,$+42
2410  3AAF78   :.x                 ld    a,(0x78AF)
2413  FE08     ..                  cp    0x08
2415  CA6024   .`$                 jp    z,0x2460
2418  57       W                   ld    d,a
2419  78       x                   ld    a,b
241A  FE04     ..                  cp    0x04
241C  CA7224   .r$                 jp    z,0x2472
241F  7A       z                   ld    a,d
2420  FE03     ..                  cp    0x03
2422  CAF60A   ...                 jp    z,0x0AF6
2425  D27C24   .|$                 jp    nc,0x247C
2428  21BF18   !..                 ld    hl,0x18BF
242B  0600     ..                  ld    b,0x00
242D  09       .                   add   hl,bc
242E  09       .                   add   hl,bc
242F  4E       N                   ld    c,(hl)
2430  23       #                   inc   hl
2431  46       F                   ld    b,(hl)
2432  D1       .                   pop   de
2433  2A2179   *!y                 ld    hl,(0x7921)
2436  C5       .                   push  bc
2437  C9       .                   ret   
2438  CDDB0A   ...                 call  0x0ADB
243B  CDFC09   ...                 call  0x09FC
243E  E1       .                   pop   hl
243F  221F79   ".y                 ld    (0x791F),hl
2442  E1       .                   pop   hl
2443  221D79   ".y                 ld    (0x791D),hl
2446  C1       .                   pop   bc
2447  D1       .                   pop   de
2448  CDB409   ...                 call  0x09B4
244B  CDDB0A   ...                 call  0x0ADB
244E  21AB18   !..                 ld    hl,0x18AB
2451  3AB078   :.x                 ld    a,(0x78B0)
2454  07       .                   rlca  
2455  C5       .                   push  bc
2456  4F       O                   ld    c,a
2457  0600     ..                  ld    b,0x00
2459  09       .                   add   hl,bc
245A  C1       .                   pop   bc
245B  7E       ~                   ld    a,(hl)
245C  23       #                   inc   hl
245D  66       f                   ld    h,(hl)
245E  6F       o                   ld    l,a
245F  E9       .                   jp    (hl)
2460  C5       .                   push  bc
2461  CDFC09   ...                 call  0x09FC
2464  F1       .                   pop   af
2465  32AF78   2.x                 ld    (0x78AF),a
2468  FE04     ..                  cp    0x04
246A  28DA     (.                  jr    z,$-36
246C  E1       .                   pop   hl
246D  222179   "!y                 ld    (0x7921),hl
2470  18D9     ..                  jr    $-37
2472  CDB10A   ...                 call  0x0AB1
2475  C1       .                   pop   bc
2476  D1       .                   pop   de
2477  21B518   !..                 ld    hl,0x18B5
247A  18D5     ..                  jr    $-41
247C  E1       .                   pop   hl
247D  CDA409   ...                 call  0x09A4
2480  CDCF0A   ...                 call  0x0ACF
2483  CDBF09   ...                 call  0x09BF
2486  E1       .                   pop   hl
2487  222379   "#y                 ld    (0x7923),hl
248A  E1       .                   pop   hl
248B  222179   "!y                 ld    (0x7921),hl
248E  18E7     ..                  jr    $-23
2490  E5       .                   push  hl
2491  EB       .                   ex    de,hl
2492  CDCF0A   ...                 call  0x0ACF
2495  E1       .                   pop   hl
2496  CDA409   ...                 call  0x09A4
2499  CDCF0A   ...                 call  0x0ACF
249C  C3A008   ...                 jp    0x08A0
249F  D7       .                   rst   0x10
24A0  1E28     .(                  ld    e,0x28
24A2  CAA219   ...                 jp    z,ERROR_HANDLER
24A5  DA6C0E   .l.                 jp    c,0x0E6C
24A8  CD3D1E   .=.                 call  0x1E3D
24AB  D24025   .@%                 jp    nc,0x2540
24AE  FECD     ..                  cp    0xCD
24B0  28ED     (.                  jr    z,$-17
24B2  FE2E     ..                  cp    0x2E
24B4  CA6C0E   .l.                 jp    z,0x0E6C
24B7  FECE     ..                  cp    0xCE
24B9  CA3225   .2%                 jp    z,0x2532
24BC  FE22     ."                  cp    0x22
24BE  CA6628   .f(                 jp    z,0x2866
24C1  FECB     ..                  cp    0xCB
24C3  CAC425   ..%                 jp    z,0x25C4
24C6  FE26     .&                  cp    0x26
24C8  CA9479   ..y                 jp    z,0x7994
24CB  FEC3     ..                  cp    0xC3
24CD  200A      .                  jr    nz,$+12
24CF  D7       .                   rst   0x10
24D0  3A9A78   :.x                 ld    a,(0x789A)
24D3  E5       .                   push  hl
24D4  CDF827   ..'                 call  0x27F8
24D7  E1       .                   pop   hl
24D8  C9       .                   ret   
24D9  FEC2     ..                  cp    0xC2
24DB  200A      .                  jr    nz,$+12
24DD  D7       .                   rst   0x10
24DE  E5       .                   push  hl
24DF  2AEA78   *.x                 ld    hl,(0x78EA)
24E2  CD660C   .f.                 call  0x0C66
24E5  E1       .                   pop   hl
24E6  C9       .                   ret   
24E7  FEC0     ..                  cp    0xC0
24E9  2014      .                  jr    nz,$+22
24EB  D7       .                   rst   0x10
24EC  CF       .                   rst   8
24ED  28CD     (.                  jr    z,$-49
24EF  0D       .                   dec   c
24F0  26CF     &.                  ld    h,0xCF
24F2  29       )                   add   hl,hl
24F3  E5       .                   push  hl
24F4  EB       .                   ex    de,hl
24F5  7C       |                   ld    a,h
24F6  B5       .                   or    l
24F7  CA4A1E   .J.                 jp    z,0x1E4A
24FA  CD9A0A   ...                 call  0x0A9A
24FD  E1       .                   pop   hl
24FE  C9       .                   ret   
24FF  FEC1     ..                  cp    0xC1
2501  CAFE27   ..'                 jp    z,0x27FE
2504  FEC5     ..                  cp    0xC5
2506  CA9D79   ..y                 jp    z,0x799D
2509  FEC8     ..                  cp    0xC8
250B  CAC927   ..'                 jp    z,0x27C9
250E  FEC7     ..                  cp    0xC7
2510  CA7679   .vy                 jp    z,0x7976
2513  FEC6     ..                  cp    0xC6
2515  CA3201   .2.                 jp    z,0x0132
2518  FEC9     ..                  cp    0xC9
251A  CA9D01   ...                 jp    z,0x019D
251D  FEC4     ..                  cp    0xC4
251F  CA2F2A   ./*                 jp    z,0x2A2F
2522  FEBE     ..                  cp    0xBE
2524  CA5579   .Uy                 jp    z,0x7955
2527  D6D7     ..                  sub   0xD7
2529  D24E25   .N%                 jp    nc,0x254E
252C  CD3523   .5#                 call  0x2335
252F  CF       .                   rst   8
2530  29       )                   add   hl,hl
2531  C9       .                   ret   
2532  167D     .}                  ld    d,0x7D
2534  CD3A23   .:#                 call  0x233A
2537  2AF378   *.x                 ld    hl,(0x78F3)
253A  E5       .                   push  hl
253B  CD7B09   .{.                 call  0x097B
253E  E1       .                   pop   hl
253F  C9       .                   ret   
2540  CD0D26   ..&                 call  0x260D
2543  E5       .                   push  hl
2544  EB       .                   ex    de,hl
2545  222179   "!y                 ld    (0x7921),hl
2548  E7       .                   rst   0x20
2549  C4F709   ...                 call  nz,0x09F7
254C  E1       .                   pop   hl
254D  C9       .                   ret   
254E  0600     ..                  ld    b,0x00
2550  07       .                   rlca  
2551  4F       O                   ld    c,a
2552  C5       .                   push  bc
2553  D7       .                   rst   0x10
2554  79       y                   ld    a,c
2555  FE41     .A                  cp    0x41
2557  3816     8.                  jr    c,$+24
2559  CD3523   .5#                 call  0x2335
255C  CF       .                   rst   8
255D  2C       ,                   inc   l
255E  CDF40A   ...                 call  0x0AF4
2561  EB       .                   ex    de,hl
2562  2A2179   *!y                 ld    hl,(0x7921)
2565  E3       .                   ex    (sp),hl
2566  E5       .                   push  hl
2567  EB       .                   ex    de,hl
2568  CD1C2B   ..+                 call  0x2B1C
256B  EB       .                   ex    de,hl
256C  E3       .                   ex    (sp),hl
256D  1814     ..                  jr    $+22
256F  CD2C25   .,%                 call  0x252C
2572  E3       .                   ex    (sp),hl
2573  7D       }                   ld    a,l
2574  FE0C     ..                  cp    0x0C
2576  3807     8.                  jr    c,$+9
2578  FE1B     ..                  cp    0x1B
257A  E5       .                   push  hl
257B  DCB10A   ...                 call  c,0x0AB1
257E  E1       .                   pop   hl
257F  113E25   .>%                 ld    de,0x253E
2582  D5       .                   push  de
2583  010816   ...                 ld    bc,0x1608
2586  09       .                   add   hl,bc
2587  4E       N                   ld    c,(hl)
2588  23       #                   inc   hl
2589  66       f                   ld    h,(hl)
258A  69       i                   ld    l,c
258B  E9       .                   jp    (hl)
258C  CDD729   ..)                 call  0x29D7
258F  7E       ~                   ld    a,(hl)
2590  23       #                   inc   hl
2591  4E       N                   ld    c,(hl)
2592  23       #                   inc   hl
2593  46       F                   ld    b,(hl)
2594  D1       .                   pop   de
2595  C5       .                   push  bc
2596  F5       .                   push  af
2597  CDDE29   ..)                 call  0x29DE
259A  D1       .                   pop   de
259B  5E       ^                   ld    e,(hl)
259C  23       #                   inc   hl
259D  4E       N                   ld    c,(hl)
259E  23       #                   inc   hl
259F  46       F                   ld    b,(hl)
25A0  E1       .                   pop   hl
25A1  7B       {                   ld    a,e
25A2  B2       .                   or    d
25A3  C8       .                   ret   z
25A4  7A       z                   ld    a,d
25A5  D601     ..                  sub   0x01
25A7  D8       .                   ret   c
25A8  AF       .                   xor   a
25A9  BB       .                   cp    e
25AA  3C       <                   inc   a
25AB  D0       .                   ret   nc
25AC  15       .                   dec   d
25AD  1D       .                   dec   e
25AE  0A       .                   ld    a,(bc)
25AF  BE       .                   cp    (hl)
25B0  23       #                   inc   hl
25B1  03       .                   inc   bc
25B2  28ED     (.                  jr    z,$-17
25B4  3F       ?                   ccf   
25B5  C36009   .`.                 jp    0x0960
25B8  3C       <                   inc   a
25B9  8F       .                   adc   a,a
25BA  C1       .                   pop   bc
25BB  A0       .                   and   b
25BC  C6FF     ..                  add   a,0xFF
25BE  9F       .                   sbc   a,a
25BF  CD8D09   ...                 call  0x098D
25C2  1812     ..                  jr    $+20
25C4  165A     .Z                  ld    d,0x5A
25C6  CD3A23   .:#                 call  0x233A
25C9  CD7F0A   ...                 call  0x0A7F
25CC  7D       }                   ld    a,l
25CD  2F       /                   cpl   
25CE  6F       o                   ld    l,a
25CF  7C       |                   ld    a,h
25D0  2F       /                   cpl   
25D1  67       g                   ld    h,a
25D2  222179   "!y                 ld    (0x7921),hl
25D5  C1       .                   pop   bc
25D6  C34623   .F#                 jp    0x2346
25D9  3AAF78   :.x                 ld    a,(0x78AF)
25DC  FE08     ..                  cp    0x08
25DE  3005     0.                  jr    nc,$+7
25E0  D603     ..                  sub   0x03
25E2  B7       .                   or    a
25E3  37       7                   scf   
25E4  C9       .                   ret   
25E5  D603     ..                  sub   0x03
25E7  B7       .                   or    a
25E8  C9       .                   ret   
25E9  C5       .                   push  bc
25EA  CD7F0A   ...                 call  0x0A7F
25ED  F1       .                   pop   af
25EE  D1       .                   pop   de
25EF  01FA27   ..'                 ld    bc,0x27FA
25F2  C5       .                   push  bc
25F3  FE46     .F                  cp    0x46
25F5  2006      .                  jr    nz,$+8
25F7  7B       {                   ld    a,e
25F8  B5       .                   or    l
25F9  6F       o                   ld    l,a
25FA  7C       |                   ld    a,h
25FB  B2       .                   or    d
25FC  C9       .                   ret   
25FD  7B       {                   ld    a,e
25FE  A5       .                   and   l
25FF  6F       o                   ld    l,a
2600  7C       |                   ld    a,h
2601  A2       .                   and   d
2602  C9       .                   ret   
2603  2B       +                   dec   hl
2604  D7       .                   rst   0x10
2605  C8       .                   ret   z
2606  CF       .                   rst   8
2607  2C       ,                   inc   l
2608  010326   ..&                 ld    bc,0x2603
260B  C5       .                   push  bc
260C  F6AF     ..                  or    0xAF
260E  32AE78   2.x                 ld    (0x78AE),a
2611  46       F                   ld    b,(hl)
2612  CD3D1E   .=.                 call  0x1E3D
2615  DA9719   ...                 jp    c,0x1997
2618  AF       .                   xor   a
2619  4F       O                   ld    c,a
261A  D7       .                   rst   0x10
261B  3805     8.                  jr    c,$+7
261D  CD3D1E   .=.                 call  0x1E3D
2620  3809     8.                  jr    c,$+11
2622  4F       O                   ld    c,a
2623  D7       .                   rst   0x10
2624  38FD     8.                  jr    c,$-1
2626  CD3D1E   .=.                 call  0x1E3D
2629  30F8     0.                  jr    nc,$-6
262B  115226   .R&                 ld    de,0x2652
262E  D5       .                   push  de
262F  1602     ..                  ld    d,0x02
2631  FE25     .%                  cp    0x25
2633  C8       .                   ret   z
2634  14       .                   inc   d
2635  FE24     .$                  cp    0x24
2637  C8       .                   ret   z
2638  00       .                   nop   
2639  00       .                   nop   
263A  00       .                   nop   
263B  00       .                   nop   
263C  00       .                   nop   
263D  00       .                   nop   
263E  00       .                   nop   
263F  00       .                   nop   
2640  00       .                   nop   
2641  78       x                   ld    a,b
2642  D641     .A                  sub   0x41
2644  E67F     ..                  and   0x7F
2646  5F       _                   ld    e,a
2647  1600     ..                  ld    d,0x00
2649  E5       .                   push  hl
264A  210179   !.y                 ld    hl,0x7901
264D  19       .                   add   hl,de
264E  56       V                   ld    d,(hl)
264F  E1       .                   pop   hl
2650  2B       +                   dec   hl
2651  C9       .                   ret   
2652  7A       z                   ld    a,d
2653  32AF78   2.x                 ld    (0x78AF),a
2656  D7       .                   rst   0x10
2657  3ADC78   :.x                 ld    a,(0x78DC)
265A  B7       .                   or    a
265B  C26426   .d&                 jp    nz,0x2664
265E  7E       ~                   ld    a,(hl)
265F  D628     .(                  sub   0x28
2661  CAE926   ..&                 jp    z,0x26E9
2664  AF       .                   xor   a
2665  32DC78   2.x                 ld    (0x78DC),a
2668  E5       .                   push  hl
2669  D5       .                   push  de
266A  2AF978   *.x                 ld    hl,(0x78F9)
266D  EB       .                   ex    de,hl
266E  2AFB78   *.x                 ld    hl,(0x78FB)
2671  DF       .                   rst   0x18
2672  E1       .                   pop   hl
2673  2819     (.                  jr    z,$+27
2675  1A       .                   ld    a,(de)
2676  6F       o                   ld    l,a
2677  BC       .                   cp    h
2678  13       .                   inc   de
2679  200B      .                  jr    nz,$+13
267B  1A       .                   ld    a,(de)
267C  B9       .                   cp    c
267D  2007      .                  jr    nz,$+9
267F  13       .                   inc   de
2680  1A       .                   ld    a,(de)
2681  B8       .                   cp    b
2682  CACC26   ..&                 jp    z,0x26CC
2685  3E13     >.                  ld    a,0x13
2687  13       .                   inc   de
2688  E5       .                   push  hl
2689  2600     &.                  ld    h,0x00
268B  19       .                   add   hl,de
268C  18DF     ..                  jr    $-31
268E  7C       |                   ld    a,h
268F  E1       .                   pop   hl
2690  E3       .                   ex    (sp),hl
2691  F5       .                   push  af
2692  D5       .                   push  de
2693  11F124   ..$                 ld    de,0x24F1
2696  DF       .                   rst   0x18
2697  2836     (6                  jr    z,$+56
2699  114325   .C%                 ld    de,0x2543
269C  DF       .                   rst   0x18
269D  D1       .                   pop   de
269E  2835     (5                  jr    z,$+55
26A0  F1       .                   pop   af
26A1  E3       .                   ex    (sp),hl
26A2  E5       .                   push  hl
26A3  C5       .                   push  bc
26A4  4F       O                   ld    c,a
26A5  0600     ..                  ld    b,0x00
26A7  C5       .                   push  bc
26A8  03       .                   inc   bc
26A9  03       .                   inc   bc
26AA  03       .                   inc   bc
26AB  2AFD78   *.x                 ld    hl,(0x78FD)
26AE  E5       .                   push  hl
26AF  09       .                   add   hl,bc
26B0  C1       .                   pop   bc
26B1  E5       .                   push  hl
26B2  CD5519   .U.                 call  0x1955
26B5  E1       .                   pop   hl
26B6  22FD78   ".x                 ld    (0x78FD),hl
26B9  60       `                   ld    h,b
26BA  69       i                   ld    l,c
26BB  22FB78   ".x                 ld    (0x78FB),hl
26BE  2B       +                   dec   hl
26BF  3600     6.                  ld    (hl),0x00
26C1  DF       .                   rst   0x18
26C2  20FA      .                  jr    nz,$-4
26C4  D1       .                   pop   de
26C5  73       s                   ld    (hl),e
26C6  23       #                   inc   hl
26C7  D1       .                   pop   de
26C8  73       s                   ld    (hl),e
26C9  23       #                   inc   hl
26CA  72       r                   ld    (hl),d
26CB  EB       .                   ex    de,hl
26CC  13       .                   inc   de
26CD  E1       .                   pop   hl
26CE  C9       .                   ret   
26CF  57       W                   ld    d,a
26D0  5F       _                   ld    e,a
26D1  F1       .                   pop   af
26D2  F1       .                   pop   af
26D3  E3       .                   ex    (sp),hl
26D4  C9       .                   ret   
26D5  322479   2$y                 ld    (0x7924),a
26D8  C1       .                   pop   bc
26D9  67       g                   ld    h,a
26DA  6F       o                   ld    l,a
26DB  222179   "!y                 ld    (0x7921),hl
26DE  E7       .                   rst   0x20
26DF  2006      .                  jr    nz,$+8
26E1  212819   !(.                 ld    hl,0x1928
26E4  222179   "!y                 ld    (0x7921),hl
26E7  E1       .                   pop   hl
26E8  C9       .                   ret   
26E9  E5       .                   push  hl
26EA  2AAE78   *.x                 ld    hl,(0x78AE)
26ED  E3       .                   ex    (sp),hl
26EE  57       W                   ld    d,a
26EF  D5       .                   push  de
26F0  C5       .                   push  bc
26F1  CD451E   .E.                 call  0x1E45
26F4  C1       .                   pop   bc
26F5  F1       .                   pop   af
26F6  EB       .                   ex    de,hl
26F7  E3       .                   ex    (sp),hl
26F8  E5       .                   push  hl
26F9  EB       .                   ex    de,hl
26FA  3C       <                   inc   a
26FB  57       W                   ld    d,a
26FC  7E       ~                   ld    a,(hl)
26FD  FE2C     .,                  cp    0x2C
26FF  28EE     (.                  jr    z,$-16
2701  CF       .                   rst   8
2702  29       )                   add   hl,hl
2703  22F378   ".x                 ld    (0x78F3),hl
2706  E1       .                   pop   hl
2707  22AE78   ".x                 ld    (0x78AE),hl
270A  D5       .                   push  de
270B  2AFB78   *.x                 ld    hl,(0x78FB)
270E  3E19     >.                  ld    a,0x19
2710  EB       .                   ex    de,hl
2711  2AFD78   *.x                 ld    hl,(0x78FD)
2714  EB       .                   ex    de,hl
2715  DF       .                   rst   0x18
2716  3AAF78   :.x                 ld    a,(0x78AF)
2719  2827     ('                  jr    z,$+41
271B  BE       .                   cp    (hl)
271C  23       #                   inc   hl
271D  2008      .                  jr    nz,$+10
271F  7E       ~                   ld    a,(hl)
2720  B9       .                   cp    c
2721  23       #                   inc   hl
2722  2004      .                  jr    nz,$+6
2724  7E       ~                   ld    a,(hl)
2725  B8       .                   cp    b
2726  3E23     >#                  ld    a,0x23
2728  23       #                   inc   hl
2729  5E       ^                   ld    e,(hl)
272A  23       #                   inc   hl
272B  56       V                   ld    d,(hl)
272C  23       #                   inc   hl
272D  20E0      .                  jr    nz,$-30
272F  3AAE78   :.x                 ld    a,(0x78AE)
2732  B7       .                   or    a
2733  1E12     ..                  ld    e,0x12
2735  C2A219   ...                 jp    nz,ERROR_HANDLER
2738  F1       .                   pop   af
2739  96       .                   sub   (hl)
273A  CA9527   ..'                 jp    z,0x2795
273D  1E10     ..                  ld    e,0x10
273F  C3A219   ...                 jp    ERROR_HANDLER
2742  77       w                   ld    (hl),a
2743  23       #                   inc   hl
2744  5F       _                   ld    e,a
2745  1600     ..                  ld    d,0x00
2747  F1       .                   pop   af
2748  71       q                   ld    (hl),c
2749  23       #                   inc   hl
274A  70       p                   ld    (hl),b
274B  23       #                   inc   hl
274C  4F       O                   ld    c,a
274D  CD6319   .c.                 call  0x1963
2750  23       #                   inc   hl
2751  23       #                   inc   hl
2752  22D878   ".x                 ld    (0x78D8),hl
2755  71       q                   ld    (hl),c
2756  23       #                   inc   hl
2757  3AAE78   :.x                 ld    a,(0x78AE)
275A  17       .                   rla   
275B  79       y                   ld    a,c
275C  010B00   ...                 ld    bc,0x000B
275F  3002     0.                  jr    nc,$+4
2761  C1       .                   pop   bc
2762  03       .                   inc   bc
2763  71       q                   ld    (hl),c
2764  23       #                   inc   hl
2765  70       p                   ld    (hl),b
2766  23       #                   inc   hl
2767  F5       .                   push  af
2768  CDAA0B   ...                 call  0x0BAA
276B  F1       .                   pop   af
276C  3D       =                   dec   a
276D  20ED      .                  jr    nz,$-17
276F  F5       .                   push  af
2770  42       B                   ld    b,d
2771  4B       K                   ld    c,e
2772  EB       .                   ex    de,hl
2773  19       .                   add   hl,de
2774  38C7     8.                  jr    c,$-55
2776  CD6C19   .l.                 call  0x196C
2779  22FD78   ".x                 ld    (0x78FD),hl
277C  2B       +                   dec   hl
277D  3600     6.                  ld    (hl),0x00
277F  DF       .                   rst   0x18
2780  20FA      .                  jr    nz,$-4
2782  03       .                   inc   bc
2783  57       W                   ld    d,a
2784  2AD878   *.x                 ld    hl,(0x78D8)
2787  5E       ^                   ld    e,(hl)
2788  EB       .                   ex    de,hl
2789  29       )                   add   hl,hl
278A  09       .                   add   hl,bc
278B  EB       .                   ex    de,hl
278C  2B       +                   dec   hl
278D  2B       +                   dec   hl
278E  73       s                   ld    (hl),e
278F  23       #                   inc   hl
2790  72       r                   ld    (hl),d
2791  23       #                   inc   hl
2792  F1       .                   pop   af
2793  3830     80                  jr    c,$+50
2795  47       G                   ld    b,a
2796  4F       O                   ld    c,a
2797  7E       ~                   ld    a,(hl)
2798  23       #                   inc   hl
2799  16E1     ..                  ld    d,0xE1
279B  5E       ^                   ld    e,(hl)
279C  23       #                   inc   hl
279D  56       V                   ld    d,(hl)
279E  23       #                   inc   hl
279F  E3       .                   ex    (sp),hl
27A0  F5       .                   push  af
27A1  DF       .                   rst   0x18
27A2  D23D27   .='                 jp    nc,0x273D
27A5  CDAA0B   ...                 call  0x0BAA
27A8  19       .                   add   hl,de
27A9  F1       .                   pop   af
27AA  3D       =                   dec   a
27AB  44       D                   ld    b,h
27AC  4D       M                   ld    c,l
27AD  20EB      .                  jr    nz,$-19
27AF  3AAF78   :.x                 ld    a,(0x78AF)
27B2  44       D                   ld    b,h
27B3  4D       M                   ld    c,l
27B4  29       )                   add   hl,hl
27B5  D604     ..                  sub   0x04
27B7  3804     8.                  jr    c,$+6
27B9  29       )                   add   hl,hl
27BA  2806     (.                  jr    z,$+8
27BC  29       )                   add   hl,hl
27BD  B7       .                   or    a
27BE  E2C227   ..'                 jp    po,0x27C2
27C1  09       .                   add   hl,bc
27C2  C1       .                   pop   bc
27C3  09       .                   add   hl,bc
27C4  EB       .                   ex    de,hl
27C5  2AF378   *.x                 ld    hl,(0x78F3)
27C8  C9       .                   ret   
27C9  AF       .                   xor   a
27CA  E5       .                   push  hl
27CB  32AF78   2.x                 ld    (0x78AF),a
27CE  CDD427   ..'                 call  0x27D4
27D1  E1       .                   pop   hl
27D2  D7       .                   rst   0x10
27D3  C9       .                   ret   
27D4  2AFD78   *.x                 ld    hl,(0x78FD)
27D7  EB       .                   ex    de,hl
27D8  210000   !..                 ld    hl,START
27DB  39       9                   add   hl,sp
27DC  E7       .                   rst   0x20
27DD  200D      .                  jr    nz,$+15
27DF  CDDA29   ..)                 call  0x29DA
27E2  CDE628   ..(                 call  0x28E6
27E5  2AA078   *.x                 ld    hl,(0x78A0)
27E8  EB       .                   ex    de,hl
27E9  2AD678   *.x                 ld    hl,(0x78D6)
27EC  7D       }                   ld    a,l
27ED  93       .                   sub   e
27EE  6F       o                   ld    l,a
27EF  7C       |                   ld    a,h
27F0  9A       .                   sbc   a,d
27F1  67       g                   ld    h,a
27F2  C3660C   .f.                 jp    0x0C66
27F5  3AA678   :.x                 ld    a,(0x78A6)
27F8  6F       o                   ld    l,a
27F9  AF       .                   xor   a
27FA  67       g                   ld    h,a
27FB  C39A0A   ...                 jp    0x0A9A
27FE  CDA979   ..y                 call  0x79A9
2801  D7       .                   rst   0x10
2802  CD2C25   .,%                 call  0x252C
2805  E5       .                   push  hl
2806  219008   !..                 ld    hl,0x0890
2809  E5       .                   push  hl
280A  3AAF78   :.x                 ld    a,(0x78AF)
280D  F5       .                   push  af
280E  FE03     ..                  cp    0x03
2810  CCDA29   ..)                 call  z,0x29DA
2813  F1       .                   pop   af
2814  EB       .                   ex    de,hl
2815  2A8E78   *.x                 ld    hl,(0x788E)
2818  E9       .                   jp    (hl)
2819  E5       .                   push  hl
281A  E607     ..                  and   0x07
281C  21A118   !..                 ld    hl,0x18A1
281F  4F       O                   ld    c,a
2820  0600     ..                  ld    b,0x00
2822  09       .                   add   hl,bc
2823  CD8625   ..%                 call  0x2586
2826  E1       .                   pop   hl
2827  C9       .                   ret   
2828  E5       .                   push  hl
2829  2AA278   *.x                 ld    hl,(0x78A2)
282C  23       #                   inc   hl
282D  7C       |                   ld    a,h
282E  B5       .                   or    l
282F  E1       .                   pop   hl
2830  C0       .                   ret   nz
2831  1E16     ..                  ld    e,0x16
2833  C3A219   ...                 jp    ERROR_HANDLER
2836  CDBD0F   ...                 call  0x0FBD
2839  CD6528   .e(                 call  0x2865
283C  CDDA29   ..)                 call  0x29DA
283F  012B2A   .+*                 ld    bc,0x2A2B
2842  C5       .                   push  bc
2843  7E       ~                   ld    a,(hl)
2844  23       #                   inc   hl
2845  E5       .                   push  hl
2846  CDBF28   ..(                 call  0x28BF
2849  E1       .                   pop   hl
284A  4E       N                   ld    c,(hl)
284B  23       #                   inc   hl
284C  46       F                   ld    b,(hl)
284D  CD5A28   .Z(                 call  0x285A
2850  E5       .                   push  hl
2851  6F       o                   ld    l,a
2852  CDCE29   ..)                 call  0x29CE
2855  D1       .                   pop   de
2856  C9       .                   ret   
2857  CDBF28   ..(                 call  0x28BF
285A  21D378   !.x                 ld    hl,0x78D3
285D  E5       .                   push  hl
285E  77       w                   ld    (hl),a
285F  23       #                   inc   hl
2860  73       s                   ld    (hl),e
2861  23       #                   inc   hl
2862  72       r                   ld    (hl),d
2863  E1       .                   pop   hl
2864  C9       .                   ret   
2865  2B       +                   dec   hl
2866  0622     ."                  ld    b,0x22
2868  50       P                   ld    d,b
2869  E5       .                   push  hl
286A  0EFF     ..                  ld    c,0xFF
286C  23       #                   inc   hl
286D  7E       ~                   ld    a,(hl)
286E  0C       .                   inc   c
286F  B7       .                   or    a
2870  2806     (.                  jr    z,$+8
2872  BA       .                   cp    d
2873  2803     (.                  jr    z,$+5
2875  B8       .                   cp    b
2876  20F4      .                  jr    nz,$-10
2878  FE22     ."                  cp    0x22
287A  CC781D   .x.                 call  z,0x1D78
287D  E3       .                   ex    (sp),hl
287E  23       #                   inc   hl
287F  EB       .                   ex    de,hl
2880  79       y                   ld    a,c
2881  CD5A28   .Z(                 call  0x285A
2884  11D378   ..x                 ld    de,0x78D3
2887  3ED5     >.                  ld    a,0xD5
2889  2AB378   *.x                 ld    hl,(0x78B3)
288C  222179   "!y                 ld    (0x7921),hl
288F  3E03     >.                  ld    a,0x03
2891  32AF78   2.x                 ld    (0x78AF),a
2894  CDD309   ...                 call  0x09D3
2897  11D678   ..x                 ld    de,0x78D6
289A  DF       .                   rst   0x18
289B  22B378   ".x                 ld    (0x78B3),hl
289E  E1       .                   pop   hl
289F  7E       ~                   ld    a,(hl)
28A0  C0       .                   ret   nz
28A1  1E1E     ..                  ld    e,0x1E
28A3  C3A219   ...                 jp    ERROR_HANDLER
28A6  23       #                   inc   hl
28A7  CD6528   .e(                 call  0x2865
28AA  CDDA29   ..)                 call  0x29DA
28AD  CDC409   ...                 call  0x09C4
28B0  14       .                   inc   d
28B1  15       .                   dec   d
28B2  C8       .                   ret   z
28B3  0A       .                   ld    a,(bc)
28B4  CD2A03   .*.                 call  0x032A
28B7  FE0D     ..                  cp    0x0D
28B9  CC0321   ..!                 call  z,0x2103
28BC  03       .                   inc   bc
28BD  18F2     ..                  jr    $-12
28BF  B7       .                   or    a
28C0  0EF1     ..                  ld    c,0xF1
28C2  F5       .                   push  af
28C3  2AA078   *.x                 ld    hl,(0x78A0)
28C6  EB       .                   ex    de,hl
28C7  2AD678   *.x                 ld    hl,(0x78D6)
28CA  2F       /                   cpl   
28CB  4F       O                   ld    c,a
28CC  06FF     ..                  ld    b,0xFF
28CE  09       .                   add   hl,bc
28CF  23       #                   inc   hl
28D0  DF       .                   rst   0x18
28D1  3807     8.                  jr    c,$+9
28D3  22D678   ".x                 ld    (0x78D6),hl
28D6  23       #                   inc   hl
28D7  EB       .                   ex    de,hl
28D8  F1       .                   pop   af
28D9  C9       .                   ret   
28DA  F1       .                   pop   af
28DB  1E1A     ..                  ld    e,0x1A
28DD  CAA219   ...                 jp    z,ERROR_HANDLER
28E0  BF       .                   cp    a
28E1  F5       .                   push  af
28E2  01C128   ..(                 ld    bc,0x28C1
28E5  C5       .                   push  bc
28E6  2AB178   *.x                 ld    hl,(0x78B1)
28E9  22D678   ".x                 ld    (0x78D6),hl
28EC  210000   !..                 ld    hl,START
28EF  E5       .                   push  hl
28F0  2AA078   *.x                 ld    hl,(0x78A0)
28F3  E5       .                   push  hl
28F4  21B578   !.x                 ld    hl,0x78B5
28F7  EB       .                   ex    de,hl
28F8  2AB378   *.x                 ld    hl,(0x78B3)
28FB  EB       .                   ex    de,hl
28FC  DF       .                   rst   0x18
28FD  01F728   ..(                 ld    bc,0x28F7
2900  C24A29   .J)                 jp    nz,0x294A
2903  2AF978   *.x                 ld    hl,(0x78F9)
2906  EB       .                   ex    de,hl
2907  2AFB78   *.x                 ld    hl,(0x78FB)
290A  EB       .                   ex    de,hl
290B  DF       .                   rst   0x18
290C  2813     (.                  jr    z,$+21
290E  7E       ~                   ld    a,(hl)
290F  23       #                   inc   hl
2910  23       #                   inc   hl
2911  23       #                   inc   hl
2912  FE03     ..                  cp    0x03
2914  2004      .                  jr    nz,$+6
2916  CD4B29   .K)                 call  0x294B
2919  AF       .                   xor   a
291A  5F       _                   ld    e,a
291B  1600     ..                  ld    d,0x00
291D  19       .                   add   hl,de
291E  18E6     ..                  jr    $-24
2920  C1       .                   pop   bc
2921  EB       .                   ex    de,hl
2922  2AFD78   *.x                 ld    hl,(0x78FD)
2925  EB       .                   ex    de,hl
2926  DF       .                   rst   0x18
2927  CA6B29   .k)                 jp    z,0x296B
292A  7E       ~                   ld    a,(hl)
292B  23       #                   inc   hl
292C  CDC209   ...                 call  0x09C2
292F  E5       .                   push  hl
2930  09       .                   add   hl,bc
2931  FE03     ..                  cp    0x03
2933  20EB      .                  jr    nz,$-19
2935  22D878   ".x                 ld    (0x78D8),hl
2938  E1       .                   pop   hl
2939  4E       N                   ld    c,(hl)
293A  0600     ..                  ld    b,0x00
293C  09       .                   add   hl,bc
293D  09       .                   add   hl,bc
293E  23       #                   inc   hl
293F  EB       .                   ex    de,hl
2940  2AD878   *.x                 ld    hl,(0x78D8)
2943  EB       .                   ex    de,hl
2944  DF       .                   rst   0x18
2945  28DA     (.                  jr    z,$-36
2947  013F29   .?)                 ld    bc,0x293F
294A  C5       .                   push  bc
294B  AF       .                   xor   a
294C  B6       .                   or    (hl)
294D  23       #                   inc   hl
294E  5E       ^                   ld    e,(hl)
294F  23       #                   inc   hl
2950  56       V                   ld    d,(hl)
2951  23       #                   inc   hl
2952  C8       .                   ret   z
2953  44       D                   ld    b,h
2954  4D       M                   ld    c,l
2955  2AD678   *.x                 ld    hl,(0x78D6)
2958  DF       .                   rst   0x18
2959  60       `                   ld    h,b
295A  69       i                   ld    l,c
295B  D8       .                   ret   c
295C  E1       .                   pop   hl
295D  E3       .                   ex    (sp),hl
295E  DF       .                   rst   0x18
295F  E3       .                   ex    (sp),hl
2960  E5       .                   push  hl
2961  60       `                   ld    h,b
2962  69       i                   ld    l,c
2963  D0       .                   ret   nc
2964  C1       .                   pop   bc
2965  F1       .                   pop   af
2966  F1       .                   pop   af
2967  E5       .                   push  hl
2968  D5       .                   push  de
2969  C5       .                   push  bc
296A  C9       .                   ret   
296B  D1       .                   pop   de
296C  E1       .                   pop   hl
296D  7D       }                   ld    a,l
296E  B4       .                   or    h
296F  C8       .                   ret   z
2970  2B       +                   dec   hl
2971  46       F                   ld    b,(hl)
2972  2B       +                   dec   hl
2973  4E       N                   ld    c,(hl)
2974  E5       .                   push  hl
2975  2B       +                   dec   hl
2976  6E       n                   ld    l,(hl)
2977  2600     &.                  ld    h,0x00
2979  09       .                   add   hl,bc
297A  50       P                   ld    d,b
297B  59       Y                   ld    e,c
297C  2B       +                   dec   hl
297D  44       D                   ld    b,h
297E  4D       M                   ld    c,l
297F  2AD678   *.x                 ld    hl,(0x78D6)
2982  CD5819   .X.                 call  0x1958
2985  E1       .                   pop   hl
2986  71       q                   ld    (hl),c
2987  23       #                   inc   hl
2988  70       p                   ld    (hl),b
2989  69       i                   ld    l,c
298A  60       `                   ld    h,b
298B  2B       +                   dec   hl
298C  C3E928   ..(                 jp    0x28E9
298F  C5       .                   push  bc
2990  E5       .                   push  hl
2991  2A2179   *!y                 ld    hl,(0x7921)
2994  E3       .                   ex    (sp),hl
2995  CD9F24   ..$                 call  0x249F
2998  E3       .                   ex    (sp),hl
2999  CDF40A   ...                 call  0x0AF4
299C  7E       ~                   ld    a,(hl)
299D  E5       .                   push  hl
299E  2A2179   *!y                 ld    hl,(0x7921)
29A1  E5       .                   push  hl
29A2  86       .                   add   a,(hl)
29A3  1E1C     ..                  ld    e,0x1C
29A5  DAA219   ...                 jp    c,ERROR_HANDLER
29A8  CD5728   .W(                 call  0x2857
29AB  D1       .                   pop   de
29AC  CDDE29   ..)                 call  0x29DE
29AF  E3       .                   ex    (sp),hl
29B0  CDDD29   ..)                 call  0x29DD
29B3  E5       .                   push  hl
29B4  2AD478   *.x                 ld    hl,(0x78D4)
29B7  EB       .                   ex    de,hl
29B8  CDC629   ..)                 call  0x29C6
29BB  CDC629   ..)                 call  0x29C6
29BE  214923   !I#                 ld    hl,0x2349
29C1  E3       .                   ex    (sp),hl
29C2  E5       .                   push  hl
29C3  C38428   ..(                 jp    0x2884
29C6  E1       .                   pop   hl
29C7  E3       .                   ex    (sp),hl
29C8  7E       ~                   ld    a,(hl)
29C9  23       #                   inc   hl
29CA  4E       N                   ld    c,(hl)
29CB  23       #                   inc   hl
29CC  46       F                   ld    b,(hl)
29CD  6F       o                   ld    l,a
29CE  2C       ,                   inc   l
29CF  2D       -                   dec   l
29D0  C8       .                   ret   z
29D1  0A       .                   ld    a,(bc)
29D2  12       .                   ld    (de),a
29D3  03       .                   inc   bc
29D4  13       .                   inc   de
29D5  18F8     ..                  jr    $-6
29D7  CDF40A   ...                 call  0x0AF4
29DA  2A2179   *!y                 ld    hl,(0x7921)
29DD  EB       .                   ex    de,hl
29DE  CDF529   ..)                 call  0x29F5
29E1  EB       .                   ex    de,hl
29E2  C0       .                   ret   nz
29E3  D5       .                   push  de
29E4  50       P                   ld    d,b
29E5  59       Y                   ld    e,c
29E6  1B       .                   dec   de
29E7  4E       N                   ld    c,(hl)
29E8  2AD678   *.x                 ld    hl,(0x78D6)
29EB  DF       .                   rst   0x18
29EC  2005      .                  jr    nz,$+7
29EE  47       G                   ld    b,a
29EF  09       .                   add   hl,bc
29F0  22D678   ".x                 ld    (0x78D6),hl
29F3  E1       .                   pop   hl
29F4  C9       .                   ret   
29F5  2AB378   *.x                 ld    hl,(0x78B3)
29F8  2B       +                   dec   hl
29F9  46       F                   ld    b,(hl)
29FA  2B       +                   dec   hl
29FB  4E       N                   ld    c,(hl)
29FC  2B       +                   dec   hl
29FD  DF       .                   rst   0x18
29FE  C0       .                   ret   nz
29FF  22B378   ".x                 ld    (0x78B3),hl
2A02  C9       .                   ret   
2A03  01F827   ..'                 ld    bc,0x27F8
2A06  C5       .                   push  bc
2A07  CDD729   ..)                 call  0x29D7
2A0A  AF       .                   xor   a
2A0B  57       W                   ld    d,a
2A0C  7E       ~                   ld    a,(hl)
2A0D  B7       .                   or    a
2A0E  C9       .                   ret   
2A0F  01F827   ..'                 ld    bc,0x27F8
2A12  C5       .                   push  bc
2A13  CD072A   ..*                 call  0x2A07
2A16  CA4A1E   .J.                 jp    z,0x1E4A
2A19  23       #                   inc   hl
2A1A  5E       ^                   ld    e,(hl)
2A1B  23       #                   inc   hl
2A1C  56       V                   ld    d,(hl)
2A1D  1A       .                   ld    a,(de)
2A1E  C9       .                   ret   
2A1F  3E01     >.                  ld    a,0x01
2A21  CD5728   .W(                 call  0x2857
2A24  CD1F2B   ..+                 call  0x2B1F
2A27  2AD478   *.x                 ld    hl,(0x78D4)
2A2A  73       s                   ld    (hl),e
2A2B  C1       .                   pop   bc
2A2C  C38428   ..(                 jp    0x2884
2A2F  D7       .                   rst   0x10
2A30  CF       .                   rst   8
2A31  28CD     (.                  jr    z,$-49
2A33  1C       .                   inc   e
2A34  2B       +                   dec   hl
2A35  D5       .                   push  de
2A36  CF       .                   rst   8
2A37  2C       ,                   inc   l
2A38  CD3723   .7#                 call  0x2337
2A3B  CF       .                   rst   8
2A3C  29       )                   add   hl,hl
2A3D  E3       .                   ex    (sp),hl
2A3E  E5       .                   push  hl
2A3F  E7       .                   rst   0x20
2A40  2805     (.                  jr    z,$+7
2A42  CD1F2B   ..+                 call  0x2B1F
2A45  1803     ..                  jr    $+5
2A47  CD132A   ..*                 call  0x2A13
2A4A  D1       .                   pop   de
2A4B  F5       .                   push  af
2A4C  F5       .                   push  af
2A4D  7B       {                   ld    a,e
2A4E  CD5728   .W(                 call  0x2857
2A51  5F       _                   ld    e,a
2A52  F1       .                   pop   af
2A53  1C       .                   inc   e
2A54  1D       .                   dec   e
2A55  28D4     (.                  jr    z,$-42
2A57  2AD478   *.x                 ld    hl,(0x78D4)
2A5A  77       w                   ld    (hl),a
2A5B  23       #                   inc   hl
2A5C  1D       .                   dec   e
2A5D  20FB      .                  jr    nz,$-3
2A5F  18CA     ..                  jr    $-52
2A61  CDDF2A   ..*                 call  0x2ADF
2A64  AF       .                   xor   a
2A65  E3       .                   ex    (sp),hl
2A66  4F       O                   ld    c,a
2A67  3EE5     >.                  ld    a,0xE5
2A69  E5       .                   push  hl
2A6A  7E       ~                   ld    a,(hl)
2A6B  B8       .                   cp    b
2A6C  3802     8.                  jr    c,$+4
2A6E  78       x                   ld    a,b
2A6F  110E00   ...                 ld    de,0x000E
2A72  C5       .                   push  bc
2A73  CDBF28   ..(                 call  0x28BF
2A76  C1       .                   pop   bc
2A77  E1       .                   pop   hl
2A78  E5       .                   push  hl
2A79  23       #                   inc   hl
2A7A  46       F                   ld    b,(hl)
2A7B  23       #                   inc   hl
2A7C  66       f                   ld    h,(hl)
2A7D  68       h                   ld    l,b
2A7E  0600     ..                  ld    b,0x00
2A80  09       .                   add   hl,bc
2A81  44       D                   ld    b,h
2A82  4D       M                   ld    c,l
2A83  CD5A28   .Z(                 call  0x285A
2A86  6F       o                   ld    l,a
2A87  CDCE29   ..)                 call  0x29CE
2A8A  D1       .                   pop   de
2A8B  CDDE29   ..)                 call  0x29DE
2A8E  C38428   ..(                 jp    0x2884
2A91  CDDF2A   ..*                 call  0x2ADF
2A94  D1       .                   pop   de
2A95  D5       .                   push  de
2A96  1A       .                   ld    a,(de)
2A97  90       .                   sub   b
2A98  18CB     ..                  jr    $-51
2A9A  EB       .                   ex    de,hl
2A9B  7E       ~                   ld    a,(hl)
2A9C  CDE22A   ..*                 call  0x2AE2
2A9F  04       .                   inc   b
2AA0  05       .                   dec   b
2AA1  CA4A1E   .J.                 jp    z,0x1E4A
2AA4  C5       .                   push  bc
2AA5  1EFF     ..                  ld    e,0xFF
2AA7  FE29     .)                  cp    0x29
2AA9  2805     (.                  jr    z,$+7
2AAB  CF       .                   rst   8
2AAC  2C       ,                   inc   l
2AAD  CD1C2B   ..+                 call  0x2B1C
2AB0  CF       .                   rst   8
2AB1  29       )                   add   hl,hl
2AB2  F1       .                   pop   af
2AB3  E3       .                   ex    (sp),hl
2AB4  01692A   .i*                 ld    bc,0x2A69
2AB7  C5       .                   push  bc
2AB8  3D       =                   dec   a
2AB9  BE       .                   cp    (hl)
2ABA  0600     ..                  ld    b,0x00
2ABC  D0       .                   ret   nc
2ABD  4F       O                   ld    c,a
2ABE  7E       ~                   ld    a,(hl)
2ABF  91       .                   sub   c
2AC0  BB       .                   cp    e
2AC1  47       G                   ld    b,a
2AC2  D8       .                   ret   c
2AC3  43       C                   ld    b,e
2AC4  C9       .                   ret   
2AC5  CD072A   ..*                 call  0x2A07
2AC8  CAF827   ..'                 jp    z,0x27F8
2ACB  5F       _                   ld    e,a
2ACC  23       #                   inc   hl
2ACD  7E       ~                   ld    a,(hl)
2ACE  23       #                   inc   hl
2ACF  66       f                   ld    h,(hl)
2AD0  6F       o                   ld    l,a
2AD1  E5       .                   push  hl
2AD2  19       .                   add   hl,de
2AD3  46       F                   ld    b,(hl)
2AD4  72       r                   ld    (hl),d
2AD5  E3       .                   ex    (sp),hl
2AD6  C5       .                   push  bc
2AD7  7E       ~                   ld    a,(hl)
2AD8  CD650E   .e.                 call  0x0E65
2ADB  C1       .                   pop   bc
2ADC  E1       .                   pop   hl
2ADD  70       p                   ld    (hl),b
2ADE  C9       .                   ret   
2ADF  EB       .                   ex    de,hl
2AE0  CF       .                   rst   8
2AE1  29       )                   add   hl,hl
2AE2  C1       .                   pop   bc
2AE3  D1       .                   pop   de
2AE4  C5       .                   push  bc
2AE5  43       C                   ld    b,e
2AE6  C9       .                   ret   
2AE7  FE7A     .z                  cp    0x7A
2AE9  C29719   ...                 jp    nz,0x1997
2AEC  C3D979   ..y                 jp    0x79D9
2AEF  CD1F2B   ..+                 call  0x2B1F
2AF2  329478   2.x                 ld    (0x7894),a
2AF5  CD9378   ..x                 call  0x7893
2AF8  C3F827   ..'                 jp    0x27F8
2AFB  CD0E2B   ..+                 call  0x2B0E
2AFE  C39678   ..x                 jp    0x7896
2B01  D7       .                   rst   0x10
2B02  CD3723   .7#                 call  0x2337
2B05  E5       .                   push  hl
2B06  CD7F0A   ...                 call  0x0A7F
2B09  EB       .                   ex    de,hl
2B0A  E1       .                   pop   hl
2B0B  7A       z                   ld    a,d
2B0C  B7       .                   or    a
2B0D  C9       .                   ret   
2B0E  CD1C2B   ..+                 call  0x2B1C
2B11  329478   2.x                 ld    (0x7894),a
2B14  329778   2.x                 ld    (0x7897),a
2B17  CF       .                   rst   8
2B18  2C       ,                   inc   l
2B19  1801     ..                  jr    $+3
2B1B  D7       .                   rst   0x10
2B1C  CD3723   .7#                 call  0x2337
2B1F  CD052B   ..+                 call  0x2B05
2B22  C24A1E   .J.                 jp    nz,0x1E4A
2B25  2B       +                   dec   hl
2B26  D7       .                   rst   0x10
2B27  7B       {                   ld    a,e
2B28  C9       .                   ret   
2B29  3E01     >.                  ld    a,0x01
2B2B  329C78   2.x                 ld    (0x789C),a
2B2E  C1       .                   pop   bc
2B2F  CD101B   ...                 call  0x1B10
2B32  C5       .                   push  bc
2B33  CD253B   .%;                 call  0x3B25
2B36  22A278   ".x                 ld    (0x78A2),hl
2B39  E1       .                   pop   hl
2B3A  D1       .                   pop   de
2B3B  4E       N                   ld    c,(hl)
2B3C  23       #                   inc   hl
2B3D  46       F                   ld    b,(hl)
2B3E  23       #                   inc   hl
2B3F  78       x                   ld    a,b
2B40  B1       .                   or    c
2B41  CA191A   ...                 jp    z,0x1A19
2B44  CDDF79   ..y                 call  0x79DF
2B47  CD9B1D   ...                 call  0x1D9B
2B4A  C5       .                   push  bc
2B4B  4E       N                   ld    c,(hl)
2B4C  23       #                   inc   hl
2B4D  46       F                   ld    b,(hl)
2B4E  23       #                   inc   hl
2B4F  C5       .                   push  bc
2B50  E3       .                   ex    (sp),hl
2B51  EB       .                   ex    de,hl
2B52  DF       .                   rst   0x18
2B53  C1       .                   pop   bc
2B54  DA181A   ...                 jp    c,0x1A18
2B57  E3       .                   ex    (sp),hl
2B58  E5       .                   push  hl
2B59  C5       .                   push  bc
2B5A  EB       .                   ex    de,hl
2B5B  22EC78   ".x                 ld    (0x78EC),hl
2B5E  CDAF0F   ...                 call  0x0FAF
2B61  3E20     >                   ld    a,0x20
2B63  E1       .                   pop   hl
2B64  CD2A03   .*.                 call  0x032A
2B67  CD7E2B   .~+                 call  0x2B7E
2B6A  2AA778   *.x                 ld    hl,(0x78A7)
2B6D  CD752B   .u+                 call  0x2B75
2B70  CDFE20   ..                  call  0x20FE
2B73  18BE     ..                  jr    $-64
2B75  7E       ~                   ld    a,(hl)
2B76  B7       .                   or    a
2B77  C8       .                   ret   z
2B78  CD2A03   .*.                 call  0x032A
2B7B  23       #                   inc   hl
2B7C  18F7     ..                  jr    $-7
2B7E  E5       .                   push  hl
2B7F  2AA778   *.x                 ld    hl,(0x78A7)
2B82  44       D                   ld    b,h
2B83  4D       M                   ld    c,l
2B84  E1       .                   pop   hl
2B85  16FF     ..                  ld    d,0xFF
2B87  1803     ..                  jr    $+5
2B89  03       .                   inc   bc
2B8A  15       .                   dec   d
2B8B  C8       .                   ret   z
2B8C  7E       ~                   ld    a,(hl)
2B8D  B7       .                   or    a
2B8E  23       #                   inc   hl
2B8F  02       .                   ld    (bc),a
2B90  C8       .                   ret   z
2B91  C39D2E   ...                 jp    0x2E9D
2B94  FEFB     ..                  cp    0xFB
2B96  2008      .                  jr    nz,$+10
2B98  0B       .                   dec   bc
2B99  0B       .                   dec   bc
2B9A  0B       .                   dec   bc
2B9B  0B       .                   dec   bc
2B9C  14       .                   inc   d
2B9D  14       .                   inc   d
2B9E  14       .                   inc   d
2B9F  14       .                   inc   d
2BA0  FE95     ..                  cp    0x95
2BA2  CC240B   .$.                 call  z,0x0B24
2BA5  D67F     ..                  sub   0x7F
2BA7  E5       .                   push  hl
2BA8  5F       _                   ld    e,a
2BA9  215016   !P.                 ld    hl,0x1650
2BAC  7E       ~                   ld    a,(hl)
2BAD  B7       .                   or    a
2BAE  23       #                   inc   hl
2BAF  F2AC2B   ..+                 jp    p,0x2BAC
2BB2  1D       .                   dec   e
2BB3  20F7      .                  jr    nz,$-7
2BB5  E67F     ..                  and   0x7F
2BB7  02       .                   ld    (bc),a
2BB8  03       .                   inc   bc
2BB9  15       .                   dec   d
2BBA  CAD828   ..(                 jp    z,0x28D8
2BBD  7E       ~                   ld    a,(hl)
2BBE  23       #                   inc   hl
2BBF  B7       .                   or    a
2BC0  F2B72B   ..+                 jp    p,0x2BB7
2BC3  E1       .                   pop   hl
2BC4  18C6     ..                  jr    $-56
2BC6  CD101B   ...                 call  0x1B10
2BC9  D1       .                   pop   de
2BCA  C5       .                   push  bc
2BCB  C5       .                   push  bc
2BCC  CD2C1B   .,.                 call  0x1B2C
2BCF  3005     0.                  jr    nc,$+7
2BD1  54       T                   ld    d,h
2BD2  5D       ]                   ld    e,l
2BD3  E3       .                   ex    (sp),hl
2BD4  E5       .                   push  hl
2BD5  DF       .                   rst   0x18
2BD6  D24A1E   .J.                 jp    nc,0x1E4A
2BD9  212919   !).                 ld    hl,0x1929
2BDC  CDA728   ..(                 call  OUTSTR
2BDF  C1       .                   pop   bc
2BE0  21E81A   !..                 ld    hl,0x1AE8
2BE3  E3       .                   ex    (sp),hl
2BE4  EB       .                   ex    de,hl
2BE5  2AF978   *.x                 ld    hl,(0x78F9)
2BE8  1A       .                   ld    a,(de)
2BE9  02       .                   ld    (bc),a
2BEA  03       .                   inc   bc
2BEB  13       .                   inc   de
2BEC  DF       .                   rst   0x18
2BED  20F9      .                  jr    nz,$-5
2BEF  60       `                   ld    h,b
2BF0  69       i                   ld    l,c
2BF1  22F978   ".x                 ld    (0x78F9),hl
2BF4  C9       .                   ret   
2BF5  CD1C2B   ..+                 call  0x2B1C
2BF8  FE20     .                   cp    0x20
2BFA  D24A1E   .J.                 jp    nc,0x1E4A
2BFD  32D27A   2.z                 ld    (0x7AD2),a
2C00  CF       .                   rst   8
2C01  2C       ,                   inc   l
2C02  CD1C2B   ..+                 call  0x2B1C
2C05  B7       .                   or    a
2C06  CA4A1E   .J.                 jp    z,0x1E4A
2C09  FE0A     ..                  cp    0x0A
2C0B  D24A1E   .J.                 jp    nc,0x1E4A
2C0E  F3       .                   di    
2C0F  E5       .                   push  hl
2C10  3D       =                   dec   a
2C11  F5       .                   push  af
2C12  3AD27A   :.z                 ld    a,(0x7AD2)
2C15  B7       .                   or    a
2C16  2840     (@                  jr    z,$+66
2C18  3D       =                   dec   a
2C19  CB27     .'                  sla   a
2C1B  4F       O                   ld    c,a
2C1C  AF       .                   xor   a
2C1D  47       G                   ld    b,a
2C1E  F1       .                   pop   af
2C1F  21CF02   !..                 ld    hl,0x02CF
2C22  09       .                   add   hl,bc
2C23  5E       ^                   ld    e,(hl)
2C24  23       #                   inc   hl
2C25  56       V                   ld    d,(hl)
2C26  D5       .                   push  de
2C27  216103   !a.                 ld    hl,0x0361
2C2A  CB39     .9                  srl   c
2C2C  09       .                   add   hl,bc
2C2D  5E       ^                   ld    e,(hl)
2C2E  1600     ..                  ld    d,0x00
2C30  212103   !!.                 ld    hl,0x0321
2C33  4F       O                   ld    c,a
2C34  09       .                   add   hl,bc
2C35  46       F                   ld    b,(hl)
2C36  D5       .                   push  de
2C37  E1       .                   pop   hl
2C38  19       .                   add   hl,de
2C39  10FD     ..                  djnz  $-1
2C3B  E5       .                   push  hl
2C3C  C1       .                   pop   bc
2C3D  E1       .                   pop   hl
2C3E  CDF83A   ..:                 call  0x3AF8
2C41  3A3B78   :;x                 ld    a,(0x783B)
2C44  57       W                   ld    d,a
2C45  CD6934   .i4                 call  0x3469
2C48  0B       .                   dec   bc
2C49  79       y                   ld    a,c
2C4A  B0       .                   or    b
2C4B  20F1      .                  jr    nz,$-13
2C4D  E1       .                   pop   hl
2C4E  FB       .                   ei    
2C4F  7E       ~                   ld    a,(hl)
2C50  23       #                   inc   hl
2C51  FE3B     .;                  cp    0x3B
2C53  CAF52B   ..+                 jp    z,0x2BF5
2C56  2B       +                   dec   hl
2C57  C9       .                   ret   
2C58  F1       .                   pop   af
2C59  4F       O                   ld    c,a
2C5A  AF       .                   xor   a
2C5B  47       G                   ld    b,a
2C5C  212103   !!.                 ld    hl,0x0321
2C5F  09       .                   add   hl,bc
2C60  46       F                   ld    b,(hl)
2C61  213619   !6.                 ld    hl,0x1936
2C64  E5       .                   push  hl
2C65  D1       .                   pop   de
2C66  19       .                   add   hl,de
2C67  10FD     ..                  djnz  $-1
2C69  CDF83A   ..:                 call  0x3AF8
2C6C  2B       +                   dec   hl
2C6D  7D       }                   ld    a,l
2C6E  B4       .                   or    h
2C6F  20F8      .                  jr    nz,$-6
2C71  18DA     ..                  jr    $-36
2C73  C5       .                   push  bc
2C74  47       G                   ld    b,a
2C75  3E08     >.                  ld    a,0x08
2C77  CDBA3A   ..:                 call  0x3ABA
2C7A  78       x                   ld    a,b
2C7B  E60F     ..                  and   0x0F
2C7D  E5       .                   push  hl
2C7E  CB27     .'                  sla   a
2C80  4F       O                   ld    c,a
2C81  AF       .                   xor   a
2C82  47       G                   ld    b,a
2C83  21AF02   !..                 ld    hl,0x02AF
2C86  09       .                   add   hl,bc
2C87  7E       ~                   ld    a,(hl)
2C88  47       G                   ld    b,a
2C89  23       #                   inc   hl
2C8A  7E       ~                   ld    a,(hl)
2C8B  4F       O                   ld    c,a
2C8C  78       x                   ld    a,b
2C8D  CDBA3A   ..:                 call  0x3ABA
2C90  CDBA3A   ..:                 call  0x3ABA
2C93  CDBA3A   ..:                 call  0x3ABA
2C96  79       y                   ld    a,c
2C97  CDBA3A   ..:                 call  0x3ABA
2C9A  CDBA3A   ..:                 call  0x3ABA
2C9D  CDBA3A   ..:                 call  0x3ABA
2CA0  E1       .                   pop   hl
2CA1  C1       .                   pop   bc
2CA2  3E0F     >.                  ld    a,0x0F
2CA4  CDBA3A   ..:                 call  0x3ABA
2CA7  C9       .                   ret   
2CA8  309D     0.                  jr    nc,$-97
2CAA  CD7F0A   ...                 call  0x0A7F
2CAD  7E       ~                   ld    a,(hl)
2CAE  C3F827   ..'                 jp    0x27F8
2CB1  CD022B   ..+                 call  0x2B02
2CB4  D5       .                   push  de
2CB5  CF       .                   rst   8
2CB6  2C       ,                   inc   l
2CB7  CD1C2B   ..+                 call  0x2B1C
2CBA  D1       .                   pop   de
2CBB  12       .                   ld    (de),a
2CBC  C9       .                   ret   
2CBD  CD3823   .8#                 call  0x2338
2CC0  CDF40A   ...                 call  0x0AF4
2CC3  CF       .                   rst   8
2CC4  3B       ;                   dec   sp
2CC5  EB       .                   ex    de,hl
2CC6  2A2179   *!y                 ld    hl,(0x7921)
2CC9  1808     ..                  jr    $+10
2CCB  3ADE78   :.x                 ld    a,(0x78DE)
2CCE  B7       .                   or    a
2CCF  280C     (.                  jr    z,$+14
2CD1  D1       .                   pop   de
2CD2  EB       .                   ex    de,hl
2CD3  E5       .                   push  hl
2CD4  AF       .                   xor   a
2CD5  32DE78   2.x                 ld    (0x78DE),a
2CD8  BA       .                   cp    d
2CD9  F5       .                   push  af
2CDA  D5       .                   push  de
2CDB  46       F                   ld    b,(hl)
2CDC  B0       .                   or    b
2CDD  CA4A1E   .J.                 jp    z,0x1E4A
2CE0  23       #                   inc   hl
2CE1  4E       N                   ld    c,(hl)
2CE2  23       #                   inc   hl
2CE3  66       f                   ld    h,(hl)
2CE4  69       i                   ld    l,c
2CE5  181C     ..                  jr    $+30
2CE7  58       X                   ld    e,b
2CE8  E5       .                   push  hl
2CE9  0E02     ..                  ld    c,0x02
2CEB  7E       ~                   ld    a,(hl)
2CEC  23       #                   inc   hl
2CED  FE25     .%                  cp    0x25
2CEF  CA172E   ...                 jp    z,0x2E17
2CF2  FE20     .                   cp    0x20
2CF4  2003      .                  jr    nz,$+5
2CF6  0C       .                   inc   c
2CF7  10F2     ..                  djnz  $-12
2CF9  E1       .                   pop   hl
2CFA  43       C                   ld    b,e
2CFB  3E25     >%                  ld    a,0x25
2CFD  CD492E   .I.                 call  0x2E49
2D00  CD2A03   .*.                 call  0x032A
2D03  AF       .                   xor   a
2D04  5F       _                   ld    e,a
2D05  57       W                   ld    d,a
2D06  CD492E   .I.                 call  0x2E49
2D09  57       W                   ld    d,a
2D0A  7E       ~                   ld    a,(hl)
2D0B  23       #                   inc   hl
2D0C  FE21     .!                  cp    0x21
2D0E  CA142E   ...                 jp    z,0x2E14
2D11  FE23     .#                  cp    0x23
2D13  2837     (7                  jr    z,$+57
2D15  05       .                   dec   b
2D16  CAFE2D   ..-                 jp    z,0x2DFE
2D19  FE2B     .+                  cp    0x2B
2D1B  3E08     >.                  ld    a,0x08
2D1D  28E7     (.                  jr    z,$-23
2D1F  2B       +                   dec   hl
2D20  7E       ~                   ld    a,(hl)
2D21  23       #                   inc   hl
2D22  FE2E     ..                  cp    0x2E
2D24  2840     (@                  jr    z,$+66
2D26  FE25     .%                  cp    0x25
2D28  28BD     (.                  jr    z,$-65
2D2A  BE       .                   cp    (hl)
2D2B  20D0      .                  jr    nz,$-46
2D2D  FE24     .$                  cp    0x24
2D2F  2814     (.                  jr    z,$+22
2D31  FE2A     .*                  cp    0x2A
2D33  20C8      .                  jr    nz,$-54
2D35  78       x                   ld    a,b
2D36  FE02     ..                  cp    0x02
2D38  23       #                   inc   hl
2D39  3803     8.                  jr    c,$+5
2D3B  7E       ~                   ld    a,(hl)
2D3C  FE24     .$                  cp    0x24
2D3E  3E20     >                   ld    a,0x20
2D40  2007      .                  jr    nz,$+9
2D42  05       .                   dec   b
2D43  1C       .                   inc   e
2D44  FEAF     ..                  cp    0xAF
2D46  C610     ..                  add   a,0x10
2D48  23       #                   inc   hl
2D49  1C       .                   inc   e
2D4A  82       .                   add   a,d
2D4B  57       W                   ld    d,a
2D4C  1C       .                   inc   e
2D4D  0E00     ..                  ld    c,0x00
2D4F  05       .                   dec   b
2D50  2847     (G                  jr    z,$+73
2D52  7E       ~                   ld    a,(hl)
2D53  23       #                   inc   hl
2D54  FE2E     ..                  cp    0x2E
2D56  2818     (.                  jr    z,$+26
2D58  FE23     .#                  cp    0x23
2D5A  28F0     (.                  jr    z,$-14
2D5C  FE2C     .,                  cp    0x2C
2D5E  201A      .                  jr    nz,$+28
2D60  7A       z                   ld    a,d
2D61  F640     .@                  or    0x40
2D63  57       W                   ld    d,a
2D64  18E6     ..                  jr    $-24
2D66  7E       ~                   ld    a,(hl)
2D67  FE23     .#                  cp    0x23
2D69  3E2E     >.                  ld    a,0x2E
2D6B  2090      .                  jr    nz,$-110
2D6D  0E01     ..                  ld    c,0x01
2D6F  23       #                   inc   hl
2D70  0C       .                   inc   c
2D71  05       .                   dec   b
2D72  2825     (%                  jr    z,$+39
2D74  7E       ~                   ld    a,(hl)
2D75  23       #                   inc   hl
2D76  FE23     .#                  cp    0x23
2D78  28F6     (.                  jr    z,$-8
2D7A  D5       .                   push  de
2D7B  11972D   ..-                 ld    de,0x2D97
2D7E  D5       .                   push  de
2D7F  54       T                   ld    d,h
2D80  5D       ]                   ld    e,l
2D81  FE5B     .[                  cp    0x5B
2D83  C0       .                   ret   nz
2D84  BE       .                   cp    (hl)
2D85  C0       .                   ret   nz
2D86  23       #                   inc   hl
2D87  BE       .                   cp    (hl)
2D88  C0       .                   ret   nz
2D89  23       #                   inc   hl
2D8A  BE       .                   cp    (hl)
2D8B  C0       .                   ret   nz
2D8C  23       #                   inc   hl
2D8D  78       x                   ld    a,b
2D8E  D604     ..                  sub   0x04
2D90  D8       .                   ret   c
2D91  D1       .                   pop   de
2D92  D1       .                   pop   de
2D93  47       G                   ld    b,a
2D94  14       .                   inc   d
2D95  23       #                   inc   hl
2D96  CAEBD1   ...                 jp    z,0xD1EB
2D99  7A       z                   ld    a,d
2D9A  2B       +                   dec   hl
2D9B  1C       .                   inc   e
2D9C  E608     ..                  and   0x08
2D9E  2015      .                  jr    nz,$+23
2DA0  1D       .                   dec   e
2DA1  78       x                   ld    a,b
2DA2  B7       .                   or    a
2DA3  2810     (.                  jr    z,$+18
2DA5  7E       ~                   ld    a,(hl)
2DA6  D62D     .-                  sub   0x2D
2DA8  2806     (.                  jr    z,$+8
2DAA  FEFE     ..                  cp    0xFE
2DAC  2007      .                  jr    nz,$+9
2DAE  3E08     >.                  ld    a,0x08
2DB0  C604     ..                  add   a,0x04
2DB2  82       .                   add   a,d
2DB3  57       W                   ld    d,a
2DB4  05       .                   dec   b
2DB5  E1       .                   pop   hl
2DB6  F1       .                   pop   af
2DB7  2850     (P                  jr    z,$+82
2DB9  C5       .                   push  bc
2DBA  D5       .                   push  de
2DBB  CD3723   .7#                 call  0x2337
2DBE  D1       .                   pop   de
2DBF  C1       .                   pop   bc
2DC0  C5       .                   push  bc
2DC1  E5       .                   push  hl
2DC2  43       C                   ld    b,e
2DC3  78       x                   ld    a,b
2DC4  81       .                   add   a,c
2DC5  FE19     ..                  cp    0x19
2DC7  D24A1E   .J.                 jp    nc,0x1E4A
2DCA  7A       z                   ld    a,d
2DCB  F680     ..                  or    0x80
2DCD  CDBE0F   ...                 call  0x0FBE
2DD0  CDA728   ..(                 call  OUTSTR
2DD3  E1       .                   pop   hl
2DD4  2B       +                   dec   hl
2DD5  D7       .                   rst   0x10
2DD6  37       7                   scf   
2DD7  280D     (.                  jr    z,$+15
2DD9  32DE78   2.x                 ld    (0x78DE),a
2DDC  FE3B     .;                  cp    0x3B
2DDE  2805     (.                  jr    z,$+7
2DE0  FE2C     .,                  cp    0x2C
2DE2  C29719   ...                 jp    nz,0x1997
2DE5  D7       .                   rst   0x10
2DE6  C1       .                   pop   bc
2DE7  EB       .                   ex    de,hl
2DE8  E1       .                   pop   hl
2DE9  E5       .                   push  hl
2DEA  F5       .                   push  af
2DEB  D5       .                   push  de
2DEC  7E       ~                   ld    a,(hl)
2DED  90       .                   sub   b
2DEE  23       #                   inc   hl
2DEF  4E       N                   ld    c,(hl)
2DF0  23       #                   inc   hl
2DF1  66       f                   ld    h,(hl)
2DF2  69       i                   ld    l,c
2DF3  1600     ..                  ld    d,0x00
2DF5  5F       _                   ld    e,a
2DF6  19       .                   add   hl,de
2DF7  78       x                   ld    a,b
2DF8  B7       .                   or    a
2DF9  C2032D   ..-                 jp    nz,0x2D03
2DFC  1806     ..                  jr    $+8
2DFE  CD492E   .I.                 call  0x2E49
2E01  CD2A03   .*.                 call  0x032A
2E04  E1       .                   pop   hl
2E05  F1       .                   pop   af
2E06  C2CB2C   ..,                 jp    nz,0x2CCB
2E09  DCFE20   ..                  call  c,0x20FE
2E0C  E3       .                   ex    (sp),hl
2E0D  CDDD29   ..)                 call  0x29DD
2E10  E1       .                   pop   hl
2E11  C36921   .i!                 jp    0x2169
2E14  0E01     ..                  ld    c,0x01
2E16  3EF1     >.                  ld    a,0xF1
2E18  05       .                   dec   b
2E19  CD492E   .I.                 call  0x2E49
2E1C  E1       .                   pop   hl
2E1D  F1       .                   pop   af
2E1E  28E9     (.                  jr    z,$-21
2E20  C5       .                   push  bc
2E21  CD3723   .7#                 call  0x2337
2E24  CDF40A   ...                 call  0x0AF4
2E27  C1       .                   pop   bc
2E28  C5       .                   push  bc
2E29  E5       .                   push  hl
2E2A  2A2179   *!y                 ld    hl,(0x7921)
2E2D  41       A                   ld    b,c
2E2E  0E00     ..                  ld    c,0x00
2E30  C5       .                   push  bc
2E31  CD682A   .h*                 call  0x2A68
2E34  CDAA28   ..(                 call  0x28AA
2E37  2A2179   *!y                 ld    hl,(0x7921)
2E3A  F1       .                   pop   af
2E3B  96       .                   sub   (hl)
2E3C  47       G                   ld    b,a
2E3D  3E20     >                   ld    a,0x20
2E3F  04       .                   inc   b
2E40  05       .                   dec   b
2E41  CAD32D   ..-                 jp    z,0x2DD3
2E44  CD2A03   .*.                 call  0x032A
2E47  18F7     ..                  jr    $-7
2E49  F5       .                   push  af
2E4A  7A       z                   ld    a,d
2E4B  B7       .                   or    a
2E4C  3E2B     >+                  ld    a,0x2B
2E4E  C42A03   .*.                 call  nz,0x032A
2E51  F1       .                   pop   af
2E52  C9       .                   ret   
2E53  60       `                   ld    h,b
2E54  69       i                   ld    l,c
2E55  23       #                   inc   hl
2E56  23       #                   inc   hl
2E57  23       #                   inc   hl
2E58  23       #                   inc   hl
2E59  CD7E2B   .~+                 call  0x2B7E
2E5C  2AA778   *.x                 ld    hl,(0x78A7)
2E5F  CD752B   .u+                 call  0x2B75
2E62  C9       .                   ret   
2E63  CF       .                   rst   8
2E64  28CD     (.                  jr    z,$-49
2E66  1C       .                   inc   e
2E67  2B       +                   dec   hl
2E68  B7       .                   or    a
2E69  2812     (.                  jr    z,$+20
2E6B  3D       =                   dec   a
2E6C  2803     (.                  jr    z,$+5
2E6E  C34A1E   .J.                 jp    0x1E4A
2E71  1600     ..                  ld    d,0x00
2E73  3A3B78   :;x                 ld    a,(0x783B)
2E76  F608     ..                  or    0x08
2E78  323B78   2;x                 ld    (0x783B),a
2E7B  180A     ..                  jr    $+12
2E7D  1620     .                   ld    d,0x20
2E7F  3A3B78   :;x                 ld    a,(0x783B)
2E82  E6F7     ..                  and   0xF7
2E84  323B78   2;x                 ld    (0x783B),a
2E87  320068   2.h                 ld    (0x6800),a
2E8A  E5       .                   push  hl
2E8B  210070   !.p                 ld    hl,0x7000
2E8E  010008   ...                 ld    bc,0x0800
2E91  7A       z                   ld    a,d
2E92  77       w                   ld    (hl),a
2E93  23       #                   inc   hl
2E94  0B       .                   dec   bc
2E95  78       x                   ld    a,b
2E96  B1       .                   or    c
2E97  20F8      .                  jr    nz,$-6
2E99  E1       .                   pop   hl
2E9A  CF       .                   rst   8
2E9B  29       )                   add   hl,hl
2E9C  C9       .                   ret   
2E9D  FE22     ."                  cp    0x22
2E9F  CAB32E   ...                 jp    z,0x2EB3
2EA2  B7       .                   or    a
2EA3  F2892B   ..+                 jp    p,0x2B89
2EA6  C3942B   ..+                 jp    0x2B94
2EA9  7E       ~                   ld    a,(hl)
2EAA  B7       .                   or    a
2EAB  23       #                   inc   hl
2EAC  02       .                   ld    (bc),a
2EAD  C8       .                   ret   z
2EAE  FE22     ."                  cp    0x22
2EB0  CA892B   ..+                 jp    z,0x2B89
2EB3  03       .                   inc   bc
2EB4  15       .                   dec   d
2EB5  C8       .                   ret   z
2EB6  18F1     ..                  jr    $-13
2EB8  F5       .                   push  af
2EB9  C5       .                   push  bc
2EBA  D5       .                   push  de
2EBB  E5       .                   push  hl
2EBC  CD7D78   .}x                 call  0x787D
2EBF  CD7B3F   .{?                 call  0x3F7B
2EC2  CDDC2E   ...                 call  0x2EDC
2EC5  CDFD2E   ...                 call  0x2EFD
2EC8  F5       .                   push  af
2EC9  213978   !9x                 ld    hl,0x7839
2ECC  CB46     .F                  bit   0,(hl)
2ECE  CC1B30   ..0                 call  z,0x301B
2ED1  F1       .                   pop   af
2ED2  CD3034   .04                 call  0x3430
2ED5  E1       .                   pop   hl
2ED6  D1       .                   pop   de
2ED7  C1       .                   pop   bc
2ED8  F1       .                   pop   af
2ED9  FB       .                   ei    
2EDA  ED4D     .M                  reti  
2EDC  3A3978   :9x                 ld    a,(0x7839)
2EDF  CB47     .G                  bit   0,a
2EE1  C0       .                   ret   nz
2EE2  214178   !Ax                 ld    hl,0x7841
2EE5  35       5                   dec   (hl)
2EE6  C0       .                   ret   nz
2EE7  3E10     >.                  ld    a,0x10
2EE9  324178   2Ax                 ld    (0x7841),a
2EEC  2A2078   * x                 ld    hl,(0x7820)
2EEF  3E40     >@                  ld    a,0x40
2EF1  AE       .                   xor   (hl)
2EF2  77       w                   ld    (hl),a
2EF3  C9       .                   ret   
2EF4  CDFD2E   ...                 call  0x2EFD
2EF7  F5       .                   push  af
2EF8  CD0E2F   ../                 call  0x2F0E
2EFB  F1       .                   pop   af
2EFC  C9       .                   ret   
2EFD  3A0068   :.h                 ld    a,(0x6800)
2F00  F6C0     ..                  or    0xC0
2F02  2F       /                   cpl   
2F03  FE00     ..                  cp    0x00
2F05  2807     (.                  jr    z,$+9
2F07  CD282F   .(/                 call  0x2F28
2F0A  B7       .                   or    a
2F0B  C2D705   ...                 jp    nz,0x05D7
2F0E  213878   !8x                 ld    hl,0x7838
2F11  CB56     .V                  bit   2,(hl)
2F13  2808     (.                  jr    z,$+10
2F15  3A3A78   ::x                 ld    a,(0x783A)
2F18  B7       .                   or    a
2F19  2802     (.                  jr    z,$+4
2F1B  CB96     ..                  res   2,(hl)
2F1D  7E       ~                   ld    a,(hl)
2F1E  E606     ..                  and   0x06
2F20  323878   28x                 ld    (0x7838),a
2F23  AF       .                   xor   a
2F24  323678   26x                 ld    (0x7836),a
2F27  C9       .                   ret   
2F28  21FE68   !.h                 ld    hl,0x68FE
2F2B  0E08     ..                  ld    c,0x08
2F2D  0606     ..                  ld    b,0x06
2F2F  7E       ~                   ld    a,(hl)
2F30  F604     ..                  or    0x04
2F32  1F       .                   rra   
2F33  302D     0-                  jr    nc,$+47
2F35  10FB     ..                  djnz  $-3
2F37  CB05     ..                  rlc   l
2F39  0D       .                   dec   c
2F3A  20F1      .                  jr    nz,$-13
2F3C  0604     ..                  ld    b,0x04
2F3E  21DF68   !.h                 ld    hl,0x68DF
2F41  7E       ~                   ld    a,(hl)
2F42  CB57     .W                  bit   2,a
2F44  2810     (.                  jr    z,$+18
2F46  CB05     ..                  rlc   l
2F48  7E       ~                   ld    a,(hl)
2F49  CB57     .W                  bit   2,a
2F4B  280D     (.                  jr    z,$+15
2F4D  CB05     ..                  rlc   l
2F4F  7E       ~                   ld    a,(hl)
2F50  CB57     .W                  bit   2,a
2F52  280A     (.                  jr    z,$+12
2F54  AF       .                   xor   a
2F55  C9       .                   ret   
2F56  0E03     ..                  ld    c,0x03
2F58  1806     ..                  jr    $+8
2F5A  0E02     ..                  ld    c,0x02
2F5C  1802     ..                  jr    $+4
2F5E  0E01     ..                  ld    c,0x01
2F60  F604     ..                  or    0x04
2F62  5F       _                   ld    e,a
2F63  3E06     >.                  ld    a,0x06
2F65  90       .                   sub   b
2F66  CB27     .'                  sla   a
2F68  CB27     .'                  sla   a
2F6A  CB27     .'                  sla   a
2F6C  C608     ..                  add   a,0x08
2F6E  91       .                   sub   c
2F6F  ED434278 .CBx                ld    (0x7842),bc
2F73  224478   "Dx                 ld    (0x7844),hl
2F76  21D901   !..                 ld    hl,0x01D9
2F79  4F       O                   ld    c,a
2F7A  0600     ..                  ld    b,0x00
2F7C  3AFB68   :.h                 ld    a,(0x68FB)
2F7F  CB57     .W                  bit   2,a
2F81  200A      .                  jr    nz,$+12
2F83  213878   !8x                 ld    hl,0x7838
2F86  CBC6     ..                  set   0,(hl)
2F88  210902   !..                 ld    hl,0x0209
2F8B  183D     .=                  jr    $+63
2F8D  3AFD68   :.h                 ld    a,(0x68FD)
2F90  CB57     .W                  bit   2,a
2F92  2039      9                  jr    nz,$+59
2F94  3A7F68   :.h                 ld    a,(0x687F)
2F97  CB57     .W                  bit   2,a
2F99  200E      .                  jr    nz,$+16
2F9B  213878   !8x                 ld    hl,0x7838
2F9E  CB6E     .n                  bit   5,(hl)
2FA0  2004      .                  jr    nz,$+6
2FA2  7E       ~                   ld    a,(hl)
2FA3  EE22     ."                  xor   0x22
2FA5  77       w                   ld    (hl),a
2FA6  AF       .                   xor   a
2FA7  C1       .                   pop   bc
2FA8  C9       .                   ret   
2FA9  213878   !8x                 ld    hl,0x7838
2FAC  CBFE     ..                  set   7,(hl)
2FAE  CB56     .V                  bit   2,(hl)
2FB0  2805     (.                  jr    z,$+7
2FB2  216902   !i.                 ld    hl,0x0269
2FB5  1813     ..                  jr    $+21
2FB7  3ABF68   :.h                 ld    a,(0x68BF)
2FBA  CB57     .W                  bit   2,a
2FBC  2007      .                  jr    nz,$+9
2FBE  CBD6     ..                  set   2,(hl)
2FC0  AF       .                   xor   a
2FC1  323A78   2:x                 ld    (0x783A),a
2FC4  C9       .                   ret   
2FC5  CB96     ..                  res   2,(hl)
2FC7  213902   !9.                 ld    hl,0x0239
2FCA  09       .                   add   hl,bc
2FCB  7E       ~                   ld    a,(hl)
2FCC  C9       .                   ret   
2FCD  3A3878   :8x                 ld    a,(0x7838)
2FD0  E681     ..                  and   0x81
2FD2  28F6     (.                  jr    z,$-8
2FD4  AF       .                   xor   a
2FD5  E1       .                   pop   hl
2FD6  C9       .                   ret   
2FD7  213878   !8x                 ld    hl,0x7838
2FDA  CB6E     .n                  bit   5,(hl)
2FDC  2825     (%                  jr    z,$+39
2FDE  3A3A78   ::x                 ld    a,(0x783A)
2FE1  3C       <                   inc   a
2FE2  323A78   2:x                 ld    (0x783A),a
2FE5  FE2A     .*                  cp    0x2A
2FE7  2802     (.                  jr    z,$+4
2FE9  AF       .                   xor   a
2FEA  C9       .                   ret   
2FEB  7E       ~                   ld    a,(hl)
2FEC  E6DF     ..                  and   0xDF
2FEE  F640     .@                  or    0x40
2FF0  323878   28x                 ld    (0x7838),a
2FF3  AF       .                   xor   a
2FF4  323A78   2:x                 ld    (0x783A),a
2FF7  CB66     .f                  bit   4,(hl)
2FF9  2004      .                  jr    nz,$+6
2FFB  3A3678   :6x                 ld    a,(0x7836)
2FFE  C9       .                   ret   
2FFF  3A3778   :7x                 ld    a,(0x7837)
3002  C9       .                   ret   
3003  CB76     .v                  bit   6,(hl)
3005  2007      .                  jr    nz,$+9
3007  CBEE     ..                  set   5,(hl)
3009  AF       .                   xor   a
300A  323A78   2:x                 ld    (0x783A),a
300D  C9       .                   ret   
300E  3A3A78   ::x                 ld    a,(0x783A)
3011  3C       <                   inc   a
3012  323A78   2:x                 ld    (0x783A),a
3015  FE06     ..                  cp    0x06
3017  28DA     (.                  jr    z,$-36
3019  AF       .                   xor   a
301A  C9       .                   ret   
301B  B7       .                   or    a
301C  C8       .                   ret   z
301D  F5       .                   push  af
301E  CD3930   .90                 call  0x3039
3021  F1       .                   pop   af
3022  FE0D     ..                  cp    0x0D
3024  C8       .                   ret   z
3025  FE01     ..                  cp    0x01
3027  C8       .                   ret   z
3028  3A3978   :9x                 ld    a,(0x7839)
302B  CB47     .G                  bit   0,a
302D  C0       .                   ret   nz
302E  3E20     >                   ld    a,0x20
3030  324178   2Ax                 ld    (0x7841),a
3033  2A2078   * x                 ld    hl,(0x7820)
3036  C3B23E   ..>                 jp    0x3EB2
3039  213878   !8x                 ld    hl,0x7838
303C  CB7E     .~                  bit   7,(hl)
303E  CA5731   .W1                 jp    z,0x3157
3041  B7       .                   or    a
3042  F25731   .W1                 jp    p,0x3157
3045  F5       .                   push  af
3046  D680     ..                  sub   0x80
3048  3C       <                   inc   a
3049  47       G                   ld    b,a
304A  214F16   !O.                 ld    hl,0x164F
304D  23       #                   inc   hl
304E  CB7E     .~                  bit   7,(hl)
3050  28FB     (.                  jr    z,$-3
3052  10F9     ..                  djnz  $-5
3054  7E       ~                   ld    a,(hl)
3055  CD8230   ..0                 call  0x3082
3058  7E       ~                   ld    a,(hl)
3059  CB7F     ..                  bit   7,a
305B  28F8     (.                  jr    z,$-6
305D  F1       .                   pop   af
305E  0616     ..                  ld    b,0x16
3060  219902   !..                 ld    hl,0x0299
3063  BE       .                   cp    (hl)
3064  2816     (.                  jr    z,$+24
3066  23       #                   inc   hl
3067  10FA     ..                  djnz  $-4
3069  FEB0     ..                  cp    0xB0
306B  C0       .                   ret   nz
306C  3E20     >                   ld    a,0x20
306E  CD8230   ..0                 call  0x3082
3071  3E46     >F                  ld    a,0x46
3073  CD8230   ..0                 call  0x3082
3076  3E4E     >N                  ld    a,0x4E
3078  CD8230   ..0                 call  0x3082
307B  C9       .                   ret   
307C  3E28     >(                  ld    a,0x28
307E  CD8230   ..0                 call  0x3082
3081  C9       .                   ret   
3082  E67F     ..                  and   0x7F
3084  E5       .                   push  hl
3085  CD5731   .W1                 call  0x3157
3088  E1       .                   pop   hl
3089  23       #                   inc   hl
308A  C9       .                   ret   
308B  F5       .                   push  af
308C  3A3B78   :;x                 ld    a,(0x783B)
308F  CB5F     ._                  bit   3,a
3091  2817     (.                  jr    z,$+25
3093  E6F7     ..                  and   0xF7
3095  323B78   2;x                 ld    (0x783B),a
3098  320068   2.h                 ld    (0x6800),a
309B  010002   ...                 ld    bc,0x0200
309E  210070   !.p                 ld    hl,0x7000
30A1  CDBE3E   ..>                 call  0x3EBE
30A4  23       #                   inc   hl
30A5  0B       .                   dec   bc
30A6  79       y                   ld    a,c
30A7  B0       .                   or    b
30A8  20F7      .                  jr    nz,$-7
30AA  F1       .                   pop   af
30AB  213978   !9x                 ld    hl,0x7839
30AE  CB6E     .n                  bit   5,(hl)
30B0  CA0631   ..1                 jp    z,0x3106
30B3  FE20     .                   cp    0x20
30B5  D2C030   ..0                 jp    nc,0x30C0
30B8  F5       .                   push  af
30B9  3AAF7A   :.z                 ld    a,(0x7AAF)
30BC  B7       .                   or    a
30BD  20FA      .                  jr    nz,$-4
30BF  F1       .                   pop   af
30C0  F3       .                   di    
30C1  2AB07A   *.z                 ld    hl,(0x7AB0)
30C4  77       w                   ld    (hl),a
30C5  23       #                   inc   hl
30C6  22B07A   ".z                 ld    (0x7AB0),hl
30C9  21AF7A   !.z                 ld    hl,0x7AAF
30CC  34       4                   inc   (hl)
30CD  F5       .                   push  af
30CE  3AA678   :.x                 ld    a,(0x78A6)
30D1  86       .                   add   a,(hl)
30D2  32AE7A   2.z                 ld    (0x7AAE),a
30D5  F1       .                   pop   af
30D6  FB       .                   ei    
30D7  FE20     .                   cp    0x20
30D9  DAE330   ..0                 jp    c,0x30E3
30DC  3E14     >.                  ld    a,0x14
30DE  BE       .                   cp    (hl)
30DF  DADE30   ..0                 jp    c,0x30DE
30E2  C9       .                   ret   
30E3  AF       .                   xor   a
30E4  BE       .                   cp    (hl)
30E5  20FD      .                  jr    nz,$-1
30E7  C9       .                   ret   
30E8  3AAF7A   :.z                 ld    a,(0x7AAF)
30EB  B7       .                   or    a
30EC  C8       .                   ret   z
30ED  47       G                   ld    b,a
30EE  21B27A   !.z                 ld    hl,0x7AB2
30F1  E5       .                   push  hl
30F2  7E       ~                   ld    a,(hl)
30F3  23       #                   inc   hl
30F4  E5       .                   push  hl
30F5  C5       .                   push  bc
30F6  CD0631   ..1                 call  0x3106
30F9  C1       .                   pop   bc
30FA  E1       .                   pop   hl
30FB  10F5     ..                  djnz  $-9
30FD  E1       .                   pop   hl
30FE  22B07A   ".z                 ld    (0x7AB0),hl
3101  AF       .                   xor   a
3102  32AF7A   2.z                 ld    (0x7AAF),a
3105  C9       .                   ret   
3106  CD0D03   ...                 call  0x030D
3109  B7       .                   or    a
310A  2804     (.                  jr    z,$+6
310C  FE0D     ..                  cp    0x0D
310E  204A      J                  jr    nz,$+76
3110  F5       .                   push  af
3111  2A2078   * x                 ld    hl,(0x7820)
3114  3AA678   :.x                 ld    a,(0x78A6)
3117  4F       O                   ld    c,a
3118  AF       .                   xor   a
3119  47       G                   ld    b,a
311A  32A678   2.x                 ld    (0x78A6),a
311D  ED42     .B                  sbc   hl,bc
311F  012000   . .                 ld    bc,RST20_VEC
3122  09       .                   add   hl,bc
3123  7C       |                   ld    a,h
3124  FE72     .r                  cp    0x72
3126  F4F333   ..3                 call  p,0x33F3
3129  222078   " x                 ld    (0x7820),hl
312C  CD5300   .S.                 call  0x0053
312F  F1       .                   pop   af
3130  B7       .                   or    a
3131  C8       .                   ret   z
3132  CDA833   ..3                 call  0x33A8
3135  FE80     ..                  cp    0x80
3137  C8       .                   ret   z
3138  FE81     ..                  cp    0x81
313A  2005      .                  jr    nz,$+7
313C  3D       =                   dec   a
313D  77       w                   ld    (hl),a
313E  23       #                   inc   hl
313F  77       w                   ld    (hl),a
3140  C9       .                   ret   
3141  3E80     >.                  ld    a,0x80
3143  77       w                   ld    (hl),a
3144  C9       .                   ret   
3145  CB77     .w                  bit   6,a
3147  2804     (.                  jr    z,$+6
3149  C3603F   .`?                 jp    0x3F60
314C  00       .                   nop   
314D  E68F     ..                  and   0x8F
314F  47       G                   ld    b,a
3150  3A4678   :Fx                 ld    a,(0x7846)
3153  B0       .                   or    b
3154  47       G                   ld    b,a
3155  185F     ._                  jr    $+97
3157  CD0D03   ...                 call  0x030D
315A  B7       .                   or    a
315B  FA4531   .E1                 jp    m,0x3145
315E  FE0D     ..                  cp    0x0D
3160  C8       .                   ret   z
3161  FE08     ..                  cp    0x08
3163  CA2732   .'2                 jp    z,0x3227
3166  FE1B     ..                  cp    0x1B
3168  CA5332   .S2                 jp    z,0x3253
316B  FE0A     ..                  cp    0x0A
316D  CA6D32   .m2                 jp    z,0x326D
3170  FE08     ..                  cp    0x08
3172  CA2732   .'2                 jp    z,0x3227
3175  FE09     ..                  cp    0x09
3177  CAB831   ..1                 jp    z,0x31B8
317A  FE01     ..                  cp    0x01
317C  C8       .                   ret   z
317D  FE7F     ..                  cp    0x7F
317F  CACB33   ..3                 jp    z,0x33CB
3182  FE15     ..                  cp    0x15
3184  CAC632   ..2                 jp    z,0x32C6
3187  FE18     ..                  cp    0x18
3189  CA2732   .'2                 jp    z,0x3227
318C  FE19     ..                  cp    0x19
318E  CAB831   ..1                 jp    z,0x31B8
3191  FE1B     ..                  cp    0x1B
3193  CA5332   .S2                 jp    z,0x3253
3196  FE1C     ..                  cp    0x1C
3198  CA8732   ..2                 jp    z,0x3287
319B  FE1D     ..                  cp    0x1D
319D  CAB432   ..2                 jp    z,0x32B4
31A0  FE1F     ..                  cp    0x1F
31A2  CA9232   ..2                 jp    z,0x3292
31A5  FE20     .                   cp    0x20
31A7  F8       .                   ret   m
31A8  C3CA3E   ..>                 jp    0x3ECA
31AB  213878   !8x                 ld    hl,0x7838
31AE  CB4E     .N                  bit   1,(hl)
31B0  E1       .                   pop   hl
31B1  2802     (.                  jr    z,$+4
31B3  F640     .@                  or    0x40
31B5  47       G                   ld    b,a
31B6  78       x                   ld    a,b
31B7  77       w                   ld    (hl),a
31B8  CDBF31   ..1                 call  0x31BF
31BB  CD5000   .P.                 call  GET_CURSOR_CHAR
31BE  C9       .                   ret   
31BF  3AA678   :.x                 ld    a,(0x78A6)
31C2  3C       <                   inc   a
31C3  FE20     .                   cp    0x20
31C5  202B      +                  jr    nz,$+45
31C7  CDA833   ..3                 call  0x33A8
31CA  FE81     ..                  cp    0x81
31CC  2823     (#                  jr    z,$+37
31CE  B7       .                   or    a
31CF  2035      5                  jr    nz,$+55
31D1  47       G                   ld    b,a
31D2  3A3978   :9x                 ld    a,(0x7839)
31D5  CB47     .G                  bit   0,a
31D7  78       x                   ld    a,b
31D8  C8       .                   ret   z
31D9  AF       .                   xor   a
31DA  23       #                   inc   hl
31DB  77       w                   ld    (hl),a
31DC  23       #                   inc   hl
31DD  E5       .                   push  hl
31DE  ED4BA478 .K.x                ld    bc,(0x78A4)
31E2  0B       .                   dec   bc
31E3  0B       .                   dec   bc
31E4  B7       .                   or    a
31E5  ED42     .B                  sbc   hl,bc
31E7  E1       .                   pop   hl
31E8  3007     0.                  jr    nc,$+9
31EA  7E       ~                   ld    a,(hl)
31EB  B7       .                   or    a
31EC  2003      .                  jr    nz,$+5
31EE  3E80     >.                  ld    a,0x80
31F0  77       w                   ld    (hl),a
31F1  AF       .                   xor   a
31F2  32A678   2.x                 ld    (0x78A6),a
31F5  2A2078   * x                 ld    hl,(0x7820)
31F8  010100   ...                 ld    bc,0x0001
31FB  09       .                   add   hl,bc
31FC  7C       |                   ld    a,h
31FD  FE72     .r                  cp    0x72
31FF  F4F333   ..3                 call  p,0x33F3
3202  222078   " x                 ld    (0x7820),hl
3205  C9       .                   ret   
3206  F5       .                   push  af
3207  ED5B2078 .[ x                ld    de,(0x7820)
320B  13       .                   inc   de
320C  7A       z                   ld    a,d
320D  FE72     .r                  cp    0x72
320F  2810     (.                  jr    z,$+18
3211  E5       .                   push  hl
3212  213978   !9x                 ld    hl,0x7839
3215  CB46     .F                  bit   0,(hl)
3217  2007      .                  jr    nz,$+9
3219  CB66     .f                  bit   4,(hl)
321B  2003      .                  jr    nz,$+5
321D  CD2C33   .,3                 call  0x332C
3220  E1       .                   pop   hl
3221  F1       .                   pop   af
3222  3C       <                   inc   a
3223  77       w                   ld    (hl),a
3224  C3D931   ..1                 jp    0x31D9
3227  3AA678   :.x                 ld    a,(0x78A6)
322A  3D       =                   dec   a
322B  F23532   .52                 jp    p,0x3235
322E  CDA833   ..3                 call  0x33A8
3231  B7       .                   or    a
3232  C0       .                   ret   nz
3233  3E1F     >.                  ld    a,0x1F
3235  32A678   2.x                 ld    (0x78A6),a
3238  010100   ...                 ld    bc,0x0001
323B  2A2078   * x                 ld    hl,(0x7820)
323E  AF       .                   xor   a
323F  ED42     .B                  sbc   hl,bc
3241  7C       |                   ld    a,h
3242  FE70     .p                  cp    0x70
3244  DA4E32   .N2                 jp    c,0x324E
3247  222078   " x                 ld    (0x7820),hl
324A  CD5300   .S.                 call  0x0053
324D  C9       .                   ret   
324E  AF       .                   xor   a
324F  32A678   2.x                 ld    (0x78A6),a
3252  C9       .                   ret   
3253  213978   !9x                 ld    hl,0x7839
3256  CB66     .f                  bit   4,(hl)
3258  C0       .                   ret   nz
3259  012000   . .                 ld    bc,RST20_VEC
325C  2A2078   * x                 ld    hl,(0x7820)
325F  AF       .                   xor   a
3260  ED42     .B                  sbc   hl,bc
3262  7C       |                   ld    a,h
3263  FE70     .p                  cp    0x70
3265  F8       .                   ret   m
3266  222078   " x                 ld    (0x7820),hl
3269  CD5300   .S.                 call  0x0053
326C  C9       .                   ret   
326D  213978   !9x                 ld    hl,0x7839
3270  CB66     .f                  bit   4,(hl)
3272  C0       .                   ret   nz
3273  012000   . .                 ld    bc,RST20_VEC
3276  2A2078   * x                 ld    hl,(0x7820)
3279  09       .                   add   hl,bc
327A  7C       |                   ld    a,h
327B  FE72     .r                  cp    0x72
327D  F42434   .$4                 call  p,0x3424
3280  222078   " x                 ld    (0x7820),hl
3283  CD5300   .S.                 call  0x0053
3286  C9       .                   ret   
3287  210070   !.p                 ld    hl,0x7000
328A  222078   " x                 ld    (0x7820),hl
328D  AF       .                   xor   a
328E  32A678   2.x                 ld    (0x78A6),a
3291  C9       .                   ret   
3292  210070   !.p                 ld    hl,0x7000
3295  222078   " x                 ld    (0x7820),hl
3298  010002   ...                 ld    bc,0x0200
329B  CDBE3E   ..>                 call  0x3EBE
329E  23       #                   inc   hl
329F  0B       .                   dec   bc
32A0  79       y                   ld    a,c
32A1  B0       .                   or    b
32A2  20F7      .                  jr    nz,$-7
32A4  AF       .                   xor   a
32A5  32A678   2.x                 ld    (0x78A6),a
32A8  0610     ..                  ld    b,0x10
32AA  3E80     >.                  ld    a,0x80
32AC  21D77A   !.z                 ld    hl,0x7AD7
32AF  77       w                   ld    (hl),a
32B0  23       #                   inc   hl
32B1  10FC     ..                  djnz  $-2
32B3  C9       .                   ret   
32B4  2A2078   * x                 ld    hl,(0x7820)
32B7  3AA678   :.x                 ld    a,(0x78A6)
32BA  4F       O                   ld    c,a
32BB  AF       .                   xor   a
32BC  47       G                   ld    b,a
32BD  32A678   2.x                 ld    (0x78A6),a
32C0  ED42     .B                  sbc   hl,bc
32C2  222078   " x                 ld    (0x7820),hl
32C5  C9       .                   ret   
32C6  CDA833   ..3                 call  0x33A8
32C9  FE81     ..                  cp    0x81
32CB  2831     (1                  jr    z,$+51
32CD  3AA678   :.x                 ld    a,(0x78A6)
32D0  FE1F     ..                  cp    0x1F
32D2  2825     (%                  jr    z,$+39
32D4  4F       O                   ld    c,a
32D5  AF       .                   xor   a
32D6  47       G                   ld    b,a
32D7  2A2078   * x                 ld    hl,(0x7820)
32DA  ED42     .B                  sbc   hl,bc
32DC  011F00   ...                 ld    bc,0x001F
32DF  09       .                   add   hl,bc
32E0  CDE93E   ..>                 call  0x3EE9
32E3  2014      .                  jr    nz,$+22
32E5  E5       .                   push  hl
32E6  D1       .                   pop   de
32E7  2B       +                   dec   hl
32E8  3AA678   :.x                 ld    a,(0x78A6)
32EB  4F       O                   ld    c,a
32EC  3E1F     >.                  ld    a,0x1F
32EE  91       .                   sub   c
32EF  4F       O                   ld    c,a
32F0  EDB8     ..                  lddr  
32F2  CDF63E   ..>                 call  0x3EF6
32F5  323C78   2<x                 ld    (0x783C),a
32F8  C9       .                   ret   
32F9  CDA833   ..3                 call  0x33A8
32FC  B7       .                   or    a
32FD  C8       .                   ret   z
32FE  FE80     ..                  cp    0x80
3300  281E     (.                  jr    z,$+32
3302  3AA678   :.x                 ld    a,(0x78A6)
3305  4F       O                   ld    c,a
3306  AF       .                   xor   a
3307  47       G                   ld    b,a
3308  2A2078   * x                 ld    hl,(0x7820)
330B  ED42     .B                  sbc   hl,bc
330D  013F00   .?.                 ld    bc,0x003F
3310  09       .                   add   hl,bc
3311  CDE93E   ..>                 call  0x3EE9
3314  C0       .                   ret   nz
3315  E5       .                   push  hl
3316  D1       .                   pop   de
3317  2B       +                   dec   hl
3318  3AA678   :.x                 ld    a,(0x78A6)
331B  4F       O                   ld    c,a
331C  3E3F     >?                  ld    a,0x3F
331E  18CE     ..                  jr    $-48
3320  E5       .                   push  hl
3321  CD2C33   .,3                 call  0x332C
3324  E1       .                   pop   hl
3325  3E81     >.                  ld    a,0x81
3327  77       w                   ld    (hl),a
3328  23       #                   inc   hl
3329  AF       .                   xor   a
332A  77       w                   ld    (hl),a
332B  C9       .                   ret   
332C  2A2078   * x                 ld    hl,(0x7820)
332F  7C       |                   ld    a,h
3330  FE71     .q                  cp    0x71
3332  202B      +                  jr    nz,$+45
3334  7D       }                   ld    a,l
3335  FEE0     ..                  cp    0xE0
3337  DA5F33   ._3                 jp    c,0x335F
333A  3AA678   :.x                 ld    a,(0x78A6)
333D  F5       .                   push  af
333E  3AD77A   :.z                 ld    a,(0x7AD7)
3341  FE81     ..                  cp    0x81
3343  2008      .                  jr    nz,$+10
3345  E5       .                   push  hl
3346  CDF333   ..3                 call  0x33F3
3349  E1       .                   pop   hl
334A  CD1703   ...                 call  0x0317
334D  E5       .                   push  hl
334E  CDF333   ..3                 call  0x33F3
3351  E1       .                   pop   hl
3352  CD1703   ...                 call  0x0317
3355  F1       .                   pop   af
3356  32A678   2.x                 ld    (0x78A6),a
3359  D1       .                   pop   de
335A  E1       .                   pop   hl
335B  2B       +                   dec   hl
335C  E5       .                   push  hl
335D  D5       .                   push  de
335E  C9       .                   ret   
335F  3AA678   :.x                 ld    a,(0x78A6)
3362  4F       O                   ld    c,a
3363  AF       .                   xor   a
3364  47       G                   ld    b,a
3365  ED42     .B                  sbc   hl,bc
3367  014000   .@.                 ld    bc,0x0040
336A  09       .                   add   hl,bc
336B  E5       .                   push  hl
336C  EB       .                   ex    de,hl
336D  210072   !.r                 ld    hl,0x7200
3370  ED52     .R                  sbc   hl,de
3372  E5       .                   push  hl
3373  C1       .                   pop   bc
3374  21DF71   !.q                 ld    hl,0x71DF
3377  11FF71   ..q                 ld    de,0x71FF
337A  79       y                   ld    a,c
337B  B0       .                   or    b
337C  2802     (.                  jr    z,$+4
337E  EDB8     ..                  lddr  
3380  E1       .                   pop   hl
3381  CD023F   ..?                 call  0x3F02
3384  00       .                   nop   
3385  12       .                   ld    (de),a
3386  1B       .                   dec   de
3387  10FC     ..                  djnz  $-2
3389  CDA833   ..3                 call  0x33A8
338C  E5       .                   push  hl
338D  C1       .                   pop   bc
338E  21E67A   !.z                 ld    hl,0x7AE6
3391  E5       .                   push  hl
3392  B7       .                   or    a
3393  ED42     .B                  sbc   hl,bc
3395  E5       .                   push  hl
3396  C1       .                   pop   bc
3397  E1       .                   pop   hl
3398  E5       .                   push  hl
3399  D1       .                   pop   de
339A  2B       +                   dec   hl
339B  EDB8     ..                  lddr  
339D  3AE67A   :.z                 ld    a,(0x7AE6)
33A0  FE81     ..                  cp    0x81
33A2  C0       .                   ret   nz
33A3  2A2078   * x                 ld    hl,(0x7820)
33A6  18B7     ..                  jr    $-71
33A8  3AA678   :.x                 ld    a,(0x78A6)
33AB  4F       O                   ld    c,a
33AC  AF       .                   xor   a
33AD  47       G                   ld    b,a
33AE  2A2078   * x                 ld    hl,(0x7820)
33B1  ED42     .B                  sbc   hl,bc
33B3  E5       .                   push  hl
33B4  C1       .                   pop   bc
33B5  78       x                   ld    a,b
33B6  E60F     ..                  and   0x0F
33B8  CB3F     .?                  srl   a
33BA  47       G                   ld    b,a
33BB  CB19     ..                  rr    c
33BD  CB39     .9                  srl   c
33BF  CB39     .9                  srl   c
33C1  CB39     .9                  srl   c
33C3  CB39     .9                  srl   c
33C5  21D77A   !.z                 ld    hl,0x7AD7
33C8  09       .                   add   hl,bc
33C9  7E       ~                   ld    a,(hl)
33CA  C9       .                   ret   
33CB  CDA833   ..3                 call  0x33A8
33CE  FE81     ..                  cp    0x81
33D0  2A2078   * x                 ld    hl,(0x7820)
33D3  E5       .                   push  hl
33D4  D1       .                   pop   de
33D5  23       #                   inc   hl
33D6  3AA678   :.x                 ld    a,(0x78A6)
33D9  4F       O                   ld    c,a
33DA  2813     (.                  jr    z,$+21
33DC  FE1F     ..                  cp    0x1F
33DE  2808     (.                  jr    z,$+10
33E0  3E1F     >.                  ld    a,0x1F
33E2  91       .                   sub   c
33E3  4F       O                   ld    c,a
33E4  AF       .                   xor   a
33E5  47       G                   ld    b,a
33E6  EDB0     ..                  ldir  
33E8  CDF63E   ..>                 call  0x3EF6
33EB  CD5000   .P.                 call  GET_CURSOR_CHAR
33EE  C9       .                   ret   
33EF  3E3F     >?                  ld    a,0x3F
33F1  18EF     ..                  jr    $-15
33F3  110070   ..p                 ld    de,0x7000
33F6  212070   ! p                 ld    hl,0x7020
33F9  01E001   ...                 ld    bc,0x01E0
33FC  EDB0     ..                  ldir  
33FE  CD023F   ..?                 call  0x3F02
3401  00       .                   nop   
3402  12       .                   ld    (de),a
3403  13       .                   inc   de
3404  10FC     ..                  djnz  $-2
3406  21D77A   !.z                 ld    hl,0x7AD7
3409  E5       .                   push  hl
340A  D1       .                   pop   de
340B  23       #                   inc   hl
340C  010F00   ...                 ld    bc,0x000F
340F  EDB0     ..                  ldir  
3411  1A       .                   ld    a,(de)
3412  FE81     ..                  cp    0x81
3414  2003      .                  jr    nz,$+5
3416  AF       .                   xor   a
3417  1802     ..                  jr    $+4
3419  3E80     >.                  ld    a,0x80
341B  12       .                   ld    (de),a
341C  AF       .                   xor   a
341D  32A678   2.x                 ld    (0x78A6),a
3420  21E071   !.q                 ld    hl,0x71E0
3423  C9       .                   ret   
3424  3AD77A   :.z                 ld    a,(0x7AD7)
3427  FE81     ..                  cp    0x81
3429  CCF333   ..3                 call  z,0x33F3
342C  CDF333   ..3                 call  0x33F3
342F  C9       .                   ret   
3430  213978   !9x                 ld    hl,0x7839
3433  B7       .                   or    a
3434  200B      .                  jr    nz,$+13
3436  CBCE     ..                  set   1,(hl)
3438  01FF03   ...                 ld    bc,0x03FF
343B  0B       .                   dec   bc
343C  79       y                   ld    a,c
343D  B0       .                   or    b
343E  20FB      .                  jr    nz,$-3
3440  C9       .                   ret   
3441  CB46     .F                  bit   0,(hl)
3443  C0       .                   ret   nz
3444  FE0D     ..                  cp    0x0D
3446  2806     (.                  jr    z,$+8
3448  FE01     ..                  cp    0x01
344A  2004      .                  jr    nz,$+6
344C  CBD6     ..                  set   2,(hl)
344E  CBC6     ..                  set   0,(hl)
3450  E5       .                   push  hl
3451  21A000   !..                 ld    hl,0x00A0
3454  010600   ...                 ld    bc,0x0006
3457  CD5C34   .\4                 call  0x345C
345A  E1       .                   pop   hl
345B  C9       .                   ret   
345C  3A3B78   :;x                 ld    a,(0x783B)
345F  57       W                   ld    d,a
3460  CD6934   .i4                 call  0x3469
3463  0B       .                   dec   bc
3464  79       y                   ld    a,c
3465  B0       .                   or    b
3466  20F8      .                  jr    nz,$-6
3468  C9       .                   ret   
3469  C5       .                   push  bc
346A  7A       z                   ld    a,d
346B  EE21     .!                  xor   0x21
346D  320068   2.h                 ld    (0x6800),a
3470  E5       .                   push  hl
3471  C1       .                   pop   bc
3472  0B       .                   dec   bc
3473  79       y                   ld    a,c
3474  B0       .                   or    b
3475  20FB      .                  jr    nz,$-3
3477  7A       z                   ld    a,d
3478  320068   2.h                 ld    (0x6800),a
347B  E5       .                   push  hl
347C  C1       .                   pop   bc
347D  0B       .                   dec   bc
347E  79       y                   ld    a,c
347F  B0       .                   or    b
3480  20FB      .                  jr    nz,$-3
3482  C1       .                   pop   bc
3483  C9       .                   ret   
3484  CDA03F   ..?                 call  0x3FA0
3487  3E20     >                   ld    a,0x20
3489  323B78   2;x                 ld    (0x783B),a
348C  320068   2.h                 ld    (0x6800),a
348F  3E3C     ><                  ld    a,0x3C
3491  323A78   2:x                 ld    (0x783A),a
3494  3E10     >.                  ld    a,0x10
3496  324178   2Ax                 ld    (0x7841),a
3499  AF       .                   xor   a
349A  32AF7A   2.z                 ld    (0x7AAF),a
349D  21B27A   !.z                 ld    hl,0x7AB2
34A0  22B07A   ".z                 ld    (0x7AB0),hl
34A3  3EC9     >.                  ld    a,0xC9
34A5  C3373E   .7>                 jp    0x3E37
34A8  C9       .                   ret   
34A9  F3       .                   di    
34AA  0EF0     ..                  ld    c,0xF0
34AC  CD5835   .X5                 call  0x3558
34AF  DAFE3A   ..:                 jp    c,0x3AFE
34B2  E5       .                   push  hl
34B3  019A01   ...                 ld    bc,0x019A
34B6  0B       .                   dec   bc
34B7  79       y                   ld    a,c
34B8  B0       .                   or    b
34B9  20FB      .                  jr    nz,$-3
34BB  CDF83A   ..:                 call  0x3AF8
34BE  DD212378 .!#x                ld    ix,0x7823
34C2  2AA478   *.x                 ld    hl,(0x78A4)
34C5  7D       }                   ld    a,l
34C6  CD1135   ..5                 call  0x3511
34C9  DD7700   .w.                 ld    (ix+0x00),a
34CC  AF       .                   xor   a
34CD  DD7701   .w.                 ld    (ix+0x01),a
34D0  7C       |                   ld    a,h
34D1  CD1135   ..5                 call  0x3511
34D4  CD8E38   ..8                 call  0x388E
34D7  EB       .                   ex    de,hl
34D8  2AF978   *.x                 ld    hl,(0x78F9)
34DB  7D       }                   ld    a,l
34DC  CD1135   ..5                 call  0x3511
34DF  CD8E38   ..8                 call  0x388E
34E2  7C       |                   ld    a,h
34E3  CD1135   ..5                 call  0x3511
34E6  CD8E38   ..8                 call  0x388E
34E9  CDF83A   ..:                 call  0x3AF8
34EC  1A       .                   ld    a,(de)
34ED  13       .                   inc   de
34EE  CD1135   ..5                 call  0x3511
34F1  CD8E38   ..8                 call  0x388E
34F4  CDF83A   ..:                 call  0x3AF8
34F7  DF       .                   rst   0x18
34F8  20F2      .                  jr    nz,$-12
34FA  DD7E00   .~.                 ld    a,(ix+0x00)
34FD  CD1135   ..5                 call  0x3511
3500  DD7E01   .~.                 ld    a,(ix+0x01)
3503  CD1135   ..5                 call  0x3511
3506  0614     ..                  ld    b,0x14
3508  AF       .                   xor   a
3509  CD1135   ..5                 call  0x3511
350C  10FB     ..                  djnz  $-3
350E  E1       .                   pop   hl
350F  FB       .                   ei    
3510  C9       .                   ret   
3511  F5       .                   push  af
3512  C5       .                   push  bc
3513  E5       .                   push  hl
3514  2E08     ..                  ld    l,0x08
3516  67       g                   ld    h,a
3517  CD4235   .B5                 call  0x3542
351A  CB04     ..                  rlc   h
351C  300D     0.                  jr    nc,$+15
351E  CD4235   .B5                 call  0x3542
3521  CD4235   .B5                 call  0x3542
3524  2D       -                   dec   l
3525  20F0      .                  jr    nz,$-14
3527  E1       .                   pop   hl
3528  C1       .                   pop   bc
3529  F1       .                   pop   af
352A  C9       .                   ret   
352B  3A3B78   :;x                 ld    a,(0x783B)
352E  F606     ..                  or    0x06
3530  320068   2.h                 ld    (0x6800),a
3533  0699     ..                  ld    b,0x99
3535  10FE     ..                  djnz  $+0
3537  E6F9     ..                  and   0xF9
3539  320068   2.h                 ld    (0x6800),a
353C  0699     ..                  ld    b,0x99
353E  10FE     ..                  djnz  $+0
3540  18E2     ..                  jr    $-28
3542  3A3B78   :;x                 ld    a,(0x783B)
3545  F606     ..                  or    0x06
3547  320068   2.h                 ld    (0x6800),a
354A  064C     .L                  ld    b,0x4C
354C  10FE     ..                  djnz  $+0
354E  E6F9     ..                  and   0xF9
3550  320068   2.h                 ld    (0x6800),a
3553  064C     .L                  ld    b,0x4C
3555  10FE     ..                  djnz  $+0
3557  C9       .                   ret   
3558  CD8C35   ..5                 call  0x358C
355B  06FF     ..                  ld    b,0xFF
355D  3E80     >.                  ld    a,0x80
355F  CD1135   ..5                 call  0x3511
3562  CDE83A   ..:                 call  0x3AE8
3565  D8       .                   ret   c
3566  10F5     ..                  djnz  $-9
3568  0605     ..                  ld    b,0x05
356A  3EFE     >.                  ld    a,0xFE
356C  CD1135   ..5                 call  0x3511
356F  CDE83A   ..:                 call  0x3AE8
3572  D8       .                   ret   c
3573  10F5     ..                  djnz  $-9
3575  79       y                   ld    a,c
3576  CD1135   ..5                 call  0x3511
3579  CDE83A   ..:                 call  0x3AE8
357C  D8       .                   ret   c
357D  3AD67A   :.z                 ld    a,(0x7AD6)
3580  47       G                   ld    b,a
3581  119D7A   ..z                 ld    de,0x7A9D
3584  1A       .                   ld    a,(de)
3585  13       .                   inc   de
3586  CD1135   ..5                 call  0x3511
3589  10F9     ..                  djnz  $-5
358B  C9       .                   ret   
358C  0610     ..                  ld    b,0x10
358E  119D7A   ..z                 ld    de,0x7A9D
3591  7E       ~                   ld    a,(hl)
3592  FE3A     .:                  cp    0x3A
3594  2812     (.                  jr    z,$+20
3596  B7       .                   or    a
3597  280F     (.                  jr    z,$+17
3599  CF       .                   rst   8
359A  227EB7   "~.                 ld    (0xB77E),hl
359D  2809     (.                  jr    z,$+11
359F  23       #                   inc   hl
35A0  FE22     ."                  cp    0x22
35A2  2804     (.                  jr    z,$+6
35A4  12       .                   ld    (de),a
35A5  13       .                   inc   de
35A6  10F3     ..                  djnz  $-11
35A8  AF       .                   xor   a
35A9  12       .                   ld    (de),a
35AA  3E11     >.                  ld    a,0x11
35AC  90       .                   sub   b
35AD  32D67A   2.z                 ld    (0x7AD6),a
35B0  C9       .                   ret   
35B1  3A4C78   :Lx                 ld    a,(0x784C)
35B4  B7       .                   or    a
35B5  C0       .                   ret   nz
35B6  3A3B78   :;x                 ld    a,(0x783B)
35B9  CB5F     ._                  bit   3,a
35BB  280B     (.                  jr    z,$+13
35BD  E6F7     ..                  and   0xF7
35BF  323B78   2;x                 ld    (0x783B),a
35C2  320068   2.h                 ld    (0x6800),a
35C5  CD9232   ..2                 call  0x3292
35C8  21FF71   !.q                 ld    hl,0x71FF
35CB  222078   " x                 ld    (0x7820),hl
35CE  3E1F     >.                  ld    a,0x1F
35D0  32A678   2.x                 ld    (0x78A6),a
35D3  3AE57A   :.z                 ld    a,(0x7AE5)
35D6  FE81     ..                  cp    0x81
35D8  C0       .                   ret   nz
35D9  3D       =                   dec   a
35DA  32E57A   2.z                 ld    (0x7AE5),a
35DD  32E67A   2.z                 ld    (0x7AE6),a
35E0  C9       .                   ret   
35E1  214238   !B8                 ld    hl,0x3842
35E4  CDF437   ..7                 call  0x37F4
35E7  CDF83A   ..:                 call  0x3AF8
35EA  3A0068   :.h                 ld    a,(0x6800)
35ED  CB77     .w                  bit   6,a
35EF  20F6      .                  jr    nz,$-8
35F1  CD8F37   ..7                 call  0x378F
35F4  38F1     8.                  jr    c,$-13
35F6  CB47     .G                  bit   0,a
35F8  28F7     (.                  jr    z,$-7
35FA  0607     ..                  ld    b,0x07
35FC  CD8F37   ..7                 call  0x378F
35FF  38E6     8.                  jr    c,$-24
3601  10F9     ..                  djnz  $-5
3603  FE80     ..                  cp    0x80
3605  20E0      .                  jr    nz,$-30
3607  CD7537   .u7                 call  0x3775
360A  DAE735   ..5                 jp    c,0x35E7
360D  FE80     ..                  cp    0x80
360F  28F6     (.                  jr    z,$-8
3611  0604     ..                  ld    b,0x04
3613  FEFE     ..                  cp    0xFE
3615  C2E735   ..5                 jp    nz,0x35E7
3618  CD7537   .u7                 call  0x3775
361B  DAE735   ..5                 jp    c,0x35E7
361E  10F3     ..                  djnz  $-11
3620  CD7537   .u7                 call  0x3775
3623  32D27A   2.z                 ld    (0x7AD2),a
3626  21B27A   !.z                 ld    hl,0x7AB2
3629  0612     ..                  ld    b,0x12
362B  CD7537   .u7                 call  0x3775
362E  77       w                   ld    (hl),a
362F  B7       .                   or    a
3630  2806     (.                  jr    z,$+8
3632  23       #                   inc   hl
3633  10F6     ..                  djnz  $-8
3635  C3E735   ..5                 jp    0x35E7
3638  215A38   !Z8                 ld    hl,0x385A
363B  CDF437   ..7                 call  0x37F4
363E  21B27A   !.z                 ld    hl,0x7AB2
3641  CD1438   ..8                 call  0x3814
3644  21B27A   !.z                 ld    hl,0x7AB2
3647  119D7A   ..z                 ld    de,0x7A9D
364A  1A       .                   ld    a,(de)
364B  B7       .                   or    a
364C  C8       .                   ret   z
364D  BE       .                   cp    (hl)
364E  C2E735   ..5                 jp    nz,0x35E7
3651  23       #                   inc   hl
3652  13       .                   inc   de
3653  18F5     ..                  jr    $-9
3655  C9       .                   ret   
3656  E5       .                   push  hl
3657  213978   !9x                 ld    hl,0x7839
365A  CBB6     ..                  res   6,(hl)
365C  CB9E     ..                  res   3,(hl)
365E  E1       .                   pop   hl
365F  F3       .                   di    
3660  CD8C35   ..5                 call  0x358C
3663  E5       .                   push  hl
3664  CDB135   ..5                 call  0x35B1
3667  214238   !B8                 ld    hl,0x3842
366A  CDF437   ..7                 call  0x37F4
366D  CDE735   ..5                 call  0x35E7
3670  3AD27A   :.z                 ld    a,(0x7AD2)
3673  FEF2     ..                  cp    0xF2
3675  28F6     (.                  jr    z,$-8
3677  216038   !`8                 ld    hl,0x3860
367A  CD0438   ..8                 call  0x3804
367D  DD212378 .!#x                ld    ix,0x7823
3681  CD6838   .h8                 call  0x3868
3684  DA1137   ..7                 jp    c,0x3711
3687  E5       .                   push  hl
3688  ED52     .R                  sbc   hl,de
368A  DA1137   ..7                 jp    c,0x3711
368D  ED531E78 .S.x                ld    (0x781E),de
3691  E5       .                   push  hl
3692  C1       .                   pop   bc
3693  E1       .                   pop   hl
3694  3A3978   :9x                 ld    a,(0x7839)
3697  CB5F     ._                  bit   3,a
3699  C24237   .B7                 jp    nz,0x3742
369C  CD733F   .s?                 call  0x3F73
369F  12       .                   ld    (de),a
36A0  CD8E38   ..8                 call  0x388E
36A3  13       .                   inc   de
36A4  0B       .                   dec   bc
36A5  79       y                   ld    a,c
36A6  B0       .                   or    b
36A7  20F3      .                  jr    nz,$-11
36A9  CD7537   .u7                 call  0x3775
36AC  DDBE00   ...                 cp    (ix+0x00)
36AF  C21137   ..7                 jp    nz,0x3711
36B2  CD7537   .u7                 call  0x3775
36B5  DDBE01   ...                 cp    (ix+0x01)
36B8  C21137   ..7                 jp    nz,0x3711
36BB  22F978   ".x                 ld    (0x78F9),hl
36BE  FB       .                   ei    
36BF  3E0D     >.                  ld    a,0x0D
36C1  CD8B30   ..0                 call  0x308B
36C4  3AD27A   :.z                 ld    a,(0x7AD2)
36C7  FEF1     ..                  cp    0xF1
36C9  2004      .                  jr    nz,$+6
36CB  2A1E78   *.x                 ld    hl,(0x781E)
36CE  E9       .                   jp    (hl)
36CF  212919   !).                 ld    hl,0x1929
36D2  CDA728   ..(                 call  OUTSTR
36D5  2AA478   *.x                 ld    hl,(0x78A4)
36D8  E5       .                   push  hl
36D9  213978   !9x                 ld    hl,0x7839
36DC  CB76     .v                  bit   6,(hl)
36DE  2003      .                  jr    nz,$+5
36E0  C3E81A   ...                 jp    0x1AE8
36E3  213978   !9x                 ld    hl,0x7839
36E6  CBB6     ..                  res   6,(hl)
36E8  D1       .                   pop   de
36E9  CDFC1A   ...                 call  0x1AFC
36EC  CDB579   ..y                 call  0x79B5
36EF  CD5D1B   .].                 call  0x1B5D
36F2  CDB879   ..y                 call  0x79B8
36F5  21FFFF   !..                 ld    hl,0xFFFF
36F8  22A278   ".x                 ld    (0x78A2),hl
36FB  21E879   !.y                 ld    hl,0x79E8
36FE  117005   .p.                 ld    de,0x0570
3701  1A       .                   ld    a,(de)
3702  77       w                   ld    (hl),a
3703  B7       .                   or    a
3704  2804     (.                  jr    z,$+6
3706  23       #                   inc   hl
3707  13       .                   inc   de
3708  18F7     ..                  jr    $-7
370A  21E779   !.y                 ld    hl,0x79E7
370D  AF       .                   xor   a
370E  C3811A   ...                 jp    0x1A81
3711  214A38   !J8                 ld    hl,0x384A
3714  FB       .                   ei    
3715  CDA728   ..(                 call  OUTSTR
3718  F3       .                   di    
3719  3A4C78   :Lx                 ld    a,(0x784C)
371C  B7       .                   or    a
371D  C26736   .g6                 jp    nz,0x3667
3720  21FF71   !.q                 ld    hl,0x71FF
3723  222078   " x                 ld    (0x7820),hl
3726  3E1F     >.                  ld    a,0x1F
3728  32A678   2.x                 ld    (0x78A6),a
372B  C36736   .g6                 jp    0x3667
372E  E5       .                   push  hl
372F  213978   !9x                 ld    hl,0x7839
3732  CBF6     ..                  set   6,(hl)
3734  E1       .                   pop   hl
3735  C35F36   ._6                 jp    0x365F
3738  E5       .                   push  hl
3739  213978   !9x                 ld    hl,0x7839
373C  CBDE     ..                  set   3,(hl)
373E  E1       .                   pop   hl
373F  C35F36   ._6                 jp    0x365F
3742  EB       .                   ex    de,hl
3743  CD7537   .u7                 call  0x3775
3746  BE       .                   cp    (hl)
3747  2809     (.                  jr    z,$+11
3749  216C37   !l7                 ld    hl,0x376C
374C  CDA728   ..(                 call  OUTSTR
374F  C38301   ...                 jp    0x0183
3752  23       #                   inc   hl
3753  0B       .                   dec   bc
3754  79       y                   ld    a,c
3755  B0       .                   or    b
3756  20EB      .                  jr    nz,$-19
3758  213978   !9x                 ld    hl,0x7839
375B  CB9E     ..                  res   3,(hl)
375D  216C37   !l7                 ld    hl,0x376C
3760  CDA728   ..(                 call  OUTSTR
3763  218003   !..                 ld    hl,0x0380
3766  CDA728   ..(                 call  OUTSTR
3769  C3CF36   ..6                 jp    0x36CF
376C  0D       .                   dec   c
376D  56       V                   ld    d,(hl)
376E  45       E                   ld    b,l
376F  52       R                   ld    d,d
3770  49       I                   ld    c,c
3771  46       F                   ld    b,(hl)
3772  59       Y                   ld    e,c
3773  2000      .                  jr    nz,$+2
3775  C5       .                   push  bc
3776  D5       .                   push  de
3777  0608     ..                  ld    b,0x08
3779  CD8F37   ..7                 call  0x378F
377C  380E     8.                  jr    c,$+16
377E  10F9     ..                  djnz  $-5
3780  D1       .                   pop   de
3781  C1       .                   pop   bc
3782  32D37A   2.z                 ld    (0x7AD3),a
3785  CDF83A   ..:                 call  0x3AF8
3788  3AD37A   :.z                 ld    a,(0x7AD3)
378B  C9       .                   ret   
378C  D1       .                   pop   de
378D  C1       .                   pop   bc
378E  C9       .                   ret   
378F  C5       .                   push  bc
3790  01FF07   ...                 ld    bc,0x07FF
3793  3A0068   :.h                 ld    a,(0x6800)
3796  CB77     .w                  bit   6,a
3798  2808     (.                  jr    z,$+10
379A  0B       .                   dec   bc
379B  79       y                   ld    a,c
379C  B0       .                   or    b
379D  20F4      .                  jr    nz,$-10
379F  C1       .                   pop   bc
37A0  37       7                   scf   
37A1  C9       .                   ret   
37A2  3A0068   :.h                 ld    a,(0x6800)
37A5  CB77     .w                  bit   6,a
37A7  20EA      .                  jr    nz,$-20
37A9  3A0068   :.h                 ld    a,(0x6800)
37AC  CB77     .w                  bit   6,a
37AE  20E3      .                  jr    nz,$-27
37B0  0652     .R                  ld    b,0x52
37B2  10FE     ..                  djnz  $+0
37B4  3A0068   :.h                 ld    a,(0x6800)
37B7  CB77     .w                  bit   6,a
37B9  2009      .                  jr    nz,$+11
37BB  3A0068   :.h                 ld    a,(0x6800)
37BE  CB77     .w                  bit   6,a
37C0  28F9     (.                  jr    z,$-5
37C2  18CC     ..                  jr    $-50
37C4  065A     .Z                  ld    b,0x5A
37C6  0E00     ..                  ld    c,0x00
37C8  3A0068   :.h                 ld    a,(0x6800)
37CB  CB77     .w                  bit   6,a
37CD  280B     (.                  jr    z,$+13
37CF  10F7     ..                  djnz  $-7
37D1  79       y                   ld    a,c
37D2  3D       =                   dec   a
37D3  1F       .                   rra   
37D4  CB12     ..                  rl    d
37D6  C1       .                   pop   bc
37D7  7A       z                   ld    a,d
37D8  B7       .                   or    a
37D9  C9       .                   ret   
37DA  3A0068   :.h                 ld    a,(0x6800)
37DD  CB77     .w                  bit   6,a
37DF  20EE      .                  jr    nz,$-16
37E1  3A0068   :.h                 ld    a,(0x6800)
37E4  CB77     .w                  bit   6,a
37E6  20E7      .                  jr    nz,$-23
37E8  0C       .                   inc   c
37E9  3A0068   :.h                 ld    a,(0x6800)
37EC  CB77     .w                  bit   6,a
37EE  20DF      .                  jr    nz,$-31
37F0  10F7     ..                  djnz  $-7
37F2  18DD     ..                  jr    $-33
37F4  3A4C78   :Lx                 ld    a,(0x784C)
37F7  B7       .                   or    a
37F8  C0       .                   ret   nz
37F9  11E071   ..q                 ld    de,0x71E0
37FC  0620     .                   ld    b,0x20
37FE  CDF63E   ..>                 call  0x3EF6
3801  13       .                   inc   de
3802  10FA     ..                  djnz  $-4
3804  3A4C78   :Lx                 ld    a,(0x784C)
3807  B7       .                   or    a
3808  C0       .                   ret   nz
3809  CD0E3F   ..?                 call  0x3F0E
380C  7E       ~                   ld    a,(hl)
380D  B7       .                   or    a
380E  C8       .                   ret   z
380F  12       .                   ld    (de),a
3810  13       .                   inc   de
3811  23       #                   inc   hl
3812  18F8     ..                  jr    $-6
3814  3A4C78   :Lx                 ld    a,(0x784C)
3817  B7       .                   or    a
3818  C0       .                   ret   nz
3819  11E971   ..q                 ld    de,0x71E9
381C  E5       .                   push  hl
381D  3AD27A   :.z                 ld    a,(0x7AD2)
3820  E60F     ..                  and   0x0F
3822  213F38   !?8                 ld    hl,0x383F
3825  85       .                   add   a,l
3826  6F       o                   ld    l,a
3827  3E00     >.                  ld    a,0x00
3829  8C       .                   adc   a,h
382A  67       g                   ld    h,a
382B  CD213F   .!?                 call  0x3F21
382E  00       .                   nop   
382F  00       .                   nop   
3830  12       .                   ld    (de),a
3831  13       .                   inc   de
3832  13       .                   inc   de
3833  E1       .                   pop   hl
3834  7E       ~                   ld    a,(hl)
3835  B7       .                   or    a
3836  C8       .                   ret   z
3837  CD333F   .3?                 call  0x3F33
383A  13       .                   inc   de
383B  23       #                   inc   hl
383C  18F6     ..                  jr    $-8
383E  C9       .                   ret   
383F  14       .                   inc   d
3840  02       .                   ld    (bc),a
3841  04       .                   inc   b
3842  57       W                   ld    d,a
3843  41       A                   ld    b,c
3844  49       I                   ld    c,c
3845  54       T                   ld    d,h
3846  49       I                   ld    c,c
3847  4E       N                   ld    c,(hl)
3848  47       G                   ld    b,a
3849  00       .                   nop   
384A  0D       .                   dec   c
384B  4C       L                   ld    c,h
384C  4F       O                   ld    c,a
384D  41       A                   ld    b,c
384E  44       D                   ld    b,h
384F  49       I                   ld    c,c
3850  4E       N                   ld    c,(hl)
3851  47       G                   ld    b,a
3852  2045      E                  jr    nz,$+71
3854  52       R                   ld    d,d
3855  52       R                   ld    d,d
3856  4F       O                   ld    c,a
3857  52       R                   ld    d,d
3858  0D       .                   dec   c
3859  00       .                   nop   
385A  46       F                   ld    b,(hl)
385B  4F       O                   ld    c,a
385C  55       U                   ld    d,l
385D  4E       N                   ld    c,(hl)
385E  44       D                   ld    b,h
385F  00       .                   nop   
3860  4C       L                   ld    c,h
3861  4F       O                   ld    c,a
3862  41       A                   ld    b,c
3863  44       D                   ld    b,h
3864  49       I                   ld    c,c
3865  4E       N                   ld    c,(hl)
3866  47       G                   ld    b,a
3867  00       .                   nop   
3868  CD7537   .u7                 call  0x3775
386B  D8       .                   ret   c
386C  5F       _                   ld    e,a
386D  DD7700   .w.                 ld    (ix+0x00),a
3870  AF       .                   xor   a
3871  DD7701   .w.                 ld    (ix+0x01),a
3874  CD7537   .u7                 call  0x3775
3877  D8       .                   ret   c
3878  57       W                   ld    d,a
3879  CD8E38   ..8                 call  0x388E
387C  CD7537   .u7                 call  0x3775
387F  D8       .                   ret   c
3880  6F       o                   ld    l,a
3881  CD8E38   ..8                 call  0x388E
3884  CD7537   .u7                 call  0x3775
3887  D8       .                   ret   c
3888  67       g                   ld    h,a
3889  CD8E38   ..8                 call  0x388E
388C  B7       .                   or    a
388D  C9       .                   ret   
388E  DD8600   ...                 add   a,(ix+0x00)
3891  DD7700   .w.                 ld    (ix+0x00),a
3894  3E00     >.                  ld    a,0x00
3896  DD8E01   ...                 adc   a,(ix+0x01)
3899  DD7701   .w.                 ld    (ix+0x01),a
389C  C9       .                   ret   
389D  7E       ~                   ld    a,(hl)
389E  FE2C     .,                  cp    0x2C
38A0  2820     (                   jr    z,$+34
38A2  CD1C2B   ..+                 call  0x2B1C
38A5  B7       .                   or    a
38A6  CA4A1E   .J.                 jp    z,0x1E4A
38A9  FE09     ..                  cp    0x09
38AB  D24A1E   .J.                 jp    nc,0x1E4A
38AE  3D       =                   dec   a
38AF  E607     ..                  and   0x07
38B1  CB27     .'                  sla   a
38B3  CB27     .'                  sla   a
38B5  CB27     .'                  sla   a
38B7  CB27     .'                  sla   a
38B9  324678   2Fx                 ld    (0x7846),a
38BC  7E       ~                   ld    a,(hl)
38BD  B7       .                   or    a
38BE  C8       .                   ret   z
38BF  FE3A     .:                  cp    0x3A
38C1  C8       .                   ret   z
38C2  CF       .                   rst   8
38C3  2C       ,                   inc   l
38C4  CD1C2B   ..+                 call  0x2B1C
38C7  B7       .                   or    a
38C8  200C      .                  jr    nz,$+14
38CA  3A3B78   :;x                 ld    a,(0x783B)
38CD  CBA7     ..                  res   4,a
38CF  323B78   2;x                 ld    (0x783B),a
38D2  320068   2.h                 ld    (0x6800),a
38D5  C9       .                   ret   
38D6  FE01     ..                  cp    0x01
38D8  C24A1E   .J.                 jp    nz,0x1E4A
38DB  3A3B78   :;x                 ld    a,(0x783B)
38DE  CBE7     ..                  set   4,a
38E0  323B78   2;x                 ld    (0x783B),a
38E3  320068   2.h                 ld    (0x6800),a
38E6  C9       .                   ret   
38E7  0EC0     ..                  ld    c,0xC0
38E9  CB09     ..                  rrc   c
38EB  10FC     ..                  djnz  $-2
38ED  1A       .                   ld    a,(de)
38EE  A1       .                   and   c
38EF  47       G                   ld    b,a
38F0  79       y                   ld    a,c
38F1  CB08     ..                  rrc   b
38F3  CB0F     ..                  rrc   a
38F5  FE03     ..                  cp    0x03
38F7  20F8      .                  jr    nz,$-6
38F9  78       x                   ld    a,b
38FA  3C       <                   inc   a
38FB  E5       .                   push  hl
38FC  CD8D09   ...                 call  0x098D
38FF  E1       .                   pop   hl
3900  C30F39   ..9                 jp    0x390F
3903  47       G                   ld    b,a
3904  1A       .                   ld    a,(de)
3905  A1       .                   and   c
3906  12       .                   ld    (de),a
3907  F1       .                   pop   af
3908  B7       .                   or    a
3909  F20F39   ..9                 jp    p,0x390F
390C  1A       .                   ld    a,(de)
390D  B0       .                   or    b
390E  12       .                   ld    (de),a
390F  CF       .                   rst   8
3910  29       )                   add   hl,hl
3911  C9       .                   ret   
3912  F3       .                   di    
3913  E5       .                   push  hl
3914  3A3B78   :;x                 ld    a,(0x783B)
3917  CB5F     ._                  bit   3,a
3919  C28E39   ..9                 jp    nz,0x398E
391C  210070   !.p                 ld    hl,0x7000
391F  0E10     ..                  ld    c,0x10
3921  0620     .                   ld    b,0x20
3923  7E       ~                   ld    a,(hl)
3924  B7       .                   or    a
3925  F22D39   .-9                 jp    p,0x392D
3928  CD732C   .s,                 call  0x2C73
392B  1816     ..                  jr    $+24
392D  C3443F   .D?                 jp    0x3F44
3930  00       .                   nop   
3931  E63F     .?                  and   0x3F
3933  CD5639   .V9                 call  0x3956
3936  180B     ..                  jr    $+13
3938  E63F     .?                  and   0x3F
393A  CB6F     .o                  bit   5,a
393C  2002      .                  jr    nz,$+4
393E  F640     .@                  or    0x40
3940  CDBA3A   ..:                 call  0x3ABA
3943  23       #                   inc   hl
3944  10DD     ..                  djnz  $-33
3946  3E0D     >.                  ld    a,0x0D
3948  CDBA3A   ..:                 call  0x3ABA
394B  CDF83A   ..:                 call  0x3AF8
394E  0D       .                   dec   c
394F  79       y                   ld    a,c
3950  B7       .                   or    a
3951  20CE      .                  jr    nz,$-48
3953  E1       .                   pop   hl
3954  FB       .                   ei    
3955  C9       .                   ret   
3956  F5       .                   push  af
3957  C5       .                   push  bc
3958  D5       .                   push  de
3959  E5       .                   push  hl
395A  6F       o                   ld    l,a
395B  2600     &.                  ld    h,0x00
395D  3E08     >.                  ld    a,0x08
395F  CDBA3A   ..:                 call  0x3ABA
3962  0604     ..                  ld    b,0x04
3964  E5       .                   push  hl
3965  D1       .                   pop   de
3966  B7       .                   or    a
3967  ED5A     .Z                  adc   hl,de
3969  10FC     ..                  djnz  $-2
396B  E5       .                   push  hl
396C  C1       .                   pop   bc
396D  21943B   !.;                 ld    hl,0x3B94
3970  09       .                   add   hl,bc
3971  3EFF     >.                  ld    a,0xFF
3973  CDBA3A   ..:                 call  0x3ABA
3976  0605     ..                  ld    b,0x05
3978  7E       ~                   ld    a,(hl)
3979  23       #                   inc   hl
397A  CDBA3A   ..:                 call  0x3ABA
397D  10F9     ..                  djnz  $-5
397F  3EFF     >.                  ld    a,0xFF
3981  CDBA3A   ..:                 call  0x3ABA
3984  3E0F     >.                  ld    a,0x0F
3986  CDBA3A   ..:                 call  0x3ABA
3989  E1       .                   pop   hl
398A  D1       .                   pop   de
398B  C1       .                   pop   bc
398C  F1       .                   pop   af
398D  C9       .                   ret   
398E  AF       .                   xor   a
398F  32D67A   2.z                 ld    (0x7AD6),a
3992  32D67A   2.z                 ld    (0x7AD6),a
3995  3E08     >.                  ld    a,0x08
3997  CDBA3A   ..:                 call  0x3ABA
399A  DD21D27A .!.z                ld    ix,0x7AD2
399E  210070   !.p                 ld    hl,0x7000
39A1  110000   ...                 ld    de,START
39A4  0EC0     ..                  ld    c,0xC0
39A6  CDF83A   ..:                 call  0x3AF8
39A9  E5       .                   push  hl
39AA  CDC905   ...                 call  0x05C9
39AD  0603     ..                  ld    b,0x03
39AF  7E       ~                   ld    a,(hl)
39B0  A1       .                   and   c
39B1  C5       .                   push  bc
39B2  47       G                   ld    b,a
39B3  CB08     ..                  rrc   b
39B5  CB08     ..                  rrc   b
39B7  CB09     ..                  rrc   c
39B9  CB09     ..                  rrc   c
39BB  79       y                   ld    a,c
39BC  FE03     ..                  cp    0x03
39BE  C2B339   ..9                 jp    nz,0x39B3
39C1  78       x                   ld    a,b
39C2  C1       .                   pop   bc
39C3  FE03     ..                  cp    0x03
39C5  280D     (.                  jr    z,$+15
39C7  FE02     ..                  cp    0x02
39C9  280E     (.                  jr    z,$+16
39CB  FE01     ..                  cp    0x01
39CD  2810     (.                  jr    z,$+18
39CF  110000   ...                 ld    de,START
39D2  180F     ..                  jr    $+17
39D4  11E0E0   ...                 ld    de,0xE0E0
39D7  180A     ..                  jr    $+12
39D9  1640     .@                  ld    d,0x40
39DB  1EA0     ..                  ld    e,0xA0
39DD  1804     ..                  jr    $+6
39DF  16A0     ..                  ld    d,0xA0
39E1  1E40     .@                  ld    e,0x40
39E3  DD7E00   .~.                 ld    a,(ix+0x00)
39E6  CB3F     .?                  srl   a
39E8  CB3F     .?                  srl   a
39EA  CB3F     .?                  srl   a
39EC  E5       .                   push  hl
39ED  21D37A   !.z                 ld    hl,0x7AD3
39F0  CD6A3A   .j:                 call  0x3A6A
39F3  E1       .                   pop   hl
39F4  B2       .                   or    d
39F5  DD7700   .w.                 ld    (ix+0x00),a
39F8  DD7E02   .~.                 ld    a,(ix+0x02)
39FB  CB3F     .?                  srl   a
39FD  CB3F     .?                  srl   a
39FF  CB3F     .?                  srl   a
3A01  E5       .                   push  hl
3A02  21D57A   !.z                 ld    hl,0x7AD5
3A05  CD6A3A   .j:                 call  0x3A6A
3A08  E1       .                   pop   hl
3A09  B3       .                   or    e
3A0A  DD7702   .w.                 ld    (ix+0x02),a
3A0D  3E20     >                   ld    a,0x20
3A0F  85       .                   add   a,l
3A10  6F       o                   ld    l,a
3A11  3E00     >.                  ld    a,0x00
3A13  8C       .                   adc   a,h
3A14  67       g                   ld    h,a
3A15  1050     .P                  djnz  $+82
3A17  CD733A   .s:                 call  0x3A73
3A1A  E1       .                   pop   hl
3A1B  CB39     .9                  srl   c
3A1D  CB39     .9                  srl   c
3A1F  79       y                   ld    a,c
3A20  B7       .                   or    a
3A21  2083      .                  jr    nz,$-123
3A23  23       #                   inc   hl
3A24  7D       }                   ld    a,l
3A25  E61F     ..                  and   0x1F
3A27  C2A439   ..9                 jp    nz,0x39A4
3A2A  CDE23A   ..:                 call  0x3AE2
3A2D  3AD67A   :.z                 ld    a,(0x7AD6)
3A30  3C       <                   inc   a
3A31  FE03     ..                  cp    0x03
3A33  2001      .                  jr    nz,$+3
3A35  AF       .                   xor   a
3A36  32D67A   2.z                 ld    (0x7AD6),a
3A39  2004      .                  jr    nz,$+6
3A3B  3E40     >@                  ld    a,0x40
3A3D  1802     ..                  jr    $+4
3A3F  3E20     >                   ld    a,0x20
3A41  85       .                   add   a,l
3A42  6F       o                   ld    l,a
3A43  3E00     >.                  ld    a,0x00
3A45  8C       .                   adc   a,h
3A46  67       g                   ld    h,a
3A47  FE78     .x                  cp    0x78
3A49  D25F3A   ._:                 jp    nc,0x3A5F
3A4C  FE77     .w                  cp    0x77
3A4E  C2A439   ..9                 jp    nz,0x39A4
3A51  7D       }                   ld    a,l
3A52  FEE0     ..                  cp    0xE0
3A54  DAA439   ..9                 jp    c,0x39A4
3A57  3EFF     >.                  ld    a,0xFF
3A59  32D67A   2.z                 ld    (0x7AD6),a
3A5C  C3A439   ..9                 jp    0x39A4
3A5F  3E0F     >.                  ld    a,0x0F
3A61  CDBA3A   ..:                 call  0x3ABA
3A64  E1       .                   pop   hl
3A65  FB       .                   ei    
3A66  C9       .                   ret   
3A67  C3AF39   ..9                 jp    0x39AF
3A6A  D2703A   .p:                 jp    nc,0x3A70
3A6D  CBC6     ..                  set   0,(hl)
3A6F  C9       .                   ret   
3A70  CB86     ..                  res   0,(hl)
3A72  C9       .                   ret   
3A73  CD853A   ..:                 call  0x3A85
3A76  DD23     .#                  inc   ix
3A78  DD23     .#                  inc   ix
3A7A  CD853A   ..:                 call  0x3A85
3A7D  DD2B     .+                  dec   ix
3A7F  DD2B     .+                  dec   ix
3A81  CD853A   ..:                 call  0x3A85
3A84  C9       .                   ret   
3A85  DD7E01   .~.                 ld    a,(ix+0x01)
3A88  CB0F     ..                  rrc   a
3A8A  DD7E00   .~.                 ld    a,(ix+0x00)
3A8D  F5       .                   push  af
3A8E  3AD67A   :.z                 ld    a,(0x7AD6)
3A91  FE02     ..                  cp    0x02
3A93  281D     (.                  jr    z,$+31
3A95  FE01     ..                  cp    0x01
3A97  2816     (.                  jr    z,$+24
3A99  F1       .                   pop   af
3A9A  17       .                   rla   
3A9B  F5       .                   push  af
3A9C  3AD67A   :.z                 ld    a,(0x7AD6)
3A9F  FEFF     ..                  cp    0xFF
3AA1  2005      .                  jr    nz,$+7
3AA3  F1       .                   pop   af
3AA4  E607     ..                  and   0x07
3AA6  1801     ..                  jr    $+3
3AA8  F1       .                   pop   af
3AA9  F680     ..                  or    0x80
3AAB  CDBA3A   ..:                 call  0x3ABA
3AAE  C9       .                   ret   
3AAF  F1       .                   pop   af
3AB0  18E9     ..                  jr    $-21
3AB2  F1       .                   pop   af
3AB3  1F       .                   rra   
3AB4  18E5     ..                  jr    $-25
3AB6  B7       .                   or    a
3AB7  FAD83A   ..:                 jp    m,0x3AD8
3ABA  F5       .                   push  af
3ABB  CDE83A   ..:                 call  0x3AE8
3ABE  D2C43A   ..:                 jp    nc,0x3AC4
3AC1  F1       .                   pop   af
3AC2  37       7                   scf   
3AC3  C9       .                   ret   
3AC4  DB00     ..                  in    a,(0x00)
3AC6  CB47     .G                  bit   0,a
3AC8  20F1      .                  jr    nz,$-13
3ACA  F1       .                   pop   af
3ACB  D30E     ..                  out   (0x0E),a
3ACD  D30D     ..                  out   (0x0D),a
3ACF  FE0D     ..                  cp    0x0D
3AD1  37       7                   scf   
3AD2  3F       ?                   ccf   
3AD3  C0       .                   ret   nz
3AD4  3E0A     >.                  ld    a,0x0A
3AD6  18E2     ..                  jr    $-28
3AD8  CB77     .w                  bit   6,a
3ADA  CA732C   .s,                 jp    z,0x2C73
3ADD  E63F     .?                  and   0x3F
3ADF  C35639   .V9                 jp    0x3956
3AE2  3E0D     >.                  ld    a,0x0D
3AE4  CDBA3A   ..:                 call  0x3ABA
3AE7  C9       .                   ret   
3AE8  B7       .                   or    a
3AE9  3AFD68   :.h                 ld    a,(0x68FD)
3AEC  CB57     .W                  bit   2,a
3AEE  C0       .                   ret   nz
3AEF  3ADF68   :.h                 ld    a,(0x68DF)
3AF2  37       7                   scf   
3AF3  CB57     .W                  bit   2,a
3AF5  C8       .                   ret   z
3AF6  3F       ?                   ccf   
3AF7  C9       .                   ret   
3AF8  CDE83A   ..:                 call  0x3AE8
3AFB  D0       .                   ret   nc
3AFC  E1       .                   pop   hl
3AFD  E1       .                   pop   hl
3AFE  3A3978   :9x                 ld    a,(0x7839)
3B01  E6B7     ..                  and   0xB7
3B03  323978   29x                 ld    (0x7839),a
3B06  3E01     >.                  ld    a,0x01
3B08  FB       .                   ei    
3B09  C3A01D   ...                 jp    0x1DA0
3B0C  3A9C78   :.x                 ld    a,(0x789C)
3B0F  B7       .                   or    a
3B10  C26421   .d!                 jp    nz,0x2164
3B13  3AAF7A   :.z                 ld    a,(0x7AAF)
3B16  B7       .                   or    a
3B17  20FA      .                  jr    nz,$-4
3B19  C36421   .d!                 jp    0x2164
3B1C  3AAF7A   :.z                 ld    a,(0x7AAF)
3B1F  B7       .                   or    a
3B20  C0       .                   ret   nz
3B21  3AA678   :.x                 ld    a,(0x78A6)
3B24  C9       .                   ret   
3B25  21EF68   !.h                 ld    hl,0x68EF
3B28  CB66     .f                  bit   4,(hl)
3B2A  2018      .                  jr    nz,$+26
3B2C  CD483B   .H;                 call  0x3B48
3B2F  CB66     .f                  bit   4,(hl)
3B31  28FC     (.                  jr    z,$-2
3B33  CD483B   .H;                 call  0x3B48
3B36  CDF83A   ..:                 call  0x3AF8
3B39  CB66     .f                  bit   4,(hl)
3B3B  20F9      .                  jr    nz,$-5
3B3D  CD483B   .H;                 call  0x3B48
3B40  CB66     .f                  bit   4,(hl)
3B42  28FC     (.                  jr    z,$-2
3B44  21FFFF   !..                 ld    hl,0xFFFF
3B47  C9       .                   ret   
3B48  21FF07   !..                 ld    hl,0x07FF
3B4B  2B       +                   dec   hl
3B4C  7D       }                   ld    a,l
3B4D  B4       .                   or    h
3B4E  20FB      .                  jr    nz,$-3
3B50  21EF68   !.h                 ld    hl,0x68EF
3B53  C9       .                   ret   
3B54  CD1135   ..5                 call  0x3511
3B57  C9       .                   ret   
3B58  F3       .                   di    
3B59  23       #                   inc   hl
3B5A  0EF2     ..                  ld    c,0xF2
3B5C  CD5835   .X5                 call  0x3558
3B5F  DAFE3A   ..:                 jp    c,0x3AFE
3B62  2B       +                   dec   hl
3B63  CF       .                   rst   8
3B64  22CF2C   ".,                 ld    (0x2CCF),hl
3B67  C9       .                   ret   
3B68  F3       .                   di    
3B69  23       #                   inc   hl
3B6A  CD8C35   ..5                 call  0x358C
3B6D  2B       +                   dec   hl
3B6E  CF       .                   rst   8
3B6F  22CF2C   ".,                 ld    (0x2CCF),hl
3B72  E5       .                   push  hl
3B73  CDB135   ..5                 call  0x35B1
3B76  214238   !B8                 ld    hl,0x3842
3B79  CDF437   ..7                 call  0x37F4
3B7C  CDE735   ..5                 call  0x35E7
3B7F  3AD27A   :.z                 ld    a,(0x7AD2)
3B82  FEF2     ..                  cp    0xF2
3B84  20F6      .                  jr    nz,$-8
3B86  E1       .                   pop   hl
3B87  C9       .                   ret   
3B88  CD7537   .u7                 call  0x3775
3B8B  FE0D     ..                  cp    0x0D
3B8D  C0       .                   ret   nz
3B8E  F5       .                   push  af
3B8F  CDF920   ..                  call  0x20F9
3B92  F1       .                   pop   af
3B93  C9       .                   ret   
3B94  C1       .                   pop   bc
3B95  BE       .                   cp    (hl)
3B96  A2       .                   and   d
3B97  AE       .                   xor   (hl)
3B98  B1       .                   or    c
3B99  83       .                   add   a,e
3B9A  ED       .                   DEFB  0xED ; *** ORPHAN ***
3B9B  EEED     ..                  xor   0xED
3B9D  83       .                   add   a,e
3B9E  80       .                   add   a,b
3B9F  B6       .                   or    (hl)
3BA0  B6       .                   or    (hl)
3BA1  B6       .                   or    (hl)
3BA2  C1       .                   pop   bc
3BA3  C1       .                   pop   bc
3BA4  BE       .                   cp    (hl)
3BA5  BE       .                   cp    (hl)
3BA6  BE       .                   cp    (hl)
3BA7  DD80BE   ...                 defb  0x00DD,0x0080,0x00BE
3BAA  BE       .                   cp    (hl)
3BAB  BE       .                   cp    (hl)
3BAC  C1       .                   pop   bc
3BAD  80       .                   add   a,b
3BAE  B6       .                   or    (hl)
3BAF  B6       .                   or    (hl)
3BB0  B6       .                   or    (hl)
3BB1  BE       .                   cp    (hl)
3BB2  80       .                   add   a,b
3BB3  F6F6     ..                  or    0xF6
3BB5  F6FE     ..                  or    0xFE
3BB7  C1       .                   pop   bc
3BB8  BE       .                   cp    (hl)
3BB9  BE       .                   cp    (hl)
3BBA  AE       .                   xor   (hl)
3BBB  8C       .                   adc   a,h
3BBC  80       .                   add   a,b
3BBD  F7       .                   rst   0x30
3BBE  F7       .                   rst   0x30
3BBF  F7       .                   rst   0x30
3BC0  80       .                   add   a,b
3BC1  FF       .                   rst   0x38
3BC2  BE       .                   cp    (hl)
3BC3  80       .                   add   a,b
3BC4  BE       .                   cp    (hl)
3BC5  FF       .                   rst   0x38
3BC6  DF       .                   rst   0x18
3BC7  BF       .                   cp    a
3BC8  BF       .                   cp    a
3BC9  C0       .                   ret   nz
3BCA  FE80     ..                  cp    0x80
3BCC  F7       .                   rst   0x30
3BCD  EB       .                   ex    de,hl
3BCE  DDBE80   ...                 cp    (ix-0x80)
3BD1  BF       .                   cp    a
3BD2  BF       .                   cp    a
3BD3  BF       .                   cp    a
3BD4  BF       .                   cp    a
3BD5  80       .                   add   a,b
3BD6  FDF3FD   ...                 defb  0x00FD,0x00F3,0x00FD
3BD9  80       .                   add   a,b
3BDA  80       .                   add   a,b
3BDB  FDFBF7   ...                 defb  0x00FD,0x00FB,0x00F7
3BDE  80       .                   add   a,b
3BDF  C1       .                   pop   bc
3BE0  BE       .                   cp    (hl)
3BE1  BE       .                   cp    (hl)
3BE2  BE       .                   cp    (hl)
3BE3  C1       .                   pop   bc
3BE4  80       .                   add   a,b
3BE5  F6F6     ..                  or    0xF6
3BE7  F6F9     ..                  or    0xF9
3BE9  C1       .                   pop   bc
3BEA  BE       .                   cp    (hl)
3BEB  AE       .                   xor   (hl)
3BEC  DEA1     ..                  sbc   a,0xA1
3BEE  80       .                   add   a,b
3BEF  F6E6     ..                  or    0xE6
3BF1  D6B9     ..                  sub   0xB9
3BF3  D9       .                   exx   
3BF4  B6       .                   or    (hl)
3BF5  B6       .                   or    (hl)
3BF6  B6       .                   or    (hl)
3BF7  CDFEFE   ...                 call  0xFEFE
3BFA  80       .                   add   a,b
3BFB  FEFE     ..                  cp    0xFE
3BFD  C0       .                   ret   nz
3BFE  BF       .                   cp    a
3BFF  BF       .                   cp    a
3C00  BF       .                   cp    a
3C01  C0       .                   ret   nz
3C02  F8       .                   ret   m
3C03  E7       .                   rst   0x20
3C04  9F       .                   sbc   a,a
3C05  E7       .                   rst   0x20
3C06  F8       .                   ret   m
3C07  80       .                   add   a,b
3C08  DF       .                   rst   0x18
3C09  E7       .                   rst   0x20
3C0A  DF       .                   rst   0x18
3C0B  80       .                   add   a,b
3C0C  9C       .                   sbc   a,h
3C0D  ED       .                   DEFB  0xED ; *** ORPHAN ***
3C0E  F7       .                   rst   0x30
3C0F  EB       .                   ex    de,hl
3C10  9C       .                   sbc   a,h
3C11  FCFB87   ...                 call  m,0x87FB
3C14  FB       .                   ei    
3C15  FC9EAE   ...                 call  m,0xAE9E
3C18  B6       .                   or    (hl)
3C19  BA       .                   cp    d
3C1A  BC       .                   cp    h
3C1B  FF       .                   rst   0x38
3C1C  80       .                   add   a,b
3C1D  BE       .                   cp    (hl)
3C1E  BE       .                   cp    (hl)
3C1F  FF       .                   rst   0x38
3C20  FDFBF7   ...                 defb  0x00FD,0x00FB,0x00F7
3C23  EF       .                   rst   0x28
3C24  DF       .                   rst   0x18
3C25  FF       .                   rst   0x38
3C26  BE       .                   cp    (hl)
3C27  BE       .                   cp    (hl)
3C28  80       .                   add   a,b
3C29  FF       .                   rst   0x38
3C2A  FB       .                   ei    
3C2B  FD80FD   ...                 defb  0x00FD,0x0080,0x00FD
3C2E  FB       .                   ei    
3C2F  F7       .                   rst   0x30
3C30  E3       .                   ex    (sp),hl
3C31  D6F7     ..                  sub   0xF7
3C33  F7       .                   rst   0x30
3C34  FF       .                   rst   0x38
3C35  FF       .                   rst   0x38
3C36  FF       .                   rst   0x38
3C37  FF       .                   rst   0x38
3C38  FF       .                   rst   0x38
3C39  FF       .                   rst   0x38
3C3A  FF       .                   rst   0x38
3C3B  A0       .                   and   b
3C3C  FF       .                   rst   0x38
3C3D  FF       .                   rst   0x38
3C3E  FF       .                   rst   0x38
3C3F  F8       .                   ret   m
3C40  FF       .                   rst   0x38
3C41  F8       .                   ret   m
3C42  FF       .                   rst   0x38
3C43  EB       .                   ex    de,hl
3C44  80       .                   add   a,b
3C45  EB       .                   ex    de,hl
3C46  80       .                   add   a,b
3C47  ED       .                   DEFB  0xED ; *** ORPHAN ***
3C48  DBD6     ..                  in    a,(0xD6)
3C4A  80       .                   add   a,b
3C4B  D6ED     ..                  sub   0xED
3C4D  D9       .                   exx   
3C4E  E9       .                   jp    (hl)
3C4F  F7       .                   rst   0x30
3C50  CBCD     ..                  set   1,l
3C52  C9       .                   ret   
3C53  D6A9     ..                  sub   0xA9
3C55  DF       .                   rst   0x18
3C56  AF       .                   xor   a
3C57  F7       .                   rst   0x30
3C58  F8       .                   ret   m
3C59  FCFFFF   ...                 call  m,0xFFFF
3C5C  FF       .                   rst   0x38
3C5D  E3       .                   ex    (sp),hl
3C5E  DDBEFF   ...                 cp    (ix-0x01)
3C61  FF       .                   rst   0x38
3C62  BE       .                   cp    (hl)
3C63  DDE3     ..                  ex    (sp),ix
3C65  FF       .                   rst   0x38
3C66  D6E3     ..                  sub   0xE3
3C68  80       .                   add   a,b
3C69  E3       .                   ex    (sp),hl
3C6A  D5       .                   push  de
3C6B  F7       .                   rst   0x30
3C6C  F7       .                   rst   0x30
3C6D  C1       .                   pop   bc
3C6E  F7       .                   rst   0x30
3C6F  F7       .                   rst   0x30
3C70  DF       .                   rst   0x18
3C71  C7       .                   rst   0
3C72  F7       .                   rst   0x30
3C73  FF       .                   rst   0x38
3C74  FF       .                   rst   0x38
3C75  F7       .                   rst   0x30
3C76  F7       .                   rst   0x30
3C77  F7       .                   rst   0x30
3C78  F7       .                   rst   0x30
3C79  F7       .                   rst   0x30
3C7A  FF       .                   rst   0x38
3C7B  9F       .                   sbc   a,a
3C7C  9F       .                   sbc   a,a
3C7D  FF       .                   rst   0x38
3C7E  FF       .                   rst   0x38
3C7F  DF       .                   rst   0x18
3C80  EF       .                   rst   0x28
3C81  F7       .                   rst   0x30
3C82  FB       .                   ei    
3C83  FDC1AE   ...                 defb  0x00FD,0x00C1,0x00AE
3C86  B6       .                   or    (hl)
3C87  BA       .                   cp    d
3C88  C1       .                   pop   bc
3C89  FF       .                   rst   0x38
3C8A  BD       .                   cp    l
3C8B  80       .                   add   a,b
3C8C  BF       .                   cp    a
3C8D  FF       .                   rst   0x38
3C8E  9D       .                   sbc   a,l
3C8F  AE       .                   xor   (hl)
3C90  B6       .                   or    (hl)
3C91  BA       .                   cp    d
3C92  BD       .                   cp    l
3C93  DDBBBB   ...                 defb  0x00DD,0x00BB,0x00BB
3C96  BB       .                   cp    e
3C97  C9       .                   ret   
3C98  E7       .                   rst   0x20
3C99  EB       .                   ex    de,hl
3C9A  ED       .                   DEFB  0xED ; *** ORPHAN ***
3C9B  80       .                   add   a,b
3C9C  EF       .                   rst   0x28
3C9D  D8       .                   ret   c
3C9E  BA       .                   cp    d
3C9F  DADAC6   ...                 jp    c,0xC6DA
3CA2  C1       .                   pop   bc
3CA3  B6       .                   or    (hl)
3CA4  B6       .                   or    (hl)
3CA5  B6       .                   or    (hl)
3CA6  CF       .                   rst   8
3CA7  FCFE86   ...                 call  m,0x86FE
3CAA  FAFCC9   ...                 jp    m,0xC9FC
3CAD  B6       .                   or    (hl)
3CAE  B6       .                   or    (hl)
3CAF  B6       .                   or    (hl)
3CB0  C9       .                   ret   
3CB1  F9       .                   ld    sp,hl
3CB2  B6       .                   or    (hl)
3CB3  B6       .                   or    (hl)
3CB4  B6       .                   or    (hl)
3CB5  C1       .                   pop   bc
3CB6  FF       .                   rst   0x38
3CB7  C9       .                   ret   
3CB8  C9       .                   ret   
3CB9  FF       .                   rst   0x38
3CBA  FF       .                   rst   0x38
3CBB  BF       .                   cp    a
3CBC  C4E4FF   ...                 call  nz,0xFFE4
3CBF  FF       .                   rst   0x38
3CC0  F7       .                   rst   0x30
3CC1  EB       .                   ex    de,hl
3CC2  DDDEDE   ...                 defb  0x00DD,0x00DE,0x00DE
3CC5  EB       .                   ex    de,hl
3CC6  EB       .                   ex    de,hl
3CC7  EB       .                   ex    de,hl
3CC8  EB       .                   ex    de,hl
3CC9  EB       .                   ex    de,hl
3CCA  DEDE     ..                  sbc   a,0xDE
3CCC  DDEBF7   ...                 defb  0x00DD,0x00EB,0x00F7
3CCF  FDFEA6   ...                 defb  0x00FD,0x00FE,0x00A6
3CD2  FAFDCB   ...                 jp    m,0xCBFD
3CD5  3B       ;                   dec   sp
3CD6  1C       .                   inc   e
3CD7  7E       ~                   ld    a,(hl)
3CD8  23       #                   inc   hl
3CD9  B7       .                   or    a
3CDA  F2D73C   ..<                 jp    p,0x3CD7
3CDD  1D       .                   dec   e
3CDE  20F7      .                  jr    nz,$-7
3CE0  E67F     ..                  and   0x7F
3CE2  CD2A03   .*.                 call  0x032A
3CE5  7E       ~                   ld    a,(hl)
3CE6  23       #                   inc   hl
3CE7  B7       .                   or    a
3CE8  F2E23C   ..<                 jp    p,0x3CE2
3CEB  C9       .                   ret   
3CEC  CE45     .E                  adc   a,0x45
3CEE  58       X                   ld    e,b
3CEF  54       T                   ld    d,h
3CF0  2057      W                  jr    nz,$+89
3CF2  49       I                   ld    c,c
3CF3  54       T                   ld    d,h
3CF4  48       H                   ld    c,b
3CF5  4F       O                   ld    c,a
3CF6  55       U                   ld    d,l
3CF7  54       T                   ld    d,h
3CF8  2046      F                  jr    nz,$+72
3CFA  4F       O                   ld    c,a
3CFB  52       R                   ld    d,d
3CFC  D359     .Y                  out   (0x59),a
3CFE  4E       N                   ld    c,(hl)
3CFF  54       T                   ld    d,h
3D00  41       A                   ld    b,c
3D01  58       X                   ld    e,b
3D02  D24554   .ET                 jp    nc,0x5445
3D05  27       '                   daa   
3D06  4E       N                   ld    c,(hl)
3D07  2057      W                  jr    nz,$+89
3D09  49       I                   ld    c,c
3D0A  54       T                   ld    d,h
3D0B  48       H                   ld    c,b
3D0C  4F       O                   ld    c,a
3D0D  55       U                   ld    d,l
3D0E  54       T                   ld    d,h
3D0F  2047      G                  jr    nz,$+73
3D11  4F       O                   ld    c,a
3D12  53       S                   ld    d,e
3D13  55       U                   ld    d,l
3D14  42       B                   ld    b,d
3D15  CF       .                   rst   8
3D16  55       U                   ld    d,l
3D17  54       T                   ld    d,h
3D18  204F      O                  jr    nz,$+81
3D1A  46       F                   ld    b,(hl)
3D1B  2044      D                  jr    nz,$+70
3D1D  41       A                   ld    b,c
3D1E  54       T                   ld    d,h
3D1F  41       A                   ld    b,c
3D20  C655     .U                  add   a,0x55
3D22  4E       N                   ld    c,(hl)
3D23  43       C                   ld    b,e
3D24  54       T                   ld    d,h
3D25  49       I                   ld    c,c
3D26  4F       O                   ld    c,a
3D27  4E       N                   ld    c,(hl)
3D28  2043      C                  jr    nz,$+69
3D2A  4F       O                   ld    c,a
3D2B  44       D                   ld    b,h
3D2C  45       E                   ld    b,l
3D2D  CF       .                   rst   8
3D2E  56       V                   ld    d,(hl)
3D2F  45       E                   ld    b,l
3D30  52       R                   ld    d,d
3D31  46       F                   ld    b,(hl)
3D32  4C       L                   ld    c,h
3D33  4F       O                   ld    c,a
3D34  57       W                   ld    d,a
3D35  CF       .                   rst   8
3D36  55       U                   ld    d,l
3D37  54       T                   ld    d,h
3D38  204F      O                  jr    nz,$+81
3D3A  46       F                   ld    b,(hl)
3D3B  204D      M                  jr    nz,$+79
3D3D  45       E                   ld    b,l
3D3E  4D       M                   ld    c,l
3D3F  4F       O                   ld    c,a
3D40  52       R                   ld    d,d
3D41  59       Y                   ld    e,c
3D42  D5       .                   push  de
3D43  4E       N                   ld    c,(hl)
3D44  44       D                   ld    b,h
3D45  45       E                   ld    b,l
3D46  46       F                   ld    b,(hl)
3D47  27       '                   daa   
3D48  44       D                   ld    b,h
3D49  2053      S                  jr    nz,$+85
3D4B  54       T                   ld    d,h
3D4C  41       A                   ld    b,c
3D4D  54       T                   ld    d,h
3D4E  45       E                   ld    b,l
3D4F  4D       M                   ld    c,l
3D50  45       E                   ld    b,l
3D51  4E       N                   ld    c,(hl)
3D52  54       T                   ld    d,h
3D53  C24144   .AD                 jp    nz,0x4441
3D56  2053      S                  jr    nz,$+85
3D58  55       U                   ld    d,l
3D59  42       B                   ld    b,d
3D5A  53       S                   ld    d,e
3D5B  43       C                   ld    b,e
3D5C  52       R                   ld    d,d
3D5D  49       I                   ld    c,c
3D5E  50       P                   ld    d,b
3D5F  54       T                   ld    d,h
3D60  D24544   .ED                 jp    nc,0x4445
3D63  49       I                   ld    c,c
3D64  4D       M                   ld    c,l
3D65  27       '                   daa   
3D66  44       D                   ld    b,h
3D67  2041      A                  jr    nz,$+67
3D69  52       R                   ld    d,d
3D6A  52       R                   ld    d,d
3D6B  41       A                   ld    b,c
3D6C  59       Y                   ld    e,c
3D6D  C44956   .IV                 call  nz,0x5649
3D70  49       I                   ld    c,c
3D71  53       S                   ld    d,e
3D72  49       I                   ld    c,c
3D73  4F       O                   ld    c,a
3D74  4E       N                   ld    c,(hl)
3D75  2042      B                  jr    nz,$+68
3D77  59       Y                   ld    e,c
3D78  205A      Z                  jr    nz,$+92
3D7A  45       E                   ld    b,l
3D7B  52       R                   ld    d,d
3D7C  4F       O                   ld    c,a
3D7D  C9       .                   ret   
3D7E  4C       L                   ld    c,h
3D7F  4C       L                   ld    c,h
3D80  45       E                   ld    b,l
3D81  47       G                   ld    b,a
3D82  41       A                   ld    b,c
3D83  4C       L                   ld    c,h
3D84  2044      D                  jr    nz,$+70
3D86  49       I                   ld    c,c
3D87  52       R                   ld    d,d
3D88  45       E                   ld    b,l
3D89  43       C                   ld    b,e
3D8A  54       T                   ld    d,h
3D8B  D45950   .YP                 call  nc,0x5059
3D8E  45       E                   ld    b,l
3D8F  204D      M                  jr    nz,$+79
3D91  49       I                   ld    c,c
3D92  53       S                   ld    d,e
3D93  4D       M                   ld    c,l
3D94  41       A                   ld    b,c
3D95  54       T                   ld    d,h
3D96  43       C                   ld    b,e
3D97  48       H                   ld    c,b
3D98  CF       .                   rst   8
3D99  55       U                   ld    d,l
3D9A  54       T                   ld    d,h
3D9B  204F      O                  jr    nz,$+81
3D9D  46       F                   ld    b,(hl)
3D9E  2053      S                  jr    nz,$+85
3DA0  50       P                   ld    d,b
3DA1  41       A                   ld    b,c
3DA2  43       C                   ld    b,e
3DA3  45       E                   ld    b,l
3DA4  D354     .T                  out   (0x54),a
3DA6  52       R                   ld    d,d
3DA7  49       I                   ld    c,c
3DA8  4E       N                   ld    c,(hl)
3DA9  47       G                   ld    b,a
3DAA  2054      T                  jr    nz,$+86
3DAC  4F       O                   ld    c,a
3DAD  4F       O                   ld    c,a
3DAE  204C      L                  jr    nz,$+78
3DB0  4F       O                   ld    c,a
3DB1  4E       N                   ld    c,(hl)
3DB2  47       G                   ld    b,a
3DB3  C64F     .O                  add   a,0x4F
3DB5  52       R                   ld    d,d
3DB6  4D       M                   ld    c,l
3DB7  55       U                   ld    d,l
3DB8  4C       L                   ld    c,h
3DB9  41       A                   ld    b,c
3DBA  2054      T                  jr    nz,$+86
3DBC  4F       O                   ld    c,a
3DBD  4F       O                   ld    c,a
3DBE  2043      C                  jr    nz,$+69
3DC0  4F       O                   ld    c,a
3DC1  4D       M                   ld    c,l
3DC2  50       P                   ld    d,b
3DC3  4C       L                   ld    c,h
3DC4  45       E                   ld    b,l
3DC5  58       X                   ld    e,b
3DC6  C3414E   .AN                 jp    0x4E41
3DC9  27       '                   daa   
3DCA  54       T                   ld    d,h
3DCB  2043      C                  jr    nz,$+69
3DCD  4F       O                   ld    c,a
3DCE  4E       N                   ld    c,(hl)
3DCF  54       T                   ld    d,h
3DD0  CE4F     .O                  adc   a,0x4F
3DD2  2052      R                  jr    nz,$+84
3DD4  45       E                   ld    b,l
3DD5  53       S                   ld    d,e
3DD6  55       U                   ld    d,l
3DD7  4D       M                   ld    c,l
3DD8  45       E                   ld    b,l
3DD9  D24553   .ES                 jp    nc,0x5345
3DDC  55       U                   ld    d,l
3DDD  4D       M                   ld    c,l
3DDE  45       E                   ld    b,l
3DDF  2057      W                  jr    nz,$+89
3DE1  49       I                   ld    c,c
3DE2  54       T                   ld    d,h
3DE3  48       H                   ld    c,b
3DE4  4F       O                   ld    c,a
3DE5  55       U                   ld    d,l
3DE6  54       T                   ld    d,h
3DE7  D5       .                   push  de
3DE8  4E       N                   ld    c,(hl)
3DE9  50       P                   ld    d,b
3DEA  52       R                   ld    d,d
3DEB  49       I                   ld    c,c
3DEC  4E       N                   ld    c,(hl)
3DED  54       T                   ld    d,h
3DEE  41       A                   ld    b,c
3DEF  42       B                   ld    b,d
3DF0  4C       L                   ld    c,h
3DF1  45       E                   ld    b,l
3DF2  CD4953   .IS                 call  0x5349
3DF5  53       S                   ld    d,e
3DF6  49       I                   ld    c,c
3DF7  4E       N                   ld    c,(hl)
3DF8  47       G                   ld    b,a
3DF9  204F      O                  jr    nz,$+81
3DFB  50       P                   ld    d,b
3DFC  45       E                   ld    b,l
3DFD  52       R                   ld    d,d
3DFE  41       A                   ld    b,c
3DFF  4E       N                   ld    c,(hl)
3E00  44       D                   ld    b,h
3E01  C24144   .AD                 jp    nz,0x4441
3E04  2046      F                  jr    nz,$+72
3E06  49       I                   ld    c,c
3E07  4C       L                   ld    c,h
3E08  45       E                   ld    b,l
3E09  2044      D                  jr    nz,$+70
3E0B  41       A                   ld    b,c
3E0C  54       T                   ld    d,h
3E0D  41       A                   ld    b,c
3E0E  C44953   .IS                 call  nz,0x5349
3E11  4B       K                   ld    c,e
3E12  2043      C                  jr    nz,$+69
3E14  4F       O                   ld    c,a
3E15  4D       M                   ld    c,l
3E16  4D       M                   ld    c,l
3E17  41       A                   ld    b,c
3E18  4E       N                   ld    c,(hl)
3E19  44       D                   ld    b,h
3E1A  3F       ?                   ccf   
3E1B  53       S                   ld    d,e
3E1C  59       Y                   ld    e,c
3E1D  4E       N                   ld    c,(hl)
3E1E  54       T                   ld    d,h
3E1F  41       A                   ld    b,c
3E20  58       X                   ld    e,b
3E21  2045      E                  jr    nz,$+71
3E23  52       R                   ld    d,d
3E24  52       R                   ld    d,d
3E25  4F       O                   ld    c,a
3E26  52       R                   ld    d,d
3E27  0D       .                   dec   c
3E28  00       .                   nop   
3E29  7E       ~                   ld    a,(hl)
3E2A  B7       .                   or    a
3E2B  2007      .                  jr    nz,$+9
3E2D  3E20     >                   ld    a,0x20
3E2F  77       w                   ld    (hl),a
3E30  23       #                   inc   hl
3E31  AF       .                   xor   a
3E32  77       w                   ld    (hl),a
3E33  2B       +                   dec   hl
3E34  2B       +                   dec   hl
3E35  F1       .                   pop   af
3E36  C9       .                   ret   
3E37  327D78   2}x                 ld    (0x787D),a
3E3A  3E10     >.                  ld    a,0x10
3E3C  324678   2Fx                 ld    (0x7846),a
3E3F  C9       .                   ret   
3E40  7E       ~                   ld    a,(hl)
3E41  CB77     .w                  bit   6,a
3E43  2805     (.                  jr    z,$+7
3E45  FE80     ..                  cp    0x80
3E47  DA5D3E   .]>                 jp    c,0x3E5D
3E4A  C1       .                   pop   bc
3E4B  11533E   .S>                 ld    de,0x3E53
3E4E  D5       .                   push  de
3E4F  C5       .                   push  bc
3E50  C30205   ...                 jp    0x0502
3E53  D8       .                   ret   c
3E54  211A3E   !.>                 ld    hl,0x3E1A
3E57  CDA728   ..(                 call  OUTSTR
3E5A  C3E303   ...                 jp    0x03E3
3E5D  FE62     .b                  cp    0x62
3E5F  2039      9                  jr    nz,$+59
3E61  E6BF     ..                  and   0xBF
3E63  12       .                   ld    (de),a
3E64  23       #                   inc   hl
3E65  13       .                   inc   de
3E66  05       .                   dec   b
3E67  CAEE04   ...                 jp    z,0x04EE
3E6A  7E       ~                   ld    a,(hl)
3E6B  CB7F     ..                  bit   7,a
3E6D  2006      .                  jr    nz,$+8
3E6F  CB77     .w                  bit   6,a
3E71  200C      .                  jr    nz,$+14
3E73  1806     ..                  jr    $+8
3E75  E68F     ..                  and   0x8F
3E77  F680     ..                  or    0x80
3E79  1817     ..                  jr    $+25
3E7B  F6C0     ..                  or    0xC0
3E7D  1813     ..                  jr    $+21
3E7F  FE62     .b                  cp    0x62
3E81  2009      .                  jr    nz,$+11
3E83  E5       .                   push  hl
3E84  213978   !9x                 ld    hl,0x7839
3E87  CB66     .f                  bit   4,(hl)
3E89  E1       .                   pop   hl
3E8A  280E     (.                  jr    z,$+16
3E8C  CB6F     .o                  bit   5,a
3E8E  2802     (.                  jr    z,$+4
3E90  E6BF     ..                  and   0xBF
3E92  12       .                   ld    (de),a
3E93  23       #                   inc   hl
3E94  13       .                   inc   de
3E95  10D3     ..                  djnz  $-43
3E97  C3EE04   ...                 jp    0x04EE
3E9A  CB6F     .o                  bit   5,a
3E9C  2802     (.                  jr    z,$+4
3E9E  E6BF     ..                  and   0xBF
3EA0  12       .                   ld    (de),a
3EA1  23       #                   inc   hl
3EA2  13       .                   inc   de
3EA3  109B     ..                  djnz  $-99
3EA5  C3EE04   ...                 jp    0x04EE
3EA8  3A1878   :.x                 ld    a,(0x7818)
3EAB  B7       .                   or    a
3EAC  C2B804   ...                 jp    nz,0x04B8
3EAF  C36A3E   .j>                 jp    0x3E6A
3EB2  3A1878   :.x                 ld    a,(0x7818)
3EB5  B7       .                   or    a
3EB6  2003      .                  jr    nz,$+5
3EB8  CBB6     ..                  res   6,(hl)
3EBA  C9       .                   ret   
3EBB  CBF6     ..                  set   6,(hl)
3EBD  C9       .                   ret   
3EBE  3A1878   :.x                 ld    a,(0x7818)
3EC1  B7       .                   or    a
3EC2  3E20     >                   ld    a,0x20
3EC4  2002      .                  jr    nz,$+4
3EC6  F640     .@                  or    0x40
3EC8  77       w                   ld    (hl),a
3EC9  C9       .                   ret   
3ECA  F5       .                   push  af
3ECB  3A1878   :.x                 ld    a,(0x7818)
3ECE  B7       .                   or    a
3ECF  2807     (.                  jr    z,$+9
3ED1  F1       .                   pop   af
3ED2  E63F     .?                  and   0x3F
3ED4  E5       .                   push  hl
3ED5  C3AB31   ..1                 jp    0x31AB
3ED8  F1       .                   pop   af
3ED9  F640     .@                  or    0x40
3EDB  E5       .                   push  hl
3EDC  213878   !8x                 ld    hl,0x7838
3EDF  CB4E     .N                  bit   1,(hl)
3EE1  E1       .                   pop   hl
3EE2  2802     (.                  jr    z,$+4
3EE4  E6BF     ..                  and   0xBF
3EE6  C3B531   ..1                 jp    0x31B5
3EE9  3A1878   :.x                 ld    a,(0x7818)
3EEC  B7       .                   or    a
3EED  7E       ~                   ld    a,(hl)
3EEE  2003      .                  jr    nz,$+5
3EF0  FE60     .`                  cp    0x60
3EF2  C9       .                   ret   
3EF3  FE20     .                   cp    0x20
3EF5  C9       .                   ret   
3EF6  3A1878   :.x                 ld    a,(0x7818)
3EF9  B7       .                   or    a
3EFA  3E20     >                   ld    a,0x20
3EFC  2002      .                  jr    nz,$+4
3EFE  F640     .@                  or    0x40
3F00  12       .                   ld    (de),a
3F01  C9       .                   ret   
3F02  0620     .                   ld    b,0x20
3F04  3A1878   :.x                 ld    a,(0x7818)
3F07  B7       .                   or    a
3F08  3E20     >                   ld    a,0x20
3F0A  C0       .                   ret   nz
3F0B  F640     .@                  or    0x40
3F0D  C9       .                   ret   
3F0E  11E071   ..q                 ld    de,0x71E0
3F11  3A1878   :.x                 ld    a,(0x7818)
3F14  B7       .                   or    a
3F15  C0       .                   ret   nz
3F16  F1       .                   pop   af
3F17  7E       ~                   ld    a,(hl)
3F18  B7       .                   or    a
3F19  C8       .                   ret   z
3F1A  CBB7     ..                  res   6,a
3F1C  12       .                   ld    (de),a
3F1D  13       .                   inc   de
3F1E  23       #                   inc   hl
3F1F  18F6     ..                  jr    $-8
3F21  3A1878   :.x                 ld    a,(0x7818)
3F24  B7       .                   or    a
3F25  7E       ~                   ld    a,(hl)
3F26  2007      .                  jr    nz,$+9
3F28  CBF7     ..                  set   6,a
3F2A  12       .                   ld    (de),a
3F2B  13       .                   inc   de
3F2C  3E7A     >z                  ld    a,0x7A
3F2E  C9       .                   ret   
3F2F  12       .                   ld    (de),a
3F30  3E3A     >:                  ld    a,0x3A
3F32  C9       .                   ret   
3F33  F5       .                   push  af
3F34  3A1878   :.x                 ld    a,(0x7818)
3F37  B7       .                   or    a
3F38  2005      .                  jr    nz,$+7
3F3A  F1       .                   pop   af
3F3B  F640     .@                  or    0x40
3F3D  12       .                   ld    (de),a
3F3E  C9       .                   ret   
3F3F  F1       .                   pop   af
3F40  E63F     .?                  and   0x3F
3F42  12       .                   ld    (de),a
3F43  C9       .                   ret   
3F44  F5       .                   push  af
3F45  3A1878   :.x                 ld    a,(0x7818)
3F48  B7       .                   or    a
3F49  2009      .                  jr    nz,$+11
3F4B  F1       .                   pop   af
3F4C  CB77     .w                  bit   6,a
3F4E  C23839   .89                 jp    nz,0x3938
3F51  C33139   .19                 jp    0x3931
3F54  F1       .                   pop   af
3F55  CB77     .w                  bit   6,a
3F57  CA3839   .89                 jp    z,0x3938
3F5A  C33139   .19                 jp    0x3931
3F5D  C33139   .19                 jp    0x3931
3F60  F5       .                   push  af
3F61  3A1878   :.x                 ld    a,(0x7818)
3F64  B7       .                   or    a
3F65  2006      .                  jr    nz,$+8
3F67  F1       .                   pop   af
3F68  E63F     .?                  and   0x3F
3F6A  C35431   .T1                 jp    0x3154
3F6D  F1       .                   pop   af
3F6E  E67F     ..                  and   0x7F
3F70  C35431   .T1                 jp    0x3154
3F73  CD7537   .u7                 call  0x3775
3F76  D0       .                   ret   nc
3F77  E1       .                   pop   hl
3F78  C31137   ..7                 jp    0x3711
3F7B  3A1978   :.x                 ld    a,(0x7819)
3F7E  47       G                   ld    b,a
3F7F  3A1878   :.x                 ld    a,(0x7818)
3F82  B8       .                   cp    b
3F83  CAE830   ..0                 jp    z,0x30E8
3F86  321978   2.x                 ld    (0x7819),a
3F89  210070   !.p                 ld    hl,0x7000
3F8C  010002   ...                 ld    bc,0x0200
3F8F  7E       ~                   ld    a,(hl)
3F90  B7       .                   or    a
3F91  FA973F   ..?                 jp    m,0x3F97
3F94  EE40     .@                  xor   0x40
3F96  77       w                   ld    (hl),a
3F97  23       #                   inc   hl
3F98  0B       .                   dec   bc
3F99  78       x                   ld    a,b
3F9A  B1       .                   or    c
3F9B  20F2      .                  jr    nz,$-12
3F9D  C3E830   ..0                 jp    0x30E8
3FA0  3AFD68   :.h                 ld    a,(0x68FD)
3FA3  CB57     .W                  bit   2,a
3FA5  3E20     >                   ld    a,0x20
3FA7  2008      .                  jr    nz,$+10
3FA9  F640     .@                  or    0x40
3FAB  321878   2.x                 ld    (0x7818),a
3FAE  321978   2.x                 ld    (0x7819),a
3FB1  323C78   2<x                 ld    (0x783C),a
3FB4  C3C901   ...                 jp    CLRSCR
3FB7  00       .                   nop   
3FB8  00       .                   nop   
3FB9  00       .                   nop   
3FBA  00       .                   nop   
3FBB  00       .                   nop   
3FBC  00       .                   nop   
3FBD  00       .                   nop   
3FBE  00       .                   nop   
3FBF  00       .                   nop   
3FC0  00       .                   nop   
3FC1  00       .                   nop   
3FC2  00       .                   nop   
3FC3  00       .                   nop   
3FC4  00       .                   nop   
3FC5  00       .                   nop   
3FC6  00       .                   nop   
3FC7  00       .                   nop   
3FC8  00       .                   nop   
3FC9  00       .                   nop   
3FCA  00       .                   nop   
3FCB  00       .                   nop   
3FCC  00       .                   nop   
3FCD  00       .                   nop   
3FCE  00       .                   nop   
3FCF  00       .                   nop   
3FD0  00       .                   nop   
3FD1  00       .                   nop   
3FD2  00       .                   nop   
3FD3  00       .                   nop   
3FD4  00       .                   nop   
3FD5  00       .                   nop   
3FD6  00       .                   nop   
3FD7  00       .                   nop   
3FD8  00       .                   nop   
3FD9  00       .                   nop   
3FDA  00       .                   nop   
3FDB  00       .                   nop   
3FDC  00       .                   nop   
3FDD  00       .                   nop   
3FDE  00       .                   nop   
3FDF  00       .                   nop   
3FE0  00       .                   nop   
3FE1  00       .                   nop   
3FE2  00       .                   nop   
3FE3  00       .                   nop   
3FE4  00       .                   nop   
3FE5  00       .                   nop   
3FE6  00       .                   nop   
3FE7  00       .                   nop   
3FE8  00       .                   nop   
3FE9  00       .                   nop   
3FEA  00       .                   nop   
3FEB  00       .                   nop   
3FEC  00       .                   nop   
3FED  00       .                   nop   
3FEE  00       .                   nop   
3FEF  00       .                   nop   
3FF0  FF       .                   rst   0x38
3FF1  FF       .                   rst   0x38
3FF2  FF       .                   rst   0x38
3FF3  FF       .                   rst   0x38
3FF4  FF       .                   rst   0x38
3FF5  FF       .                   rst   0x38
3FF6  FF       .                   rst   0x38
3FF7  FF       .                   rst   0x38
3FF8  FF       .                   rst   0x38
3FF9  FF       .                   rst   0x38
3FFA  FF       .                   rst   0x38
3FFB  FF       .                   rst   0x38
3FFC  FF       .                   rst   0x38
3FFD  FF       .                   rst   0x38
3FFE  FF       .                   rst   0x38
3FFF  FF       .                   rst   0x38
